,ID,sigma_0_short,sigma_0_long,Q_0,epsilon_short,epsilon_long
0,1.0,5.999999547538713,2.2123480558995943,8.077349900042226,0.06158398610304747,0.11248226556459964
1,3.0,1.1652623407319622,1.3220951302642323,5.381068278884827,0.026709295397569503,0.051557392110153796
2,4.0,1.0598896554137673,0.8494359390028619,4.234069608679554,0.1909596127845125,0.22512113124541683
3,6.0,0.7013780587131274,0.11436641827622733,6.283099950579129,0.3399231803542979,1.0836356619418163e-06
4,8.0,1.4923252157532148,1.048312030129226,6.143065560132736,0.1719794483691592,0.16970533992209977
5,9.0,2.3752898839082293,1.6733699135778473,7.411356049461899,0.2043343247331189,0.16249648944613984
6,10.0,0.8331100933460424,0.7095524420847429,4.2898882899582516,0.13247677745911812,0.03913048092815721
7,11.0,2.4715842277300295,1.182553645348735,5.306947730376705,0.04419144518300541,0.14141873500756694
8,12.0,2.249383267892713,1.7358115288108165,6.633813141868023,0.1536373358613912,0.13717046530366306
9,13.0,5.6924684901186655,2.1820113481354784,9.96017343340787,0.2036630357529924,0.15879698106790768
10,14.0,1.6019833247940074,1.4976545481473502,6.033276843500238,0.31908884488582295,0.32249645305834046
11,15.0,2.8246147607983736,1.4569998007209777,8.852679502542065,0.08026607899995639,0.18524396674579674
12,16.0,1.7659428351373514,1.2786616313973431,6.847988284463968,0.21700652498284748,0.3637889532505624
13,17.0,1.4416397887622765,1.3157142758295626,5.969375545090547,0.23070236617146686,0.14601830041476488
15,21.0,1.7095077065835347,1.1926407205935607,6.0911220874736625,0.017228188673828616,0.05553686326422116
16,23.0,1.8263859169174037,1.4102201024873928,7.4722526189506775,0.026839738222037928,0.06340753294239933
17,31.0,0.8879457409758245,0.8119510383542774,4.658028901139213,1.8346763077854017e-08,0.03610163256053011
18,35.0,0.5484080837014987,0.607141515321236,2.9827408019005954,0.031814487451138414,0.03829399073832802
19,38.0,1.300648639762422,3.600014951261763,4.726659724414925,0.03796057100777273,0.14028969722425408
20,39.0,0.8044123233302295,0.8218769610346697,3.9701755327421426,0.07101550558163375,0.05390364076811761
21,40.0,1.2247003413667878,1.2481132208507915,5.637453100820792,0.06958845914683441,0.07337959435331871
22,41.0,1.307507965621767,1.0366612350340008,6.502967754781685,1.515062336737971e-08,0.029725101631611277
24,44.0,1.875227704529615,1.756328961394691,7.762227001415663,0.03572274465251484,0.020508582928820556
25,46.0,1.2957992647176304,0.7826660066912899,6.9821348080594445,0.07223091203218532,0.17299212736065342
26,49.0,0.8143313555328944,0.7315496881713688,3.299153732587589,0.15250251750323568,0.08046151587456461
27,50.0,2.3431022679031304,2.1878604240594686,7.718709853919822,0.2083833437159046,0.20432503344212452
28,53.0,1.2102844068086118,1.2664505005918314,6.780603588597066,0.11703412816004417,0.03407267404655117
31,63.0,1.9027625955638514,1.2706009146292925,7.33225437942387,0.04958539753485912,0.026530359856543995
32,64.0,0.7020540585816533,0.40414511389585783,3.828876913462703,0.1489083717258125,0.0730230577100755
33,65.0,1.7172353791399375,1.4868419652148666,7.960841210531798,0.06952827031683395,0.12427131643215389
34,66.0,2.063315604606713,2.346381540627472,7.848647911243017,0.058108394813325324,0.11136367406584517
35,67.0,1.287634013484691,1.3272103918417357,6.0879122174713265,0.09158747890307292,0.14463422311236063
36,68.0,1.82752285151754,1.650959181480629,7.50296167335661,0.0866673161855831,0.0484578846082779
37,69.0,0.16940879996853755,0.18607255121932273,2.7673283492646052,0.10602325686771842,0.21134968068954155
38,71.0,5.081854827755154,1.6913004797597453,7.32960367320491,0.0359831808218683,0.08324941973584922
39,72.0,2.3276209847359617,0.6085136470854144,6.373381308213861,0.4047091009604805,0.34877026860549076
40,73.0,1.640407220234651,1.585974404592893,8.096323766549121,0.19546915568090562,0.19137550477999948
41,74.0,2.4988249700584326,2.026615349145264,8.102242216587126,0.1382048312426571,0.024629358817138448
42,75.0,0.6180030770800398,0.5621229186312631,5.070857134241876,2.0338850797689915e-07,1.7948976858872814e-07
44,77.0,0.5163028108331094,0.6675825453766295,1.2940256101963774,0.2689466568493875,0.13245754569135104
45,78.0,0.997835043645407,0.7674312414027045,3.9515125628155157,0.021155155141239182,0.12577702964292964
46,79.0,2.722359352703139,1.7706324901031896,8.27458893893967,0.08956655311127937,0.05134384321868339
47,80.0,2.002709618756364,2.589796978030438,6.173379397076149,0.04532561676181432,0.05078837853569966
48,81.0,2.336407753208884,2.038871230924704,8.505772614346911,0.09692686584231712,0.07353434831537953
49,83.0,1.604919219481486,1.2734462429558229,6.292240307009848,0.03353067322312257,0.060321500038815784
50,84.0,2.003700052037257,1.2183491200159262,8.095743538791499,0.10165131765671331,0.15271463975614413
51,85.0,0.579368538340538,5.999993899630214,4.152081963718545,0.2548596639334429,0.2517167996990837
52,86.0,1.9431897008421606,1.2595176748023638,5.777843948251803,0.12294818533476945,0.16752589333860662
53,87.0,5.999999813812496,1.6528130945529365,8.29959272224514,0.4999999912315386,0.45946043423499994
54,89.0,3.0515343726238267,1.7532112497895254,7.883433278447026,0.07150300869573746,0.13820449378608726
55,90.0,1.3155447028620637,2.210466442013094,5.597454490457618,0.01615564256496212,0.0017231991412656358
56,91.0,3.1663371496492854,2.458037944426284,8.078055347315228,0.09352845999455525,0.1880008404261643
57,93.0,0.6601909973255982,0.5478201676044242,3.6750839790779275,0.0522524324406567,0.14594398719211382
58,94.0,1.0943598880723282,1.85078621287017,6.629296838908732,0.19632540803857743,0.3307672246422854
59,95.0,2.219805873831874,0.9771091464198925,7.4240070321174905,0.18578563324543268,0.37315288030926624
60,97.0,1.0481311724828457,0.865281197115772,5.514622853707126,0.03183140963174955,1.0388291967247976e-08
62,100.0,5.999995332898072,2.1760507196998833,9.444058008853464,0.35194854757244204,0.31838007066993024
63,101.0,0.6304013991749452,0.5205416875674226,5.154295760243407,0.26448308384079217,0.08840870238622031
64,103.0,5.515911105395316,2.0459681295556096,9.999999945649284,0.04740944325199531,0.08047257596150241
65,105.0,1.8831547730762412,1.1006921196862092,6.789425214678954,1.8234984058100034e-08,0.0017902482488020553
66,106.0,1.2671664658939308,0.4819226150962797,5.307752167902524,0.1543887351923205,0.06118421610099601
67,107.0,0.6325989168576545,0.46069391790728975,4.229361352240376,0.199692660511724,0.12602207624562559
68,108.0,1.941995154294652,1.549314621893361,6.915255519242345,0.03640920566903923,0.05429320717632278
69,109.0,1.0693388774249617,1.1632150304535023,4.736453826528768,0.03661120086417487,0.07393474034061397
70,110.0,0.9677644598425715,1.2141582834678344,5.699278159823557,0.03976022350866109,0.12343122487519184
71,111.0,1.5009489763969017,1.2514540924171058,6.386007961910384,0.01739072040963839,0.09191519858700255
72,112.0,0.6665030421501195,0.7991642094116633,5.122916927254092,0.001265867924092033,1.9065716404120682e-08
74,114.0,1.1389217243524519,0.7378956063957807,5.074277064527214,0.01657411789570552,0.05111182266824452
75,115.0,5.1581658962695665,2.1353226989851346,8.498329215649322,0.12639246260450027,0.09937098308352234
76,116.0,1.2982342698920932,1.1701574895205098,6.864785037111957,0.04603329217507604,0.04142942219437566
77,117.0,0.9052963769584729,1.0258860068129645,5.204718235119714,0.28165703281876986,0.24952743622259463
78,118.0,0.9968154817320115,0.7321310636834425,4.812449629034483,0.11670222302435769,0.12429564193908893
79,119.0,2.3553132125986593,1.4484051849904298,7.488278502084554,0.07723791617649854,0.05369277817745008
80,120.0,1.7960169904794823,1.6343822931564178,7.769948443299575,0.04469889829849385,1.8674604469371548e-08
81,121.0,1.0625717188298247,1.298787122989366,5.15738571029376,0.011502166012451064,1.1836003276946e-08
82,122.0,0.9475669758601593,1.2242044525660796,5.660399940630601,0.19950172853841464,0.16532532517837767
83,123.0,0.9682187926613364,1.0713907726789036,6.095504523953318,0.0773906401835418,0.04612119201571766
84,125.0,1.7397236339925257,1.0765386307094944,5.381104495351551,0.13851593629491088,0.19037017134890893
85,127.0,1.6080934986778974,1.525983527807605,6.474091813905799,0.06363367485916561,0.10462908567546313
86,128.0,0.4169396270444226,0.44517284488135384,4.826603518017365,0.08856166059380573,0.037067517187635964
87,129.0,0.8631312680309472,0.44689382836145936,5.138973827690655,0.4450967964349691,0.4922961540732784
88,130.0,2.605516250369649,2.057791384780857,9.99999996012692,0.02815094140513578,0.0487729934085045
90,132.0,1.3746007693582345,1.1958049788405247,5.71317435401863,0.018596847878013245,0.020310277645358456
91,133.0,5.999999488615575,1.3332996192087216,7.67101667638621,0.07654429473363945,0.11922796131189602
92,134.0,1.994112401580021,1.3026591192823243,7.100159605170296,0.05008126393558951,0.09719731294668976
93,135.0,0.3892552560611443,0.3632418367841039,4.727512881314135,2.7537186440989096e-08,0.22349834388657686
94,136.0,1.5043039860790453,1.165472961952757,7.937588449656415,0.1832395141873649,0.18141313841501244
95,137.0,1.78748744840176,2.0767722347881543,7.58040377323614,0.0652353105148132,0.14438544065504696
96,138.0,1.2641707242775941,5.999999959183327,4.794704967286285,1.0248101160508716e-08,0.09231916770175089
97,139.0,1.6120133126885696,1.2758217777692253,7.6535634671599775,0.03528583156019873,0.07791521403182945
98,141.0,1.0685815958537954,5.999999941477008,4.333007229676005,0.08172406172875307,0.13085513600677245
99,142.0,1.5986310273059634,1.4619999976711204,6.925204388929071,0.09112117656933058,0.018575954383450284
100,143.0,1.5120734062677235,1.3298282287308087,6.662140856674909,0.03375579361740561,1.4505520075281248e-08
101,144.0,1.6288866698468156,1.573498402407353,6.116280215091593,0.1076427622599887,0.1438954389369983
103,147.0,0.4324055685010561,0.21605734173688826,4.781126800730073,0.03972681662965339,6.832787935132968e-05
104,148.0,2.476003533505515,1.6367987154240717,7.039150490196292,0.09687959514248692,0.3856793662056239
105,149.0,0.3226656981406334,0.15039201335146296,4.353513041644942,0.14012474418404872,5.7222054498051083e-08
106,150.0,0.47455013718153677,5.999999849478171,4.072049710111714,0.2816155651262522,0.38870720547289406
107,152.0,0.8688415055247989,0.8981524168529682,3.9175741590613034,0.05362994968172965,0.24141688999841793
108,153.0,1.2392220036256483,1.3486694858036832,3.8061938785634175,0.014409842878275105,1.0347712008638555e-08
109,154.0,1.6980620891928364,1.437893337387106,6.660026446377304,0.03836188892150491,0.062498427104443005
110,155.0,1.369919697199613,1.1482928207180447,7.0014046482432875,0.17912959399544695,0.14917242359355462
111,156.0,1.0720417243393985,1.3134234630534076,6.544185549812573,0.1534487734831409,0.10875772685020466
112,157.0,1.0725627146113332,5.999999690281859,5.310212457487147,0.01875506567074739,0.09858087057308712
113,158.0,2.0597440200381905,3.0238489421935584,6.380463171816795,0.09161065583737582,0.044766808897210485
114,159.0,1.3653064117981848,1.6263975037734673,5.2484430303036085,0.06963282020730889,0.18567942412723382
115,160.0,0.9457949907011067,0.9751050472880587,5.76914779295772,0.0062351186531843005,0.052214068168962756
116,161.0,2.275049285210752,1.5996353664787073,8.381981012268604,0.288814466067329,0.1979883546123546
117,162.0,5.999998953258966,1.993260193478548,8.835366605562294,0.390050251310321,0.055615867921424894
121,166.0,1.4856458640160988,1.280276319411646,5.954714429670436,0.14132765753846965,0.12634787710276066
122,167.0,4.933820581870281,2.3837418246832143,9.090994445041963,0.1071196358399484,0.06830698019361747
123,168.0,0.462914654390634,0.5212548628945969,5.392584204388472,0.0692494705680518,0.048677854363424214
126,172.0,1.0609629878364686,1.1896076127991675,5.9306912055097065,0.014298278971580734,1.0220822921267053e-08
128,176.0,1.475355397478754,0.9717118249259106,6.10671690756836,0.03666085663328249,0.0005643044060646775
130,178.0,1.9555910157967262,1.7135284301030422,7.594668340144778,0.2211656625590573,0.19155112133831187
131,179.0,1.096762670035425,1.9279404363423005,4.8804147249384595,0.023916067870649104,0.052307896866879554
132,180.0,0.5781131272768083,0.6737894139288793,5.214315953092072,0.0681328906858381,0.20394320358523557
133,184.0,1.1393442955430393,0.8978504685830714,6.0404759126537435,1.1171163387796673e-08,0.007277653075587589
134,185.0,1.1022826408287874,1.0780547726647836,5.912281723492164,0.023587802795910377,1.0223453174183859e-08
135,186.0,1.4243808423733704,1.3068140352970556,6.0711925799713615,0.04510417620045304,0.04995404910610002
136,187.0,0.6210801313031494,5.999999787185639,4.272189163508281,0.01868010427848216,0.13067125143365574
138,189.0,2.5603748605627876,2.055586502771633,9.055992189932034,0.04806383431959726,0.10935107294203127
139,190.0,0.8527033701242023,4.565153619473989,4.659439188888078,0.0327673241887878,0.11064108694398579
140,191.0,3.01643335683521,2.002117459858359,9.404113821705176,0.07037722568016176,0.08225211664505666
141,192.0,0.5146276377608603,0.5307624090883917,3.530843170396319,0.15041380309181826,0.05319771154169961
142,193.0,0.9992583171231595,4.631934898535756,4.20996607233438,0.06804519481761737,0.07037990844409785
143,194.0,2.6483642922490644,0.6691735504925956,4.897883768778815,0.3736712616449042,0.2278640849438238
144,195.0,0.8025699404375684,0.7583463961835674,5.60785106260683,0.03706694378739287,1.704546030044614e-08
145,196.0,0.38044303514866235,1.1098954853637708,5.8882717891763106,0.22287927974954216,0.3447306528355796
146,197.0,1.7166203681547623,2.0876698615064155,6.270769335744679,0.15675975389480606,0.24894519920456518
148,201.0,1.4578116932170597,1.2142190893397655,6.224019598300781,0.03142680782150347,0.08427565017329398
149,202.0,0.9816304344095351,0.539900719641977,3.049537162292756,0.06195319179874117,0.10742724763430138
150,204.0,1.0840840958457088,0.7161943037770879,3.954708347700139,0.18376497503350323,0.2818553979090976
151,205.0,0.48666616208356805,0.33692091454262296,5.7109116933282,0.009087341368088574,0.015560318155946136
152,206.0,2.621162859195337,2.083216693797266,9.999999992809983,0.13271929864954718,0.2132325088547327
153,208.0,3.8400234425779916,1.6915171029634684,8.291628085824048,0.05333270910995027,0.10365068045348981
155,213.0,1.0996887878954997,1.0457801631189025,6.398901575781555,0.02657653054207203,0.04416205121256895
156,214.0,0.7118382767830413,0.6231391390725652,4.108857557125808,0.03713602094052651,0.21332836328004276
157,215.0,2.374674125648061,2.1162037385145225,9.99999994669139,0.08462555796266498,0.06291092866804344
158,216.0,0.7374689485007168,0.8288208068942138,5.0422247999869665,0.09628931582269608,0.11497676735287567
159,217.0,0.3883243455565335,0.1262792720218821,3.174714351060129,1.1099988548388661e-08,2.7659009235428178e-08
160,220.0,1.6173669873793528,1.212912331623357,6.611242488110999,0.03657013508292222,0.0735405003929594
161,223.0,5.209858601036347,2.6023009445823106,9.463092074467617,0.18613209776386078,0.19695172630252178
162,224.0,1.2786350720973183,1.0507045356940854,7.332922589984285,0.1814819496317625,0.13195168987944575
164,226.0,1.5080506722212763,1.361278183894946,6.915235924889926,0.2816115780553816,0.19376309437768913
165,227.0,1.4335536753277176,1.1653199837087136,6.338629768242972,0.00896318024881219,0.02504506803147331
166,229.0,0.6197240097619098,5.999999939229648,4.0349151406558414,1.1644045104907104e-08,2.688035694764761e-08
167,230.0,0.9466265229171766,1.0554063671051654,7.565753844400817,0.35251072697864655,0.3319145757896889
168,231.0,1.132920272535457,5.9999995863865,5.164662083808948,0.03138708603515128,0.11236392183800663
169,232.0,0.8489775358275605,0.9137275816242961,5.750609530248898,0.016579363627094838,0.09242157149701127
170,233.0,1.7459294755126646,1.612512875387015,5.765143890051833,0.15013579337021954,0.1509517952547218
171,234.0,1.1360531611906075,0.7539961231467245,1.902781290047456,0.2506333744907901,0.15686897878835718
172,236.0,1.076243544739747,1.7618193723395366,4.045431925911278,1.1165788131566138e-08,1.2194677252367684e-08
173,237.0,3.752359199181707,2.1952971932883045,6.759447035851735,0.19091775137196257,0.23442912137689761
174,238.0,1.462851846002639,1.7975638152901214,6.025367996377057,0.08036972840618352,0.07377095816932791
175,239.0,0.4511565776975444,1.1668036369051267,5.558467640994198,0.4944444824081225,0.4999999987275053
176,240.0,1.6203710389165098,1.0699791227737807,6.363737716570906,0.0560453645108604,0.042664400212263004
178,243.0,1.462851846002639,1.7975638152901214,6.025367996377057,0.08036972840618352,0.07377095816932791
179,244.0,1.0630105428145893,1.1775309525744928,5.414937218991427,0.03165866986545774,0.0880959700862929
183,248.0,1.8381358067923415,1.58809709871542,7.362374995963354,0.05359532416440746,0.07514318015897532
184,249.0,1.0749196877620946,1.1887096839758924,6.609833266236969,0.49999998441203963,0.4999999760229788
185,251.0,0.8670863043500815,1.4323539201071427,3.8176814547587163,1.240120780055732e-08,0.046013111657395564
186,252.0,0.8586053608771036,5.999998801950749,3.276091009798949,1.620582996129563e-08,0.13726856873720655
187,253.0,0.6225869832141814,0.541334209630688,5.601599575472251,0.2997344002514835,0.30291741570900416
188,255.0,1.085389113042153,1.4920504733528908,6.351548650323107,0.03994544309668601,0.04246920475521764
189,256.0,1.4005358101739336,3.2391369513994235,6.092598521325622,0.06390444708632763,0.13000054574384132
190,259.0,0.9881570176855226,1.9804963828086017,5.751900425379895,0.06720342171294051,0.07912171108699625
191,260.0,4.427793739110962,2.3943364774385296,9.20950031147235,0.049068293926960674,0.0721584794478535
192,261.0,1.2435382194541262,1.1213658228144765,6.449185460110402,0.05296217580521016,0.06860378779491777
194,263.0,1.011444384198249,1.0056961693737234,5.406633680475846,0.09257126958188201,0.15700010217487323
195,264.0,1.1080353249284383,1.0847581469397158,6.219481640153526,0.10824345882053471,0.06468344245934057
196,265.0,0.8379431966467296,0.7111884241383373,4.391718322227911,0.07113483430545253,0.16557031954879717
197,268.0,2.7837290197207354,1.5431104531942101,8.734216272364222,0.047827927740294554,0.05592210203990219
198,269.0,5.421932134642471,2.4018865147503417,9.999999103118462,0.0735108945267549,0.052585826203442515
199,270.0,1.5446238221203659,1.5639258690708857,7.265856251626233,0.18017244977257843,0.19929447230814282
200,272.0,0.5683489718351863,0.6717194307859088,4.659059053135154,0.09321130382008516,0.20567646005532284
201,273.0,5.194796798695554,1.8750158789380773,8.880877269104294,0.04929478856180411,0.08849825571486374
202,274.0,3.935463775509078,1.99157094313477,9.029874349143675,0.018770882967196686,0.0034534300810619453
203,276.0,1.1631572577684675,1.1667649326446292,6.66839818292891,0.020462587921996827,0.04093803557071275
204,277.0,1.507065806335783,2.5353964742234454,6.151935897082381,0.04460495009767346,0.03854885447708417
206,279.0,2.199534789750067,1.5450982582357113,7.1255801106297705,0.04399630260616919,0.0375976844981973
207,280.0,1.1859524289041479,4.864043961727168,5.701115286096086,1.2830399675098419e-08,0.027646393665136233
208,281.0,2.133228083336464,1.2411729511388307,7.647133296135282,0.09452046956352803,0.011651047305738543
209,282.0,1.2627275472661386,0.06975721318556465,6.463460472680902,0.49999992272804694,3.640684599117095e-06
210,283.0,2.1531203120912634,1.9936342745350937,8.499306446370088,0.23265886020385995,0.0719483960493382
212,285.0,0.46403158908665953,0.3993512380244934,3.5955544498343093,0.28160864781261086,0.2625965138661905
213,286.0,0.7244600002559106,5.999999852940014,4.297814605639563,1.8427747461934427e-08,0.21380743205628872
214,287.0,1.3157637485411415,1.9953115864925108,3.553838345155273,0.025928841896827183,0.06264342142471255
216,289.0,2.208494379311902,1.2508745344574725,8.556278734593127,0.09952992918794698,0.1405441282497851
217,290.0,0.8586053608771036,5.999998801950749,3.276091009798949,1.620582996129563e-08,0.13726856873720655
218,291.0,0.4762332009380139,0.37213929394209194,5.489530950316496,0.06594395222072186,0.04942916180478657
219,292.0,3.846081507215407,2.2758039556820133,7.456194408931914,0.05591975392116469,0.05291414228616398
220,293.0,2.5996059575160073,2.5875726452230703,9.999999980538952,0.1296023683349377,0.06279371038978508
221,294.0,4.855502614859828,2.267247362056811,9.999999974689375,0.24682186318788607,0.13814314399338903
222,295.0,0.9109545680667835,4.718487467787677,5.189850759670798,0.026938585521392753,0.0465424752317887
223,296.0,0.4874639897561834,0.5882085259955251,4.327681351366198,0.021927558416790654,0.03893824866701525
224,297.0,3.320708656175937,2.086871813731346,9.079465512327175,0.004501003208974257,0.09227666409316441
225,298.0,2.1143862339451935,2.6957654862149663,9.99999998137759,0.016799289678627483,0.04224557793178232
226,299.0,1.2237056228223528,0.9706919666745127,7.029824416170228,0.1880700715076671,0.22885084762108993
227,300.0,4.3314363398169045,2.3205531152432193,9.999999921024758,1.5871492422200385e-08,1.963748680513355e-08
229,302.0,1.9093862015603165,1.1679332706861338,6.485663988293632,0.0909669966568683,0.05310561906690995
230,303.0,0.9843884441441234,1.6354302598445178,5.754636888427837,0.13602890305049073,0.18469902198631094
231,304.0,3.8032947297869946,1.5584881390104617,7.335880392225172,0.03742767779038867,0.07245292224042035
232,305.0,2.9684697852801016,0.16883346757780746,9.999999988452739,0.08247925321115263,0.14982239969339753
233,306.0,1.4476859555672104,1.244810298942158,7.069836667703256,0.15860209467698455,0.2761300252807644
234,307.0,1.0985503746575664,0.8047471514554229,4.524684139561263,0.18266241140921397,0.3147516846885861
235,308.0,1.926320025906137,1.8004259189040346,5.932749001026525,0.07862426155440447,0.12761573830785902
236,309.0,1.0859108466065404,4.24197695478032,5.097783201302737,0.018610747362807253,0.0298501519236758
237,310.0,4.752533420522307,2.2033446753474686,9.451725829831439,0.08751447271751163,1.5986193048237094e-08
238,311.0,0.17127497303376688,0.37434755320977464,4.261732592904665,0.33528625459046696,0.4173657217124608
239,312.0,1.0376135093146026,0.292659442772233,3.984268554090094,0.48426672041422403,0.29166027573261877
241,314.0,2.8409411542847853,2.40603696444719,9.281188958379332,0.08225257838278993,0.0952405011398261
242,315.0,0.8753864043754375,0.7868946028702638,4.9755324045647225,0.07537865342532916,0.017160554076284428
243,316.0,0.9484748396534256,3.124733897574312,4.322459540747464,0.04627250488026999,0.03671928854527772
244,318.0,0.8621840222577268,1.2674121750775322,6.255278204883083,0.392488736592764,0.35759943072429284
245,319.0,5.999973070732343,2.3962198767200236,8.328110242919891,0.13284318476046722,0.105257515063833
246,320.0,5.666776202231049,1.4901983206672993,8.000331473707831,0.04316772591104255,0.05446443509617023
247,321.0,1.8222221454485645,1.8561976571897794,7.117175306702182,0.03111322191648901,1.1065608192101443e-08
248,322.0,1.4557784581832527,0.6975773341026832,6.488065681564194,0.4198224349004061,0.49999906292489316
249,324.0,5.999999855811516,2.0373445917159936,7.894237020199524,0.06150872310047705,0.06895085333087578
250,325.0,1.7403444846784049,1.588176851803689,6.826621214398696,0.09053482277628161,0.15524707360435053
251,326.0,1.0380158793737453,1.3257747858631583,5.0856491731699895,1.5179712414988303e-08,0.03302285070595853
252,327.0,0.851080108935223,0.9538275849422093,5.665485530261566,0.19389988076727313,0.2662906016673045
253,328.0,1.8728593148105903,1.7633609260905743,6.400949760338012,0.11138511088121021,0.054835752371109665
254,329.0,3.393606285966577,1.4287818812813007,8.819475350841042,1.2494738084081384e-08,0.07311976138847194
255,330.0,5.999999918033944,0.9862215167180901,8.129395237641011,0.04636541220700451,0.07579106792640807
256,331.0,2.5953114333278062,0.11411537323315829,6.268400954286308,0.4999999904421532,0.49999840857000466
257,333.0,1.634267669389407,1.0454049127060379,7.263971028275401,0.20239515716144857,0.2564780432393916
258,334.0,0.7924494889243037,0.7679649449937587,5.66095428665868,1.3314973426502693e-08,0.10972299294391895
259,335.0,0.9620368240132986,0.9321426450089604,3.156022719481257,0.06501880041079498,0.06291565038647558
260,336.0,0.9628375677012464,5.999999981403098,3.205392126294175,0.04806322054270277,0.392226298195948
261,337.0,1.8486368112310625,2.1661963987807833,5.4935403042084525,0.01489741209207065,0.0635005357890657
262,338.0,1.2565813039541183,1.329977126019611,6.2407008313935615,0.3532378413979455,0.3507695829632326
263,339.0,0.642545268095305,0.547562381022983,4.076722574734172,0.19597757413871675,0.10020134482334948
264,340.0,1.478494354789919,1.169759546284336,7.135881854253768,0.1601085642937033,0.17730609160783
265,341.0,1.1339839391087116,0.141335181793934,5.1617193001921,0.03702875967461428,1.2223327342946824e-06
266,342.0,1.2927143558543408,0.7460922117055374,6.809254264495634,0.0778456293555333,0.07283712042961389
267,343.0,1.4212950662545552,1.2088180754520672,6.551210314177286,0.02674377164366105,0.012531106372650218
268,344.0,1.8681552190125554,1.4197635101879695,7.602051663983456,0.11079309824521079,0.0741498059591352
269,345.0,1.402779332572018,1.506290925879313,5.160151161717698,0.047332784753955304,0.09146390574103422
270,346.0,2.2539088069519653,1.4357266946499747,7.024950117668604,0.15822394271633766,0.15542719550068146
271,347.0,1.9999731864826273,2.0478908313166433,9.99999999372531,0.19327244053002907,0.2764382094337064
272,348.0,3.3432196921181965,1.6769397932281527,7.625048983131071,0.11465212864311002,0.13532225217477384
273,349.0,1.1832215998783902,1.5320839575794316,4.348806881927261,0.20812815074662716,0.19104026720657605
274,350.0,1.2301705890497445,1.567300742341186,6.863224136907065,0.00910265673909625,0.02567184578571134
275,351.0,3.422016783059146,4.121301935901992,9.772841616839116,0.046402044012934705,0.03565939565223677
276,353.0,1.2086208318650626,1.4133176229300792,6.686885651513983,0.1114471932403569,0.19051896886675398
277,354.0,2.0972172057522,1.8267270822039365,7.689414001316838,0.03576055461210407,0.057010082557232764
278,355.0,1.7312809625637815,1.2000494413189506,7.82675244670764,0.31895455110257753,0.2790078254272877
279,357.0,2.9245602802896733,2.6534451185196084,9.999999732190286,0.13976564023359647,0.029413536511793154
280,358.0,0.7579766186777619,2.336648293743023,4.200849027745898,0.17266219634209423,0.31819464814729403
282,360.0,1.1678964572482244,0.9994261539826221,5.908870215878063,0.022502939004126764,1.2712609439904904e-08
283,362.0,0.7731422356385576,0.6581098226115915,2.9290759145585543,0.1484392621005846,0.1518199978585285
284,363.0,2.611976879725619,2.309067486639939,9.999999995809995,0.0281066991170613,1.0307942884617331e-08
285,364.0,1.9871549166260565,1.6324411780723593,7.430210883969662,0.0692379692541036,0.05813889780493798
286,365.0,1.4585655459204887,1.1121303015530641,7.2312368758553935,0.09448731947639871,0.1818961759975201
287,366.0,1.2930832722112133,1.080727721021954,6.194115368469616,0.08672073091764726,0.019287101311701797
288,368.0,0.6011347643366091,5.9477545918886205,3.8450611686324003,0.13251719111404997,0.3185775623990151
289,370.0,1.4321331366275334,1.533308730978196,6.212536845030738,0.19388182151552427,0.1493489475344198
290,371.0,0.9344802508700373,1.6785726562142658,4.426981413928693,0.02143163260439342,0.05734693925435102
291,372.0,2.5680379293892104,1.5838929474372092,9.069888049778987,0.18265710178290048,0.11064483122917197
292,373.0,2.028798248220311,2.04718481946969,7.800856598206493,0.04486352055058883,0.006710108567544907
293,374.0,2.505145046699471,1.8927139904205779,8.768451531006347,0.06897582218490149,0.04298397673001727
294,375.0,5.521087341719579,2.6549610894992752,9.92239306862843,0.1108876205474371,0.15707716036547292
295,376.0,1.3680897374724055,1.5103301069819846,5.953703868336512,0.04389725631026029,0.033898471721805115
296,377.0,2.514672807491003,1.966281915000922,9.99999998365896,0.1153037858702414,0.19072039045763062
297,378.0,1.3201365256272473,1.0852723275982663,5.499700247574836,1.2365102172128945e-08,0.05168096568492313
298,380.0,2.813865500547212,3.1778297669670517,7.672474074773274,0.2825287451175505,0.3509888066899991
299,381.0,3.2259755303948197,2.882707537166202,8.47508732007858,0.07221174586484297,0.16137810675908362
300,382.0,5.999999816823665,1.719138802526649,7.740863115423237,0.05612746478115228,1.5151169546877272e-08
301,383.0,3.0505298172976043,1.6174603466229993,7.254082964647939,0.17153529684693808,0.10767464129541421
302,384.0,0.7762529164416886,0.8867124508551204,5.474944902519859,0.018839709296604126,0.03965978718452205
303,385.0,0.8935251930646938,0.7677560214526036,1.206535002211072,0.04218861761142361,0.061105974246276513
305,387.0,2.0027908013394504,1.6269911121604177,7.286702356447574,0.05410695257338034,0.012812100888876948
306,388.0,0.6149625917466234,0.9621974403564924,5.052769359774002,0.04820186741775635,0.07944867847763358
307,389.0,4.047756506871719,1.766031691557587,7.097262673261785,0.29275517141837903,0.15608282074886556
308,390.0,0.5759517872955556,0.8890237793399011,5.900834734009954,0.28942494291577997,0.2957423198958092
309,391.0,4.155040876316551,2.1264708454123835,7.4481542443727,0.10999811404953122,0.08093142428982249
310,392.0,1.3997935019465308,1.1953415077525498,5.479616968478246,0.03335078573098509,0.004616740737101626
312,394.0,0.5204324080865531,0.8188218787021629,1.000004156688533,0.2710783652186129,0.29915571448589257
313,396.0,1.722288821189537,1.706535644381384,8.27762918753864,0.08211290475383948,0.09458984392386294
314,397.0,1.6621081310505663,1.648133871295473,6.2390380049207455,0.02019794882949964,1.620281515463981e-08
315,399.0,0.7058304460548506,0.7810456405457157,4.130496868708659,0.1292335219267043,0.11363745044546601
316,400.0,1.4011844258361164,1.9618297349192297,6.079557686645816,0.2321353536398126,0.3240623492461737
317,402.0,1.389143180788673,2.4287889371459634,6.203865261568139,0.04015900085783028,0.09946707988095471
318,403.0,1.051973719745276,1.2138631276389282,5.361298424414663,1.231377497805882e-08,1.1171977403262842e-08
319,405.0,5.999991202454392,1.6881765596962925,7.548463986718887,0.06013506202171094,0.036575736824150974
320,406.0,2.3263625639268652,1.1248651211853486,7.090148667970618,0.04839526574399015,0.07503632802828226
321,407.0,0.5064883429768655,1.0678534162308675,4.712769164723134,1.2031233111258853e-08,0.17019129755596268
322,408.0,1.075186124911554,1.4258975517382175,4.075641926183925,0.025519977049603453,0.04667283428457512
323,409.0,1.1513754434905412,5.999999983089192,2.3844691233000828,0.027665841808684397,0.028482437100545654
324,410.0,1.0198617664792249,0.8204820689698721,5.833641215476489,0.05386714717219944,0.05975849839508963
325,412.0,1.885107957003022,3.315425376716102,2.477168747038536,1.6038483255032342e-08,0.018501668687343167
326,414.0,1.706440795980224,2.0281056908907815,5.756469990810194,0.0753338902677132,0.0697725994650943
327,416.0,1.417412749272368,1.391962455150001,6.243473603789888,0.019043354893367018,0.05702119655413376
328,418.0,1.3225953208808445,2.1442628329549014,7.16599238631662,0.15965918880408392,0.2290682845952712
329,419.0,2.7350443529454345,2.879753816928761,8.055422212142126,0.15878068646106908,0.26810709286190215
330,420.0,1.1247145719429026,0.9671864318217032,5.601554776895564,0.024530363380392245,1.028480886598753e-08
331,421.0,0.7917285800552873,5.993739139611052,4.691506076593758,0.3308570603135943,0.48327267600402246
332,422.0,0.8583777175664529,0.7751025743823917,6.465404457152436,0.16029331387914456,0.29404410062338
333,423.0,1.2065031446576024,1.347533619821521,3.4764854363217497,0.06594792684817459,0.061673764355485966
334,424.0,0.39798446250877545,0.28243311738111054,4.55150197622721,0.08165596017374159,0.051568631361630334
335,425.0,2.620786772561821,1.501742796818728,7.582312510467551,0.08860189536019729,0.02850127545979408
336,426.0,0.3260892923695693,0.4857822784585955,4.663100367446041,0.025958953831298537,1.0391523829598556e-08
337,427.0,1.8521949815684149,1.9490509657993504,7.020632026089365,0.033015994793139644,0.04358307117503273
339,429.0,5.999999370034741,1.1148345400690016,7.945830837258339,0.06673155844057956,0.03480647434805632
342,432.0,0.7098012503606806,1.1173623106890824,2.6947816702839367,0.3485653082379555,0.4802586013713167
343,433.0,3.0450185522334534,1.53878064581231,8.088337784906495,0.06949978581904058,0.058513074748267634
344,434.0,1.1517707964783193,5.999986055206165,4.083657618128413,0.07810739129680447,0.011991588291203044
345,435.0,1.7639354922869013,1.4002531408333092,6.2318808474288465,0.10354939273463847,0.05552233577093338
346,436.0,1.0624762411207855,0.5989887099557373,6.471308074678864,0.3580738371023488,0.38979322376840114
347,437.0,1.6033211782001315,1.9742408774860507,7.352191004553271,1.114165776374905e-08,0.03399465980394042
348,438.0,1.5551924460126116,1.6428756902169366,7.041773485653184,0.058937340053303144,0.07907926659297228
349,439.0,3.709181867656199,0.6590592247513459,8.934487143819226,0.13564375715271457,0.1891830285312941
350,440.0,3.023424627502052,1.2930483607058127,7.155244159169006,0.20786242570396718,0.36058684474447183
351,441.0,1.5787204075917902,1.4380690742447706,6.1873222791088365,0.024147941610166576,0.02788991659431383
352,442.0,2.808298409199727,1.9378421174345648,7.915287840890508,0.05834308355841405,0.07617926530387256
353,443.0,1.298377598083149,5.99999778417432,4.3375804030278475,0.030579640891814867,0.07009959012267698
354,444.0,2.31421941920535,1.8165798737696526,8.623475112698806,0.12014729209289306,0.21776209584019324
355,445.0,1.3913242208635745,1.2782142509850145,7.513815306246809,0.018275685022273003,0.11127200361261319
356,446.0,1.101818035736579,1.4423654104358283,5.645665581040166,0.07455959858072342,0.08329471405801459
357,447.0,0.32423029560718974,0.38066748088189695,4.422529754398684,0.2556725125278493,0.3746602422339915
358,448.0,1.9581433583199392,1.5119430071345614,6.702937670903378,0.05391368638620241,0.03966719662811508
359,449.0,0.6778800107026701,0.37542221808796267,5.150514416275409,0.12432916354075596,0.3234203111065308
360,450.0,1.6130335881932774,0.8468685322251097,7.177143667401916,0.04969428067646612,0.10247712442852325
361,451.0,0.7254727283839152,1.815439205522648,4.603968426633648,0.2595546457732531,0.3183235332899564
362,453.0,2.629312510050885,2.2496113333824863,7.49590884231153,0.17286341239944,0.23820133532503782
363,454.0,1.8213279913858347,1.3055920834409818,7.115866843542811,0.09905863746165008,0.10214182648869463
364,455.0,2.424812101193756,1.8496362936834516,8.773688239454252,0.07381748848309275,0.06709420407123946
365,457.0,2.3673199655963417,1.2153942156766466,8.906058636643749,0.15167950634402935,0.06331675935800389
366,458.0,1.3168640604663635,1.444788992780598,6.844098080099121,0.0772524520825948,0.08102749684854804
367,459.0,1.5128221564238904,1.5874571890147087,6.57504546153595,0.11032005058237611,0.19528571099775632
368,460.0,1.9938631121869863,1.1626827582987969,7.809882868269966,0.03397916280400782,0.07044765564669987
369,462.0,0.8580122899927279,1.0019765193143473,5.783101617875354,0.20520816070383277,0.2622915401735565
370,463.0,0.672373429549951,0.6966428551567186,4.43347856821024,1.5766638292202824e-08,0.20171360881441677
371,464.0,2.7004160242522386,1.904436272165113,7.6896351036849016,0.19827099553967623,0.11115165517901213
372,465.0,0.9709905883121873,5.999999860024921,4.12256997862221,0.04967714282612315,0.0974579543940466
373,466.0,1.0585245866619544,1.4573395112153797,5.655422706082346,0.07376589846075761,0.12881728033168868
374,467.0,2.964368428316685,1.9834410306020955,9.048702634296982,0.11777792266169274,0.2050612589745292
375,468.0,0.4842556210203062,0.24796147688800646,4.336649884519491,0.09700639525106536,1.3561014271447417e-08
376,469.0,0.9687897249370048,1.2833369393536318,5.873575367893767,0.09295183521135542,0.07284547214382317
377,470.0,2.464943793059316,1.776125408291608,8.59522208090398,0.05104762241724431,0.06882688222156741
379,472.0,0.9518734634726053,5.9999995647698725,5.132949751660138,1.4247313574520007e-08,0.03941724388012941
380,473.0,1.5314560967050066,2.3994840645909505,6.049421921450141,1.2001204635109858e-08,0.08070066368645867
381,474.0,1.1314353128131613,1.8130109518745618,5.909599295449171,0.22265746386950425,0.12544174460103755
382,475.0,5.999998755532707,2.061885657205314,7.6786653832316745,0.050573695606356044,0.14801311952356766
383,476.0,2.0695639017393908,1.4085176092301512,6.454900160869777,0.028700982544876994,0.07042559016481825
384,477.0,4.005462090081604,1.900601172795571,9.999999972457466,0.06446819374652865,0.15674942362110303
385,478.0,2.645310166297764,1.9588407431225434,7.685142821795114,0.004788088424058289,0.09109489982417855
386,479.0,0.5352161048295622,0.41435788390076517,3.5684663057179518,0.1445805689541401,0.2741083516889569
387,480.0,1.9921730392983417,1.399066285628907,8.54148073203559,0.06856075156271453,0.03973505682321953
388,481.0,1.2483175861394098,1.280098159687857,3.526422281924696,0.03686310114859994,0.02491017846164281
389,482.0,0.6994959928445358,0.5650742951606663,4.876114503688581,0.0942709196882472,0.2338426349297309
390,483.0,1.7486318019867912,1.5173468993723507,6.820639348157711,0.015226904533787522,0.08246937337618246
391,484.0,0.6477953751294663,1.2135616580399677,4.715782495621244,0.01554977276179236,0.12553136060315195
392,485.0,0.30649705019490664,0.4860843727452925,5.324642608708419,0.012620910856911909,0.2845248669847593
393,486.0,4.273777043117118,2.0046106823572067,8.390306528338929,0.13039191143358564,0.1374778633035609
394,487.0,5.6842709601389325,2.4255854199612044,8.484366606541736,0.05987884556676517,0.0998221126193694
395,488.0,2.9971104601518284,2.5830544888381612,9.999998728078575,0.24522702578877462,0.2671838086871396
396,489.0,0.9083402802986039,0.8225897685440737,5.933207922494117,0.16844437613143967,0.3021990820061763
397,490.0,0.9238481449794232,0.7724467405794382,5.760227217704283,0.2231734184209378,0.20818702783894388
398,492.0,4.049776280412131,2.5824105957817634,9.999999938578975,0.05022213127322938,0.06157630223721279
399,493.0,0.7794564299457581,0.9565349724590193,3.4821213540862974,0.11917138415694109,0.18262856213315193
400,495.0,1.1118269097789089,1.2752439265948845,6.545925917696219,0.10336771211830952,0.10530394234938874
401,496.0,1.1795942363689549,3.6464308766914395,7.549831987213839,0.4999999960217789,0.4999999969194875
402,497.0,3.14796548916051,1.5972370535625633,7.89975318090317,0.051753927558021,0.20833875306238067
403,498.0,0.9309937624909643,0.8720609435970377,5.334721403881848,0.016162238557513493,0.023819454767851148
404,499.0,1.6683640628602148,1.1593771399527497,7.028550773704516,0.13025961696963514,0.15943377718789598
405,500.0,2.5958095537770034,1.8388767307223726,9.36579631495631,0.04529159958330311,0.1310988960438878
407,504.0,1.8688126958956814,2.2230752835056973,7.537435158538215,0.09830578813226389,0.07891589543052122
409,506.0,1.6847078405109117,1.2339074469935314,5.147320614357287,0.13746494411623192,0.12107556607229533
410,507.0,0.6543313090453885,0.6481310279740071,5.354463123233519,0.08880026459193258,0.0769026025341659
411,508.0,2.347933167335077,2.1152075077574324,7.900108459521075,0.3485500854601384,0.19128663224586662
413,510.0,1.0814314814726989,0.8962317083296665,5.033603968408281,0.035386798263807494,0.05645087352865159
414,511.0,2.6107742786831043,1.6941285429894566,7.909978704730048,0.0010961632853402296,0.015019313838058448
415,512.0,1.1849779122505895,0.32851601118210894,6.292501286736252,0.06772290083125813,2.490267330246085e-08
416,513.0,3.833949293797946,1.3318371130573619,9.367421753920432,0.04433078321121671,0.11340417209879021
417,516.0,3.8764920848072033,2.819392240822667,7.944343206743499,0.1912071344350685,0.13963052183402352
419,518.0,1.9437687346117112,1.5107867716424157,7.239221301029709,0.015273473937680901,0.03501597324407607
421,520.0,0.538317325802081,1.409685964191968,4.890721269409475,0.21411005962958013,0.4723589529098349
422,521.0,0.5985797323916133,0.6737374778362681,4.956474052695799,1.0552164326019362e-08,0.22933563410774593
423,522.0,1.4591555897737802,1.2630783280307278,5.599916408459344,3.289451344149419e-08,0.07965973663258968
424,523.0,0.6579534640014398,0.6325803583802467,4.944370708437974,0.08933238008077009,0.2250464416553497
425,524.0,0.5697132884374386,0.42277411883036503,3.8625241192966406,1.0358409716217318e-08,0.0491324780698586
426,525.0,0.19275975436977635,0.19560588322778635,4.623172654525307,0.34758570365045094,0.4999999871174721
427,526.0,0.3856736429676873,0.23770607983660813,5.056944828481513,0.23141685726391883,2.4792185042669223e-08
429,528.0,5.32677466519389,1.0954246309931213,7.065692523487751,0.022545443414105637,0.004364059667508618
430,530.0,1.189526167787763,0.9104818866853873,6.1446543175660375,0.06296656724635352,0.07019615625218038
431,531.0,1.701838871322158,1.1661708941665274,7.48826825209507,1.4295872790627326e-08,0.0688150755362686
432,533.0,3.5548131567059826,1.8136968947951344,9.507074894490621,0.04345859810952208,0.044325236528956286
433,534.0,1.477129730867403,1.6586276583756694,5.851705272735712,0.14353807790360112,0.10040020671706196
434,535.0,2.498764029479567,1.3899865861737166,7.045781445407804,0.017600255667921023,0.028458243598753805
435,538.0,1.6308308013933641,1.1488144603790453,6.953953112257547,0.03489452672017128,0.1447742327063483
436,539.0,0.9384113603694676,5.999989273741733,5.426528656610532,0.018661355773213952,0.10783709388358245
437,540.0,2.2262021902453353,1.9163266119782498,8.00342625904746,0.04046394174272387,0.06585015049221925
438,542.0,2.2662267977540638,2.34511448038082,8.168362410404939,0.235335654343928,0.2216272617229972
439,543.0,1.2419552744586164,1.5218040329133977,5.8184353959544515,0.027742063077187865,0.040214893158121934
440,544.0,1.3410698525373597,1.6652793542385533,1.000000024809608,0.022405959901936074,1.0838676703259576e-08
441,545.0,1.2759424414265736,1.3632723676882383,1.0000007058689464,0.04724129029992406,0.05122607144175259
442,546.0,1.381589233343646,1.5582929535905554,6.646105692045427,0.10374233057153351,0.08951919291852481
443,547.0,4.561194593176026,2.1745124280884216,9.422411903245047,0.07422982265937648,0.2380409582403192
444,548.0,0.9892614959824175,0.5872146684759579,5.540565038038263,0.4265910015604203,0.47206917370812873
445,549.0,0.8554189069449262,5.999969647677544,4.659473204022996,0.039394265808618524,0.137400266690539
446,550.0,1.2091613014914473,1.3077637414572547,6.263777890388605,1.6376522102512664e-08,0.027866454172136564
447,551.0,2.1802317509345195,1.4434008830972407,6.843719384823596,0.033951235756713494,1.5320215937871407e-08
448,552.0,0.9467500567265518,1.082927855417285,4.222983498519544,0.15425215020436212,0.07379644104124546
449,553.0,1.6517327317000718,5.99999952491731,4.803766654066874,0.17450647194632654,0.2293625757702485
451,555.0,1.5522474330307536,1.0673661422452465,5.190389098130113,0.06346393364588299,0.15848164802449666
452,556.0,1.6313310344063947,1.6090695334778746,6.633983976948405,0.4695866662433344,0.3081690036878202
453,557.0,0.38460771294953544,0.6129433954290017,4.710070511239551,1.4480826355725889e-08,0.12465971723927555
454,558.0,1.2999138953353826,1.0348562976846654,6.579849083708086,1.190922881795038e-08,0.05480015185859903
455,559.0,1.1886191815454028,1.501005439355487,5.453448919686294,0.09519197274283794,0.06392331468504735
456,560.0,0.6929428372996022,0.5941214249225293,5.307646904866425,2.0222483611164244e-08,0.19455847234117923
457,561.0,5.999999864980049,1.7538694348840786,9.19029408807076,0.10130506885167886,0.06335736488961821
459,565.0,1.6677884348872847,1.3074235530587883,7.269746241598684,0.12492106950403362,0.1116348056195702
460,566.0,0.5493293024633904,0.7792974363530054,3.124982306979013,0.11713455364265297,0.2505791307572934
461,569.0,3.0160321857651926,1.9299293318047128,6.5453058237781265,0.03487635347852673,0.07035765553504027
462,570.0,1.867438620484449,1.6477316539971154,6.472259338986342,0.04444501420967287,0.05526839175545997
463,571.0,1.5842412285427843,1.2270986834876114,1.0000000188327283,0.07278099939487437,0.0350096882344772
464,573.0,0.9207824417102686,0.9145657617116318,4.733791930212962,0.18323260932177043,0.13680688067878963
465,574.0,4.10748927396309,2.0270444130084138,9.999999282811896,0.013909712869984341,1.359532403949431e-08
466,575.0,5.999988383045953,1.9284811414808423,9.03701430840442,0.11854171612124396,0.16309484900468843
467,576.0,1.2909811986917654,1.4232707515963583,6.469306125623883,0.025079380379252968,0.018224316901712608
468,577.0,5.999999681274201,1.7984184746281817,8.616949476179446,0.09839939343811933,0.1337839862474629
469,578.0,1.625759487596386,1.2512200066075678,6.838005839591532,0.025856469429178422,0.0531915724800122
470,579.0,1.2921029803273922,1.0337369396381022,6.55395904138462,0.06763172250683543,0.08454195423029741
471,580.0,2.159329128022002,1.357359076695585,7.391946236983263,0.09507521991586577,0.05371712679046991
472,581.0,2.676142068891802,1.9849195699310538,6.263031701436812,0.15899541946867046,0.22030737840698883
473,582.0,0.9091658385840129,1.0164599663425051,5.4854806135433645,0.05339597764341205,0.027002096266139104
474,583.0,0.6770999912052315,0.5510007251978559,5.184794600562109,1.5723832702223217e-07,0.010618714331831442
475,584.0,3.176631463427146,1.7916372297789451,6.887922572941692,0.10353653900168178,0.20406508347479446
476,585.0,0.5936799756069936,0.535351141074793,2.711242884941574,0.33136291699645076,0.27965844438751675
477,586.0,2.2129692730107395,1.6101381309581746,9.08374191939625,0.00998926281277333,0.024322045999441204
478,587.0,2.3397267496908376,1.5452928962594854,7.230038490624806,0.04587821016789239,0.08014074813132115
479,589.0,2.8556575668241915,1.9595379742236527,8.008948666929486,0.012084012188032081,0.08886567767961354
480,590.0,1.1510694422539791,1.2289627845473388,1.3681519702306808,0.02510141049879448,0.04504765806346195
481,591.0,0.850086213254878,0.8740510621327826,4.30559339009266,0.09475290549021205,0.12042334223877353
482,592.0,1.7592994509834405,1.9424148873981546,7.223960691381822,0.1196721905503343,0.07687087750848123
483,593.0,1.451777076236502,1.1853133856026472,6.660160697239688,0.17214078157399862,0.20237779733460007
484,594.0,1.5710656503729086,1.380156874530549,7.768973263127936,0.08337681350186915,0.13462725823418556
487,598.0,2.525326203987157,1.3984062017453844,8.070094356739371,0.09917571641140631,0.020846069832328937
488,599.0,0.8768576900469232,1.1192154912840881,4.6856987800432535,0.14005625406895555,0.060496270385170844
489,602.0,0.973621459580971,0.7732002848832976,5.814192090784492,0.06398956826539433,0.04488917240736116
492,605.0,1.6206840486526277,1.0317183011754578,7.144017181721874,0.21001186020466955,0.24960113556396882
493,606.0,3.0078159490019187,3.7438464616844085,9.999999725977888,0.060573739233004215,0.07528548759370901
494,607.0,1.5667235913809325,1.5829801297140276,7.5861528913269405,0.1357539715474169,0.16359351395332916
495,610.0,1.9167012112246282,0.6988618555870065,4.987520009532999,0.30389679842455786,0.19757318962704007
496,611.0,0.9306496356426284,0.8698768147889426,5.972787089292601,0.00543786340247477,0.03631738349305036
497,612.0,5.99999832347778,1.4362703365862333,7.863100305811692,0.0063472320109856884,0.07919449347609465
498,614.0,1.2944864748682852,1.35432319609222,3.826240020540667,0.026463838379004165,0.046009967465845646
499,615.0,1.5434470459719225,0.9147744786211974,4.716525519231407,0.05280941716396139,0.169501017612524
500,616.0,0.80445081316924,0.7112649397854957,6.003051130195598,0.0835074513298286,0.06492394082941248
501,617.0,1.7236585452422024,1.4010335056984768,6.632418131776214,0.04201749534327807,0.053021697242293726
503,619.0,1.667621875702081,1.2664265655058318,7.507346368635769,0.1509367830007316,0.0917649117486841
504,620.0,2.3428017354198856,1.8754460211629682,7.176856416957386,0.030623874498148063,0.08986882063325657
505,621.0,1.4151294571438198,1.3099292877974102,6.902602970286896,0.13032766785637484,0.09974360116462817
506,622.0,3.1810461598036524,2.255654471755796,7.829773650302724,0.16999318001580216,0.1639550477176528
507,623.0,1.3137908640276883,1.420000243780704,5.6972494589343565,0.03145466286786605,0.06545415443602083
508,624.0,0.996201821365293,0.8472420666681063,5.725259170937686,0.05429287607951624,0.07446411315372398
509,625.0,1.6641052748907805,1.1105714323890141,6.217128448597831,0.1376139346810446,0.11217799020944871
510,626.0,1.3623241425459365,1.5110078683326689,6.470956766297361,0.03222902211081351,1.4411695217463875e-08
512,629.0,1.7439037803234165,1.2446524469501064,7.4297568005702805,0.026813080379815484,0.16694709965953047
513,630.0,1.519746724937309,1.338519958765809,5.892352083074811,0.1799869398292041,0.1619255282126771
514,631.0,3.7312343690332095,1.4463206636844104,8.863024377511511,0.07545365950691668,0.035388509375862215
515,632.0,2.2394310921023965,1.0886662335146406,6.978869056342564,0.2322047775419654,0.18389596230208338
516,633.0,0.821789663588371,0.7991625814939846,4.5784368378622435,1.1440705858734815e-08,1.1418358434355221e-08
517,634.0,0.5581819106848884,0.22964611423174308,5.062269707449651,0.368656832143843,0.251817264472805
518,635.0,0.957730652107669,0.859064731856847,6.450699228564437,0.10483182560259538,0.037746468510528944
519,636.0,2.7790888873085424,3.859645045505792,9.65131784396954,0.061959116639396065,0.0687229090329446
520,637.0,1.6686201383854056,1.5123903000686314,8.991611355374445,0.06867429383821846,0.12272800939794029
521,638.0,1.0860728036903533,1.3165920298386184,5.6069033507264745,0.1001791080137602,0.03601318828616022
522,639.0,0.43935661006145355,0.2598965274463172,3.6742090688221096,0.47162225054240153,0.4999992551967232
523,640.0,1.5028159925638653,0.7574718235232939,4.394833464742916,0.19682782131194101,0.1241311034990874
524,641.0,1.9900741433807105,2.2355364343669164,6.68101871127011,0.0967853471892338,0.12000982316186612
526,643.0,1.7336936415504163,1.5671416850211128,7.0508257401721615,0.03255643123626846,0.059826636686782945
527,644.0,0.2661418681724309,0.49271974921106076,4.8390917390232415,0.14622928373800387,0.3073991292411757
528,645.0,0.8437978145237482,0.6793827277994404,4.617454136037255,0.041229799614543525,0.1305506822878416
529,647.0,1.3458135905315034,1.1969869119043532,7.119163183889514,0.015692574144692283,0.012960276421586446
530,648.0,1.5048584817935193,1.3235718836090944,7.095678794647832,0.12106489737665055,0.08548607876942393
531,649.0,2.0500350659501576,2.161033786883151,8.321007524653353,0.06988177908805056,1.1779881312681497e-08
532,651.0,1.1415741102583925,5.999999419105429,4.519168781216381,0.08452996291814172,0.0501651178505543
534,654.0,5.368285628188364,1.557036374549609,7.244006697950403,0.034169449800412754,0.04535408015971547
535,655.0,0.8132065048516036,0.5376531564304727,6.020086478590911,0.017058574262193538,0.027404676371285047
536,656.0,2.7587028515387675,1.7819473658485965,8.88865193763299,0.11415590423481693,0.34706860931467626
537,657.0,3.8148542313276623,2.515096144385383,9.8644882848662,0.19032860293599513,0.12582386769555742
538,658.0,0.7301424025549889,0.7573010757333754,5.223580337804679,0.17695741398481868,0.2982511638898956
539,659.0,1.9193944232190814,1.2977129797812215,6.920242610487106,0.02186536854504359,0.027612459884438802
541,661.0,0.258285207452955,0.26219099893739856,4.798043965009605,3.670704616600441e-08,0.07274439246591156
542,662.0,0.8730798708574868,0.92885651175983,5.487326671093714,0.06459948741397316,0.12442105872590105
543,663.0,1.0249738579123073,0.84568766363587,4.813383888361303,0.06325823459815781,0.145290670297672
544,664.0,1.4553618489703308,0.8950789996771525,6.4993386175464085,0.08649583094769017,0.24374797739931348
545,665.0,1.6065026654771435,1.2890035125834096,7.986156569438934,0.12728865170816359,0.20215467959499525
548,668.0,1.0886326146681127,0.7601693429318581,3.79712130022248,0.15270444365826677,0.1818753011261014
549,669.0,5.999999365806557,1.4958559983572262,7.497725542501628,0.060217083357979456,0.17726070907054578
550,670.0,0.462662288940471,0.5829928689744504,1.0000000422632036,0.025132939221893014,0.031105000029270444
552,673.0,1.9058903141564907,0.8842630186316758,8.110406713308686,0.027209941577544274,0.12350107375998402
553,674.0,0.229846046948841,5.999999908658265,8.064724988691086,0.44861756092151883,0.4999999996057174
554,675.0,1.380447288841412,1.664430936903328,3.866109184889147,0.00959875526836871,0.021015445799705483
555,676.0,4.847847563931806,1.8068003989246506,8.964903164822177,0.05638653863849169,0.16868726466235542
556,677.0,0.6793254548479961,1.1557130485054496,5.053964673057273,0.014955587772651133,0.039580140152161755
558,681.0,1.8778612611973982,0.958347797498926,7.8974918266154,0.012965871562874716,0.025346776445126087
559,682.0,3.881827527305187,2.004928358932135,8.741420350303951,0.2559865245063542,0.2191344790783335
560,683.0,1.5391774723531502,1.0799205089864963,7.168906061026135,0.12048070639049563,0.19455754471702782
562,685.0,0.5790903697886661,0.5921139366518371,4.2743441038742525,0.19288632242562526,0.18479395040293747
564,687.0,3.2617954362164174,1.9238742778786326,7.918609407262535,0.05048264100623085,0.021624239168945562
566,689.0,1.1628244099072196,0.8326145019663076,4.866804075770188,0.009910673817510273,1.3522920509415839e-08
567,690.0,1.6538917308013328,1.5617786792682398,6.6619553960158004,0.28208115424405694,0.3113318848689973
568,691.0,1.9125606950303098,1.6731331561323055,8.6687754251068,0.017189210130398352,0.00924369024192881
570,693.0,0.8176583621647989,5.999999970346834,4.640625516913001,0.013237344658065345,0.0788701498598453
572,695.0,1.1136044202158553,0.9681936688212057,4.900611324306078,0.020304992220633568,0.03365355288114709
574,698.0,1.1587659074283925,5.999999712654206,4.888506975607874,2.3260259227736853e-08,0.06625693343605686
576,700.0,1.0031537615814208,2.4985037236172367,3.635691262974117,0.013212388316851403,0.0316741867780026
578,702.0,0.8209262656970371,0.8999278530451102,5.235191623691224,0.1796803785402013,0.22132485527005022
579,703.0,1.9238486642446546,1.032335184487568,7.466974808740537,0.2318755343494952,0.2621951846482854
581,706.0,0.5817888977341021,0.8466334562523556,5.571995287952537,2.2723487475222247e-08,0.08222340212274414
582,707.0,1.0558747473619505,0.7101820617474728,3.227871639944209,0.3215375111890876,0.4485327787870315
583,708.0,1.0729257020708662,1.0037095638861524,4.786896618478036,9.899480704467681e-08,1.994504581252038e-08
584,709.0,5.965409338408507,2.8801684584653,9.250526270588177,0.18445666143366915,0.1774359293561175
585,710.0,3.8063037961235566,0.7225540751907847,6.768235674352391,0.14041033028666072,0.09932137838603546
586,711.0,1.5108925329985539,1.2108517715145928,7.704816166050502,0.03840892323392105,0.022846132419737295
587,712.0,2.4001415074071626,2.2129388431258623,9.999999858026136,0.19200491848512796,0.20608257968582827
588,713.0,1.2822964054901558,1.457013885071795,1.0000003598832992,0.05699910309394479,0.030834215257875268
589,715.0,1.5057703071386666,1.220397909659961,5.380884868673067,0.12614621915248228,0.13959033619509142
590,716.0,2.6278834254792782,1.469944047311874,6.942110155002234,0.07459843689022418,0.03805396426369932
591,717.0,2.4669570143115007,1.083205697626523,8.127907501572547,0.032902547454835805,0.07226765799109083
592,718.0,0.33997362329232683,0.6666693192848303,5.244199237012171,3.0341036168859186e-08,0.06818030241778902
593,719.0,1.2022991291998937,1.2729374491640484,4.97172093665905,0.05003016409215231,0.054631546786804805
595,721.0,1.2527828010836175,1.119225066903513,6.96251573471712,0.08853662766281291,0.13527944446613607
596,723.0,1.1769954565831913,1.4145640797827048,6.095250864644547,0.16053381375378473,0.08398268878891182
597,724.0,1.3376574954247635,1.5724369884218057,6.69221490319361,0.14363858273802,0.1425585500613664
598,726.0,0.8865696455329548,0.9886560387574774,5.441147128157655,1.1492423580755061e-08,0.07468473976989437
599,727.0,3.2383851719682277,1.9671901627736799,8.569224398167295,0.07657514055564817,0.07431396131724873
600,728.0,0.9683608324360788,1.1588156570464794,6.090042227981115,0.07388620752181425,0.1038618319426595
601,729.0,0.8923068700712486,0.961249591522677,5.572790750872096,0.05051850342920903,0.09647874661324582
602,730.0,3.913175818056555,2.0777724692385076,9.999999765089875,1.6176972650297102e-08,0.04352034302545982
603,731.0,3.6571323139315,1.4542087950937206,6.902542382497611,0.03583602698887513,0.04554490578226176
604,732.0,2.9236701681575554,2.3832762963644063,9.999999612938689,0.18252297825394273,0.19980010250305485
605,733.0,3.036563717322804,4.029528257456657,9.999999326960802,0.3337899299370019,0.26274612373973893
606,734.0,3.7366378870691475,2.5963217147482736,9.999999976735625,0.03589994174487888,0.13966739921947705
607,735.0,1.3651940172272194,1.2099562597901843,6.560540090017509,0.010621813050667261,0.09858940179057028
608,736.0,2.1076610428380698,1.5896182546668625,7.349336723326956,0.016614639483124787,0.08341818736523815
609,737.0,1.2115267974351949,0.8615109280115644,6.381893299560381,0.061283403324878756,0.24563951312473378
611,739.0,3.9507057087229587,2.6666467747692404,9.126586969222519,0.3187910017144818,0.05770577689928663
612,741.0,1.5261504678549762,1.380430985802489,7.9611084974229565,0.14578821954746457,0.16771016118095153
613,742.0,0.5079131643846092,0.2600529878627533,3.505268426041345,0.33204922204048753,0.38862317171744803
614,743.0,2.7473008951686766,1.8392989078954418,8.464223079308407,0.20051786060089472,0.3041511339814333
615,744.0,1.2363553455183938,1.0255473461973366,5.457390712474199,0.12600872170424612,0.18781773437584592
616,745.0,1.7766668553786422,1.4980171463303182,6.075794267499243,0.12080302359059975,0.20197500972033736
617,746.0,0.8047565226951052,1.0320799773791804,5.3322692987471365,0.13201598120391514,0.09422754180944057
618,747.0,1.098817745885581,0.27038883010395154,5.430115738565578,0.28046368489500667,0.20934864147991794
619,748.0,1.2115021101501227,1.3773886569234195,5.9228820959782595,0.08877266354056276,0.1378126509850678
620,749.0,0.16917853523594148,0.2899775764273362,3.177272192787913,0.11095723430829152,0.22284621736226
621,750.0,1.8124845264268266,2.273885709422199,8.659218746150515,0.05406346046253878,0.17342208332047812
622,751.0,1.4816061931991193,1.1432113702366449,6.195513057706347,0.06804297092123514,0.16031774812245733
623,752.0,4.35219184328885,1.2862370337461766,7.262401862005804,0.2388200976091796,0.1805583026058074
624,753.0,0.679552218965307,0.6917979680305976,5.291643275251958,2.202084913962878e-08,0.04539864812565975
625,754.0,1.615685659464661,1.4261583237319226,7.057648556855373,0.07751054422982086,0.07803516569187137
626,755.0,1.2721671754800328,1.1980650800885195,5.2562306284066835,1.9199926950109465e-08,0.13944542597718895
628,757.0,2.344828493909413,1.6269211453136994,7.5405504548979465,0.03225455350176335,0.06425286559863616
629,758.0,2.34973661945512,1.7591915570889787,7.917971624009188,0.13183416910043044,0.1372920588994981
630,760.0,1.6733065316202937,1.3976802438152391,6.854194308664061,0.2297240747228477,0.11164132497054677
632,763.0,1.3762539178811493,1.269094248474081,6.030285733415793,0.03828574710064377,0.052984220307996814
633,764.0,1.1203423447742091,1.3036532368224594,5.599973486623902,1.749937154232859e-08,0.004627577506396336
636,767.0,0.761741857490635,0.8004400814733185,3.0871794836970308,0.07365031268150418,0.19072552042619026
637,768.0,1.347109609148597,0.9591732122573895,7.87955791453804,0.08790602359734107,0.14724862992695878
638,769.0,3.3480207268844486,1.4953655934625214,7.5740326101106366,0.02024578625815759,0.08151649811397974
639,770.0,0.9178230649362458,1.1984029545569632,5.782344929492488,0.18186780133722674,0.22416693091366172
642,773.0,0.49584493540500985,0.2635940355912698,4.900975893288759,0.10145421712524343,2.6087001603443193e-08
643,777.0,2.9553247184844733,1.9186018758525665,8.358792086997079,0.16002244383858302,0.13888481005722655
644,778.0,0.12094375887896172,0.7502613617922983,3.7761462623117907,0.2603402434215638,0.4999999966840779
645,779.0,1.8936786117248925,2.513018300968885,6.6172866127813235,0.057702680194051094,0.16159443314001878
647,781.0,1.4122937468286223,1.2008739071168233,6.615407007076484,0.08629670702248167,0.11992856308198593
648,782.0,2.189725311080904,1.2009126543312632,6.427142998053351,0.004460786515156851,0.10327265022790545
649,783.0,1.0847140554235912,2.7268440561991607,6.105953886384107,0.2343347218825687,0.19297973680438044
650,784.0,4.273345709184483,2.0614662629364293,9.984649216117138,0.06065049240804405,0.04729924936266309
651,785.0,1.126964131823836,1.336550297166869,6.6188662104760425,0.20414435020092278,0.1476552355683706
652,788.0,0.8407620055624562,1.2804114679986691,4.966255757297669,0.010024225784832981,0.08739462624705158
653,789.0,1.112345438317339,2.815032963808962,4.260891544982965,0.14499171252093268,0.1450893396229384
654,790.0,1.270482524614075,1.429074405275391,6.153541783338491,0.08089848451329512,0.11973370357798535
656,792.0,2.195471646279096,1.847649233023268,7.211998151618807,0.16672093635577406,0.13688434378754596
