,ID,sigma_0_short,sigma_0_long,Q_0,eta_short,eta_long
0,1.0,1.086025505856892,3.8000231386458543,4.075777943834438,0.9954021976427293,4.999999569720366
1,3.0,1.0153723016733625,0.8598974577251473,3.9999985313342696,0.6672934977011461,1.3928324152264813
2,4.0,0.24976640347554158,0.2289750518367211,4.3126537521314825,0.08328074126088483,2.273716785236178e-07
3,6.0,0.1702767471691001,0.09520354139963984,5.558527456074368,0.06694278266588573,0.05056105677485371
4,8.0,0.18823510905983415,0.34779532953261616,5.288299591997593,0.18193986393435765,0.1538239992961849
5,9.0,0.3100484761608693,0.1257817330732199,4.166073915987984,0.4868752785392709,0.26662410063291647
6,10.0,0.2561718055585152,0.6386372581008463,3.7232035750449897,0.1572999786471463,0.5377723383740672
7,11.0,2.016919054709674,0.4781339514060793,4.7184202294194835,0.41732213061154655,0.24840861787616758
8,12.0,0.2471425200814517,0.20043973895921535,4.357152036410188,0.25554533506653937,0.310606019510904
9,13.0,0.19809019454684498,0.1059306034726365,4.739570828254419,0.2702677862807408,0.26301852255067343
10,14.0,0.18177950049125147,0.14601624179268377,4.994515087261117,0.07917648638896463,0.1184244170188132
11,15.0,0.5682166140496471,4.444771668492246,5.0002742665791935,1.011786059003843,4.999999868654846
12,16.0,0.21563665613749922,0.11873101229638179,4.931100667076758,0.1907297807546846,0.12579030654734136
13,17.0,0.20134479708616743,0.29403423671705886,5.324360660280276,0.10170814445773753,0.16532814014413863
15,21.0,1.150840308111387,0.8031157790285034,4.638900648432548,0.5914068626883023,1.3376627383313826
16,23.0,1.1143487422419631,0.9309403202054601,5.756366785055463,0.8949637523678163,1.192443233995564
17,31.0,0.8586299091702709,0.8794922839369699,3.2257988044575323,0.7601737946363772,1.5206633745876637
18,35.0,0.5315224264095421,0.6608880607661017,2.800191099573768,0.10781624399806607,0.39736595074927406
19,38.0,1.1128084441694006,1.3245383620739142,3.4154757690166364,0.889286301935716,2.1326609941199495
20,39.0,0.7305882267447131,0.7410195890828367,3.5701877294518143,0.2786670813256589,0.5965312198918105
21,40.0,0.5564858786466923,0.5012134404992404,4.789764550122652,0.20923309525986344,0.5538062528054887
22,41.0,1.046407680091973,0.78056033729181,4.704666761785268,1.2265339799958428,1.2302599111742503
24,44.0,1.367605053847845,1.5362300791040604,3.9697577826711288,2.6675454144101387,3.6622754671213236
25,46.0,0.7588196275282593,0.23621593935888222,6.046443240141365,0.21958021795920685,0.21041007600261183
26,49.0,0.19095609826264587,0.32309764329388974,3.5633654152808902,1.1331181287195205e-09,3.713757471387614e-09
27,50.0,0.15865206720680616,0.13007773544309917,4.400089091731668,0.2478156582790489,0.21133356238287707
28,53.0,0.4720208698137467,0.9376153640164427,5.329239197357259,0.4033443734289994,1.2726060857401753
31,63.0,1.1715181006963136,1.1449727952156004,6.326651584965384,9.834504630695253e-08,1.2087113274941697
32,64.0,0.3123029008185901,0.2909209304141421,3.802199815788339,0.13643386645282157,1.458866229914637e-09
33,65.0,0.7548685060845381,0.1429804231813471,5.408290418199506,0.900560761447272,0.25436181654001616
34,66.0,0.3355883062871303,0.2145924365777121,4.635142255593336,0.722363889403742,0.3607950384530646
35,67.0,0.801733153681126,0.28936340627047646,5.261406357774285,0.1855169196138413,0.23690938572958176
36,68.0,0.7198095602483848,1.306516468504792,5.346587105487047,0.7889232656218269,1.8122135872673035
37,69.0,0.12589283794530604,0.10739512169105521,2.608050793796283,1.819636385484562e-09,4.9442389363053636e-09
38,71.0,1.3064268273092445,1.2897203134211133,5.030357202037841,6.773915626146759e-08,2.1238954281257656
39,72.0,0.14228577098265294,0.12448549223992382,4.759360728800278,0.07860003595643499,0.11166228818048529
40,73.0,0.227998497731906,0.14680785656143994,5.744582727569995,0.23808788587651328,0.19982991985917048
41,74.0,1.0331261642533822,2.081117484515255,5.779788619543341,0.44534825037154346,2.6289488503842597
42,75.0,0.5823164286436436,0.5172875334537722,4.225031835300428,0.4092371450861838,0.5962514418031649
44,77.0,0.09338257328806568,0.151502607095536,1.585385900377203,2.5191900416779553e-09,4.685576034255252e-09
45,78.0,1.1925795631047769,0.6854436035627539,3.6192076106584468,0.16027636725670058,0.5537527209363315
46,79.0,0.5046116912312356,1.8667539998719396,4.657404974895685,0.9435282424951086,3.6510499721116485
47,80.0,1.6370650954995387,2.7370634204930275,2.633354640520371,2.4764262473388534,4.249632335370852
48,81.0,0.2744424079690646,0.8467325151895706,4.834309863215396,0.5435431959618378,2.0979638378969945
49,83.0,1.3783553981891934,0.7145111812604223,5.066847386779191,0.8736073792991906,0.7779707036143744
50,84.0,0.5003094966562841,0.1323567583407205,5.823162284067947,0.4086922684324052,0.21006750387009684
51,85.0,0.1753294488526302,0.12830561766654283,3.862837939899595,0.03441873248064926,0.10890193899475203
52,86.0,0.22109926920876755,0.24367362446456087,4.744753633181036,0.20291068999536618,0.18646472018202218
53,87.0,0.12013986531557908,0.04243076025865263,4.853188140970102,0.04221389901599681,0.045449753410257226
54,89.0,1.3881163402683698,2.489990127750078,4.082494151695771,1.884514872760992,4.005115383703252
55,90.0,1.1363974408446111,1.547111421312919,4.243645135359469,0.2885575075887817,2.7467032939125398
56,91.0,0.18735108310081097,0.12672674367581044,4.379689619056106,0.3650531000760151,0.19629905426766667
57,93.0,0.8631083496890826,0.17620229095604123,2.7293385791356486,0.8433787609970393,0.1386544944002339
58,94.0,0.188504024070837,0.13756071751762441,5.167968182517293,0.1923625897905075,0.0877620282392846
59,95.0,0.356863147627073,0.07013860850684109,5.219935629202174,0.3059732754273433,0.07210705106246447
60,97.0,0.8753861739537561,0.9630098529704942,3.588177553957576,1.1408927264151927,1.8733585195259577
62,100.0,0.10931231083406635,0.1082181310552485,4.635226910817771,0.10044316457106611,0.16836922477625876
63,101.0,0.20218673444074994,0.3539612588030191,4.687144055203087,0.03862362496152357,0.30099667394414104
64,103.0,0.994907170924716,1.8686618364817835,3.751333203747435,2.2730244976523664,4.999999950789962
65,105.0,0.9650228744879312,1.1737671023010627,4.668758372142869,0.6375471665891579,2.623675111061947
66,106.0,0.3465993575756561,0.36151505882916324,4.662559030400249,0.26974257213602776,0.22369095540092854
67,107.0,0.25618646531193506,0.2335061396841615,4.165993673757323,0.06030235720119778,1.3159647585562982e-05
68,108.0,1.0753735497516577,2.044315481409297,3.687530740722944,1.6132104333240311,3.990525599249313
69,109.0,1.0437636320707306,1.0886375674362405,3.640580416061751,0.8013048608781386,1.0763751530072787
70,110.0,0.7053592256989557,0.36222820733960787,4.8419954264245275,0.25682282745075274,0.4626126236313593
71,111.0,1.032137687039572,0.24794368166138514,4.819222431215833,0.6671363940116922,0.4239398397283751
72,112.0,0.68462491973949,0.8082634677016189,3.865630797344496,0.646197278311315,1.1765385202666458
74,114.0,1.038752521762981,0.6527760048522384,4.585094511854122,1.0539890537834896e-08,0.5819631229928449
75,115.0,0.934892545673021,0.12138988677669309,3.6732535861054996,1.7177979854453966,0.32025383926069756
76,116.0,0.7973466919419844,0.7811592605988961,5.730339403474791,0.37375581619468295,0.8151084615686549
77,117.0,0.21474955775255464,0.2213546735902919,5.14706737210545,4.7503499361924314e-06,0.07121852880408784
78,118.0,0.4733413362246895,0.39625284413587264,4.779786850104606,0.10817214533877718,0.06363437225583886
79,119.0,0.7376443663621763,1.0537350585908087,4.1589445030030525,1.2877640714193088,2.845951364349882
80,120.0,1.1862282011032064,1.4134303139403006,4.215725291610465,2.291335226925379,3.2509834038503276
81,121.0,1.0806886051214541,1.3679658645438229,3.1017261829943994,1.5308234703179988,2.009931451509685
82,122.0,0.21051914850847472,0.3031642464892805,4.411739799818883,0.1843333667777136,0.36603146048437624
83,123.0,0.5485400324906148,0.6531669462975477,4.66962785955613,0.581866407871526,1.0249240681950138
84,125.0,0.6590592886749629,0.32242844727533565,4.985028734309103,0.07385438427745918,0.1867553280976437
85,127.0,1.2035407052183194,0.2678091147488102,5.031859138116859,0.882784912757078,0.3392963476838559
86,128.0,0.2759556857360948,0.37739503076870806,4.2420640604522095,0.1376308467572028,0.306661907721369
87,129.0,0.13344754660258104,0.10729098467545409,4.976136146769607,0.029458841995686505,3.862766105102447e-09
88,130.0,0.7557268414309648,3.03176485774473,6.0788486642751725,1.3036773137286974,4.999999827193121
90,132.0,1.1025520268915834,1.005446675187886,4.302199713113231,0.9856288719051338,1.2699499843187367
91,133.0,1.064590093060234,1.6567597902036093,2.3503643230944196,2.2854262964064365,4.999999986040126
92,134.0,1.0667019640560582,0.2919716161602828,5.381275036238963,0.4838514318966419,0.43154029693057233
93,135.0,0.3822604656211376,0.15249723316786706,3.976084199345392,0.4375907602771905,0.02054548199347086
94,136.0,0.286377683885538,0.17342951126452238,5.635713425416055,0.3381582370291162,0.27774189293936885
95,137.0,0.5005541825000882,0.1804993545373154,4.764832880594986,1.005310082005209,0.2888704554203762
96,138.0,1.3486088994651657,2.1999608067487344,3.1441439196949417,1.0534165532912927,3.787942655727921
97,139.0,0.8316505366118837,1.6100933010091232,5.850548714618222,0.6328411671408661,1.906160348070336
98,141.0,0.6062881322374911,0.2528978728740743,4.368111011608089,3.913707317200856e-09,0.4644096715314991
99,142.0,0.9542033875384167,0.909883479738023,3.311987528270877,1.9963129203717225,2.850654105844007
100,143.0,0.8337595010137182,1.236629006504016,4.153191819277501,1.0168476170522858,2.864004496685744
101,144.0,0.34965082843191136,0.2745339114821413,4.882540548402759,0.36584930203108784,0.21519652565298134
103,147.0,0.35584989462034966,0.20283213162553596,4.516432074324349,0.15275968473195023,0.025974904289593235
104,148.0,1.0720736066882233,0.09414992079578764,4.829851046905567,1.1201829490079738,0.10494287464222576
105,149.0,0.19683617494763675,0.15046539489883032,4.355119849937012,4.6261675645594336e-07,2.0794306901637248e-09
106,150.0,0.11453263262545398,0.06956078767788153,2.059599470035199,0.09488703489519304,0.13888540270597755
107,152.0,0.9247405464984803,0.20028609038420725,3.8792018028252295,0.0483412211264152,0.10650717749237693
108,153.0,1.4128059284644259,1.4893821139010273,1.8540218935162436,1.656891984005768,1.7513735440575862
109,154.0,0.8653494323688947,0.7753925677760373,4.1042468765162745,1.5871389149231885,1.5887861845748767
110,155.0,0.27413279673970636,0.22364493035093105,5.196987521152297,0.27235756189531507,0.31655499316253916
111,156.0,0.3129916210885591,0.27949134146752747,5.089503810468168,0.3134288825065183,0.33973536885296973
112,157.0,0.8061476608722381,3.665154286370235,4.194059723650677,0.6163420009685121,3.4844958840757543
113,158.0,1.8195746012755074,3.5723111331703197,5.610104507825832,3.23221075659314e-07,1.7280540655100196
114,159.0,0.9978478974150208,0.19349895555220953,3.9549566214172556,0.9620323592038748,0.19152788727647688
115,160.0,0.9005224089341282,0.5955682227551592,5.223402475529998,0.13007872522120772,0.5260225338997181
116,161.0,0.13843070759070294,0.13629569669151226,5.599743723366588,0.14629376145615328,0.18657174931577752
117,162.0,0.2650785028228708,1.5957055894082581,2.7507202289805583,0.5143525995075333,4.999999595617631
121,166.0,0.8840147804323883,0.7767433561406565,4.564918068097134,0.6796279074707229,0.7686290336757063
122,167.0,1.1947293761815811,2.522490705865646,3.8618673307373914,2.1223694062726883,4.99999976614206
123,168.0,0.3783918204838971,0.38407980412553827,4.753706813683506,0.10146392067848255,0.4446681914584713
126,172.0,0.8959530475246653,1.0086281236666352,3.1866701522565184,1.7487254657998361,2.5113656610039143
128,176.0,0.9094689917735579,0.8794906777540893,4.124336031543238,1.1550785801874228,1.6225880882531027
130,178.0,0.20618613151933737,0.17535609775663752,4.742939281907015,0.2975990792380541,0.335446333799214
131,179.0,1.0053711464667436,1.5492080134259965,2.540879743411898,1.6964809285808156,2.5206600162548902
132,180.0,0.47127398732054326,0.23948568620926752,5.02110590501679,5.680479979889282e-08,0.10886301338055733
133,184.0,0.8917502939393742,0.87161054567559,4.431722043122404,0.5259254884408064,1.8866762371334322
134,185.0,0.9593703909080937,1.0237147630340038,5.230949052688658,2.686943195056744e-07,1.0502677809992078
135,186.0,1.1310491427753895,0.9374632373681512,5.075078917216244,0.2542886702677782,1.1233318486515627
136,187.0,0.5320945899913795,0.8759520952620613,3.6300794069296973,0.3368391517837496,2.404553234725967
138,189.0,1.3709000236331828,2.4416134326605774,4.707996417538119,2.6144618194912588,3.843326081355708
139,190.0,0.8421889634508306,0.9616264609228933,3.712118028288964,0.6268192950501499,1.9287073542332902
140,191.0,0.83011255549822,3.3628885618611566,5.203088947165049,1.4435721858858686,4.9999999068453675
141,192.0,0.20198292761591533,0.36509834253878715,3.3904642651321537,0.03745484159456208,0.09951904602970553
142,193.0,0.8316743155326912,0.8871816616348983,4.1492449343712705,1.5209299528653598e-08,1.2211899200208374
143,194.0,0.14235761714400783,0.19699498696931647,4.512585639610429,0.06320661256909513,0.07141426523632649
144,195.0,0.6094289977794408,0.7333546125798983,4.956042168867059,0.3933144102739319,0.45225097470083603
145,196.0,0.16598533438150503,0.15937337972266502,4.5789187015914825,0.1516750653323439,0.1308503062634482
146,197.0,0.3285618652599044,0.1271854328496188,4.758614101400488,0.22075374522717658,0.16405398313486055
148,201.0,0.9931930095657238,0.8395534202538255,4.772856798291552,0.9476146231786969,1.0980912570871297
149,202.0,0.8595711354936084,0.2674871376754135,3.0917893194387305,0.2030824882950424,0.08041560312297615
150,204.0,0.26599467251104675,0.19393154332484472,4.442048691388052,4.2774482800669505e-09,9.841609811031474e-10
151,205.0,0.4255952614028436,0.29099536243212154,5.158500989503179,0.26655176631698735,0.16465219969516892
152,206.0,5.060101130825943,0.11403208872565807,5.749156227948699,4.999999214069963,0.1815971002715887
153,208.0,0.9668626852709835,3.770502859355481,4.76100371199927,1.0741776546997146,4.99999990894559
155,213.0,0.9936403921473356,0.6506167496027961,6.175704783644111,6.412532483665712e-08,0.14574382379944595
156,214.0,0.5961882729199149,0.2491047002404225,3.9155835846092906,0.1205310542916117,0.11622804450822757
157,215.0,5.9296103021461635,5.125259175892716,8.492458125620278,4.999999719628274,4.999999907989358
158,216.0,0.4236665597203392,0.42034361714238994,4.525883588795323,0.14369132267615708,0.34093727322524847
159,217.0,0.4961719953879048,0.12963401772884742,1.3935248760522674,0.9357886798648462,0.207812860324621
160,220.0,1.064164640435892,0.5951834054613613,4.714921321504104,1.0818028410893947,1.065311253854486
161,223.0,0.16223093412718342,0.10269809502526062,4.600817895228347,0.22233425363231335,0.1978083531756029
162,224.0,0.2227388420939198,0.30136319608662343,5.817786387658247,0.24132771078116153,0.3299020442767041
164,226.0,0.18073662766350354,0.21769275284440295,4.673439014699221,0.19150583044150513,0.31271337217875655
165,227.0,0.9366043653673679,1.1151847649704092,4.934253774561468,0.7647609727623182,1.227635174768971
166,229.0,0.7690103515417314,1.2152531672641091,2.025386968391623,1.2765423410196404,3.624750444846816
167,230.0,0.13874653297226908,0.1449658220256798,5.789280411236489,0.11907218493407691,0.12697326658439798
168,231.0,0.9773052364698838,1.9705683352567973,4.870916839799674,8.88856756868181e-08,2.3685585140648606
169,232.0,0.7146494490378129,0.2836612129332325,4.573128689448925,0.6726410680429401,0.35616660564106467
170,233.0,0.5868676658037985,0.9813642803288363,4.164888434749724,0.5043821400293916,1.6872323886342537
171,234.0,0.11777672667565492,0.14066965612948834,2.3941802777382293,3.033748566513236e-10,1.938474202009145e-10
172,236.0,1.3235776791262228,1.4077414670338675,1.9998538928934961,1.3570192374803596,2.386567732208811
173,237.0,0.18244784070157433,0.15286649894865942,3.784171553435232,0.23648698515274355,0.23122431532496718
174,238.0,0.8079745786158414,1.0720358127237635,4.194973451778366,1.1251581819568628,1.479860159837576
175,239.0,0.12060731003306548,0.088364239289149,5.0062760497946,0.023685089417372608,0.0377974683528385
176,240.0,0.6075310922204021,0.7526183756708258,3.5470890822565373,1.1757527566311468,2.1501109258425957
178,243.0,0.8079745786158414,1.0720358127237635,4.194973451778366,1.1251581819568628,1.479860159837576
179,244.0,0.9055500344537337,0.9417831057300718,4.959697249837774,0.18962413388549781,0.5124857558361435
183,248.0,0.8711807271059293,0.28807905899975916,5.445858719866322,1.0565750278156913,0.40397537369520187
184,249.0,0.11713503767482739,0.12457580034412773,6.0263571341204685,0.03341759735503874,0.027364107490086952
185,251.0,0.9824181546774915,1.4975814426164726,2.6729928141603705,0.8997648703388731,1.1546950664227804
186,252.0,0.9251079736638832,1.0072938703533723,2.827301449241858,0.21687405603897864,1.9876148998075043
187,253.0,0.17058109535633323,0.17004513340107635,4.768832304604104,0.10853379945163232,0.10390356165496771
188,255.0,0.666701380543744,1.1439249934622637,4.624923142708195,0.9502226215490978,1.4356670992398024
189,256.0,1.1672685493853223,2.5436202320565635,3.8757995706407824,1.3259736080458522,3.4342771210959384
190,259.0,0.42668202957301804,1.02137086920324,4.2776725107293805,0.4604288641629562,1.5989612627016645
191,260.0,1.2434401131546033,0.21707055624348653,4.439429581902466,1.817507679339345,0.6041193450914053
192,261.0,0.7519194765641188,0.776967557980417,5.674952722037786,0.2059018389742967,0.5682364850750826
194,263.0,0.5897891349192994,0.28369087193731557,4.352144037447331,0.5418543239991342,0.33407700798054096
195,264.0,0.37383456409393645,0.501536190566565,4.797328102953753,0.33687403589903137,0.7040454557894755
196,265.0,0.6396266822938563,0.24960510710380482,4.543543292180938,0.04085454756954853,0.01634675816253976
197,268.0,0.8880851232142017,3.645463173327149,5.797986082637331,0.6905036737797828,4.999999330387824
198,269.0,2.0752164108670095,2.108694092897521,4.110956369830052,2.8666575437343185,4.999999946477536
199,270.0,0.2287895434018425,0.19462213530424122,5.5321879869690385,0.22023242392735096,0.20784974873866582
200,272.0,0.4061148109293754,0.2740260179057338,4.496194399180018,2.3361531440671475e-08,0.16113130212244772
201,273.0,0.7689162792886053,0.14767554884374415,4.560694620905879,1.2664470909750642,0.364368108993788
202,274.0,1.0357643097524145,1.707844127211605,4.02102967475289,2.0588085211772484,4.999999939286249
203,276.0,0.6483927398907408,0.5948804892670124,4.799927914344164,0.9951806679965238,0.984729115603889
204,277.0,0.9642853597323481,1.979758040690751,3.6220605304442253,1.4160669622074882,3.3273747397356113
206,279.0,1.0156673414357653,1.3886200881321609,4.824445592021554,1.0288380688144318,2.1679000049864157
207,280.0,1.1122807371419798,1.4058530884557916,1.0000005545571484,3.7442854845935187,4.701092545729261
208,281.0,0.6364988889773023,0.8720870334724364,4.6863981229915375,1.0393891021614474,2.0631778349028544
209,282.0,0.09857789117674982,0.060790362795379575,5.080120012153962,0.060763191648490145,0.010284883171316468
210,283.0,0.15897079279795107,2.081441427557075,5.106984235310138,0.20358588191725538,3.0110497112611836
212,285.0,0.12213699415304828,0.14277607082131422,3.1025249739735923,4.0834305091559315e-09,0.06384024983078436
213,286.0,0.7533246936375193,0.12751759740518195,3.5152144268992944,0.3363803105701964,0.3236088124254855
214,287.0,1.655142341971045,1.630314235220554,1.6641696310403706,1.5612973534885133,2.08869524102414
216,289.0,0.2231575334896161,0.18916501284934265,5.515957452219516,0.3836298886170932,0.30670443450438173
217,290.0,0.9251079736638832,1.0072938703533723,2.827301449241858,0.21687405603897864,1.9876148998075043
218,291.0,0.35998606186665627,0.24909199578007224,4.437587467252987,0.29979082974574117,0.29011450664312777
219,292.0,1.3107525351631086,1.8838017406617513,2.108743548166617,3.2749976565272148,4.999999238338648
220,293.0,0.09058747471802102,1.799716967400238,3.326274739019518,0.23932154588844057,4.999961734131433
221,294.0,0.12086638333479184,0.05122099840345917,1.1692973609287958,0.33842565972282823,0.15249253781211486
222,295.0,0.7314748395765795,1.9539345953584641,4.612320531711319,0.18242792146868667,2.1554065519835266
223,296.0,0.43612270355457866,0.40418227760950465,3.738667423050117,0.35211165721174803,0.3355451774403986
224,297.0,1.3563389187564698,2.726431909022929,3.8965634255025705,3.068380666937642,4.999999885102408
225,298.0,1.5403170649417322,2.017094329738039,4.022355987436453,4.999999695184646,4.999999819974125
226,299.0,0.2597382437079471,0.1769883700783496,5.449692139532768,0.22692686297140716,0.20640636058550996
227,300.0,4.918356311200763,2.7647391117409508,6.8829701186271555,3.875967581913953,4.999999944446659
229,302.0,0.7931047067275584,0.7202406449737866,4.472931840227023,0.7771391879863959,1.4924678848118489
230,303.0,0.3723275928092843,0.22248829252869018,4.421189141748731,0.3230845854376823,0.2928168807807004
231,304.0,1.2050556052864811,1.5313410997598296,3.422764889298388,1.719517895031059,3.5888792672463588
232,305.0,5.999999770419433,0.039374032107754066,9.99999982462349,2.9591983785868634,0.046956545685999926
233,306.0,0.2671276590675504,0.1724109028930045,5.235549142338183,0.2844062815582426,0.18453094165614672
234,307.0,0.2895867809347537,0.20593277655713715,4.7915783046075155,5.755648475936612e-07,1.6969083581310758e-09
235,308.0,0.5522977801087934,0.2616258546414925,4.415512982238543,0.5738668886877123,0.3520704409900316
236,309.0,1.0669931232925483,1.9074485791431068,4.733401017386342,6.473005363837926e-07,1.8990814395119118
237,310.0,1.003123525271649,1.747326844533218,3.9851253391046373,1.982966881767903,4.999998912117546
238,311.0,0.08420103737111324,0.09985134306241032,3.07301168952116,0.048253268610223075,0.05987701280834548
239,312.0,0.11553875376991639,0.13498748787601592,4.11491096628076,1.5994159496365002e-09,0.0103388823022428
241,314.0,1.2528467150764881,1.6336382877464801,3.219154326635622,3.6417230774959855,4.870480957701103
242,315.0,0.6728619881414686,0.7478426270109609,4.206483932089079,0.24710782636918543,0.9539794375961413
243,316.0,0.8475659009679889,0.9858447550387891,3.862526438051173,0.015242955727734856,1.5623139589107027
244,318.0,0.15104006399858644,0.1335314361687369,5.363804004569866,0.05703892931802359,0.08195298435988212
245,319.0,0.5230318521232905,0.1746168053141109,4.704342121330485,0.42881583609589186,0.3379895236578955
246,320.0,1.0588821329464926,1.6368885120751866,5.224108978092781,0.14335180436110206,2.833216620019411
247,321.0,1.0505745091868965,1.3519439667022526,3.531121670942462,2.2536429869277605,3.3786633259385592
248,322.0,0.1336404223880479,0.10318508157327361,5.113897119168287,0.059233360092944054,0.06103637110481846
249,324.0,0.9409970386347117,2.6722769044993964,3.4993014958762414,1.1316035227473713,4.999999909353627
250,325.0,0.6719798164227827,0.18587521922871836,5.055730083338518,0.6492909463830471,0.25136131959144964
251,326.0,1.0679045066145618,1.3332352790092172,2.881724051694263,1.3068249749398804,2.5721839373325257
252,327.0,0.2566647454751665,0.18745697736997374,4.563149324049911,0.23707561639234034,0.1588225587879777
253,328.0,0.291011480300515,1.101333272262512,4.149538559998032,0.4843506512179475,1.7361905876934598
254,329.0,0.9894757611846989,2.6183617896556375,4.635103044235809,1.7188193306657855,4.9999998012810805
255,330.0,1.314078227565483,1.9627457520326934,3.940399727882691,1.929150076409844e-08,4.999999941055903
256,331.0,0.0558762171815858,0.04221635772445236,4.867410557214754,0.022035446591450646,0.007595844442513467
257,333.0,0.22001360027595646,0.13046591506761712,5.629177875579745,0.16081230408820296,0.15286603449463937
258,334.0,0.7114296456993773,0.39412457786668,4.75737493189121,0.4363309748699876,0.4973845741075903
259,335.0,0.8780363465644763,0.8204891985127661,3.1069956390372337,0.14178825783336224,0.48842081366174334
260,336.0,0.9876578553128394,4.824005404458703,3.096814177287735,1.5997879526990038e-08,4.99999997551168
261,337.0,1.4851346291972176,1.7391548805342731,2.0474618750348506,2.8767644920136353,3.331580505774732
262,338.0,0.18623995057955806,0.16121145460068312,4.987603077351095,0.11598344688322877,0.11008343907950355
263,339.0,0.24384596263369046,0.3556939731948143,4.32598982990987,1.514545304107149e-09,1.0778047853532678e-08
264,340.0,0.19708103157534468,0.18478582974037572,4.5057792813004784,0.333863317096292,0.3155135536785967
265,341.0,0.9570078855663582,0.1207235213327289,4.225297873678804,0.7965129588641602,0.058790571407518644
266,342.0,0.6564965827400464,0.3746608534747331,6.193042244394264,2.2907954038340755e-08,0.34917617518806454
267,343.0,0.7258776633474413,1.0545569806917212,4.264845038286632,1.0483453278356847,2.1058924242814614
268,344.0,0.4335836110385603,0.4633956578167396,5.144731514132259,0.5658952083150778,0.9296347740874912
269,345.0,1.127426960410265,1.1490685877140099,4.563591779688151,0.5789270421221195,0.38003627460239936
270,346.0,0.5727927810766403,1.900154157039885,4.639831730787356,0.6278824179321875,2.4173389482570684
271,347.0,0.0805610464059329,0.08055336309171951,4.513482682305663,0.18264237670079014,0.15407098154261273
272,348.0,0.17768933396786277,0.1284045287880983,4.666038859199225,0.17965739907533623,0.22554690802187005
273,349.0,0.25334677075682793,0.2926227962427086,4.581824450158627,0.03227395943293613,0.03154530382099847
274,350.0,1.0522043960540077,1.3905472163508599,4.429190299756007,1.6263229763301288,2.290178046162619
275,351.0,0.26022780066400514,3.8569366385549375,4.445433758551206,0.6652967378864335,4.999999827691964
276,353.0,0.3914974514959314,0.21190282687056067,5.398947367837358,0.3528551325589944,0.17601405142573992
277,354.0,0.9638893934222065,0.988483390615374,4.358720522346415,1.6798041372977965,2.4757267617246965
278,355.0,0.16643547551005236,0.1369065367626825,5.981330112424307,0.1238820123475347,0.14756367607304618
279,357.0,0.17728298880418342,2.810155375072401,5.023026087523779,0.3455339912634113,4.999999889439279
280,358.0,0.28894355581797093,0.19501042561697718,4.114896125015872,0.05249682512672346,0.10071911453236582
282,360.0,0.8126345387363061,0.9834146880989023,3.352954700372708,1.1754442558555913,2.7955359183938384
283,362.0,0.22965507713213099,0.2539757059278354,3.3712515310139715,5.66786027175589e-09,1.8783655087675216e-08
284,363.0,3.6201440728307523,3.467540284733921,7.12410591114462,3.9934455534801243,4.999999887186733
285,364.0,0.5724918462568963,0.6027939736093075,4.99848116044547,0.8217849691845889,1.1303857632105765
286,365.0,0.5061516174145332,0.21140769944380577,5.132207199065575,0.6534910303485165,0.29060183242241755
287,366.0,0.5972311097026756,0.8740890668496987,4.533200713675255,0.6864931702321921,1.2967328319368239
288,368.0,0.3142046164558158,0.16598819013810806,3.977660385512818,0.05396538476954773,0.15413169644357688
289,370.0,0.2940246447937624,0.18347202412864233,4.4703729031101185,0.23831900462648828,0.2604298871367209
290,371.0,0.8926543652387585,1.1418446126199762,3.789957338909344,0.26321323169717015,1.0622570611219064
291,372.0,0.20895166004394883,0.1691147129122459,5.783013930992347,0.2674836775962793,0.34947051688276365
292,373.0,1.2992269138754273,1.8769854811269395,2.9859977547734506,3.2779443235791863,4.9999986000097465
293,374.0,1.9442867691841441,0.3033594229085053,5.73898976262444,1.9024951997285775,0.641521587823456
294,375.0,2.8552285403848625,4.345766245478256,5.144711171588113,2.2515116514560694,4.999999813878976
295,376.0,0.9762429220445554,1.0641092623418478,4.342034426331734,1.0701132302330965,1.2625932457089128
296,377.0,0.14457552467205204,0.04596907558825548,5.042958274553232,0.2906839982907657,0.09495988984922978
297,378.0,1.0780856476923852,1.1126010090091012,2.670129620241971,2.0496683414258996,2.6235016963686757
298,380.0,0.155989327295288,0.17374470231383235,4.839253647951926,0.18974579825463986,0.14601916009358334
299,381.0,2.3089364540502597,4.013684920322393,3.2457790577375336,3.829640816027137,4.999999787917692
300,382.0,1.1517243076991635,1.930332037191052,3.3108856965877247,1.0360279417403209,4.999999920674821
301,383.0,0.2510481751785153,0.2357825798233864,4.511862114396292,0.3118067571795988,0.44076280065952644
302,384.0,0.6971686496712695,0.7289738203908114,4.546700470975458,0.5574229051624805,0.7525992208817306
303,385.0,0.5143342299969881,0.3710364935225715,2.752177860082858,1.0347400671402916e-09,8.655163265720912e-10
305,387.0,0.8427767598997681,1.935003718348287,4.623957248983019,0.9850609091143597,3.3952065432862697
306,388.0,0.47599840934199633,0.4453567219223926,5.039527824774357,5.9605905754993695e-06,0.11202003136550828
307,389.0,0.19657876320701262,0.20370947198647668,4.972759278657634,0.10417601709551136,0.27689447294293007
308,390.0,0.20238083505272866,0.21716847390756266,5.0885234457056185,0.11398903299676744,0.13466319646440064
309,391.0,0.9627343721618972,3.3550643636264943,4.5951660789538105,0.5791175468547044,3.9325259660107936
310,392.0,1.1624498335303515,1.1567390916205555,3.855878846491763,1.0844536827728966,1.5805527073910544
312,394.0,0.11383730708484238,0.0821048388717979,1.6078842613589526,0.004747511922544169,6.214134157368254e-10
313,396.0,0.5465437057424689,0.2391484946006287,5.454938705229945,0.8609073260893741,0.4179178368725895
314,397.0,1.2445240547491752,1.5574422799686014,5.0035233746605945,0.32210471542491625,1.8399219228843853
315,399.0,0.20531039154113234,0.7383191396891615,3.6127501705401865,0.08014957198171645,0.6327794871926201
316,400.0,0.21584733037402423,0.14139534363575135,4.8537280183366045,0.14701357728952177,0.09485363093082104
317,402.0,0.9926126313174484,2.00435678914826,3.6960204669762127,1.6684372493897088,2.735543904092762
318,403.0,0.9812418077705214,1.127315786127881,3.609264343575327,1.0074651014683298,1.9157817244612794
319,405.0,0.8015263875082524,1.6330250091402267,3.510758688675178,1.1371886393570332,3.9535187382288517
320,406.0,1.8086811978016974,0.7628613991849454,5.7918155446359245,0.9406706426081023,0.6558373065624077
321,407.0,0.5084168518056615,0.3675727025857428,4.610269255750517,4.652894211264648e-08,0.21770943779916194
322,408.0,0.9619343376809154,1.0912633396013154,3.9676732358752953,1.2162805204541405e-07,0.567387335836351
323,409.0,1.4419152628304825,5.999999736908791,1.3232979110883214,0.24168417000134115,3.640900305200619
324,410.0,0.757031761583588,0.5246286626210164,5.224002625447183,0.315466165506155,0.36578637134573316
325,412.0,2.1922079762502498,2.2880677196756802,1.8335010942910221,4.698952626999943e-08,1.7572125170084831
326,414.0,1.1373076081814362,1.0726511405214583,3.4378142776023997,1.499065872970386,2.0712350314145542
327,416.0,0.9194546039901061,1.3060031170499162,3.2784926710067857,1.868226432330801,2.8828675876805385
328,418.0,0.23989219664173148,0.18490589651551934,5.4970919494315105,0.2641729199005562,0.14006015526737728
329,419.0,0.16265446875426318,0.18954802637641427,4.259457554421292,0.30967550269582184,0.27500300972694697
330,420.0,1.0196567025462322,0.9800926236840586,4.0000044652112745,0.9170342268335633,1.5764409138519386
331,421.0,0.1989780708816718,0.10869030949531464,4.653026608218554,0.001673095697436327,0.07715177932918042
332,422.0,0.2567801942960449,0.18130387829492728,5.092732664369312,0.2714935216118525,0.13311190538314652
333,423.0,1.6920212938733055,1.5595175020629706,2.649637661934931,0.798908799121659,0.7403337121470008
334,424.0,0.2899452920992531,0.23635784354743508,4.309643863163078,0.05797779662743227,0.08424345233613498
335,425.0,0.777531390479759,0.9251951012841777,3.7523329070712834,1.490459738894832,3.021380810076223
336,426.0,0.2595061680618408,0.5063209845631876,3.211296379055038,0.33992345780171346,0.9016312083678348
337,427.0,1.0390090194275636,1.39553367741068,3.6701378646204246,1.8153205540691917,3.3302119172789473
339,429.0,1.0462890121468695,2.3240041289862563,5.1094890257767895,3.0023333519100896e-07,3.643506627292235
342,432.0,0.09393070986649497,0.060522854922241215,2.6156251196756406,9.197835191829607e-10,3.4795109563646496e-10
343,433.0,1.0776148770171736,0.29526535757969685,5.535601118465757,0.588676799534394,0.6387904675238175
344,434.0,1.1907027996286534,1.5160935127730801,2.719554597532102,1.034728202900053,2.882355475311328
345,435.0,0.7999321040756792,0.9597376827917161,4.720697103334651,0.3734271326253457,1.4902422683692138
346,436.0,0.1855833738650555,0.1534615393828335,5.199291858087479,0.14702666813803847,0.11153094384838498
347,437.0,0.9302999490525046,2.014237997025577,3.927881142556882,1.9731073303776803,3.952487275103546
348,438.0,0.7980348272241128,0.8592578260155246,4.579603855299366,1.2151697493782834,1.7472349275057513
349,439.0,0.5606207584645078,0.05815401000687533,4.956926305256036,0.7119437273615652,0.14089746288174873
350,440.0,0.17160638133533815,0.15920614940597175,4.837049640451736,0.21133206875243354,0.14431637590945715
351,441.0,1.1830381785051434,1.1412069655076362,3.776941687947994,1.3143578556796434,2.412134287606908
352,442.0,0.8362286749106149,0.18801499278870926,4.444853554487539,1.3943849372845685,0.43577547716223536
353,443.0,1.1857959648262293,1.0720229135006492,3.858507285732077,0.1976710781437797,2.095803531323577
354,444.0,0.19407836025750808,0.12468370827535544,5.264916495394533,0.30809074221991156,0.18183841232076184
355,445.0,0.8038440694033865,0.19941481324632632,5.108329388056539,1.1198390372802862,0.4066716645934193
356,446.0,0.7989046833189912,0.8324682646377026,4.209894294957053,0.9253059910818417,1.0300871818714852
357,447.0,0.15748219741904873,0.13573813088419148,4.436203706494917,2.738151648361112e-09,0.017457230244351793
358,448.0,0.9627312435417009,1.3182391255882382,3.4652668203644317,1.4179333232740214,3.408637695129468
359,449.0,0.3967700893185016,0.1724254873622136,5.08416051453332,0.060234025632037176,0.002918869141304665
360,450.0,1.1125595502429515,0.2806391137302054,6.307139914224071,0.014391052290813899,0.2961071858901855
361,451.0,0.20424219164197388,0.1329391145641082,4.317702420784392,0.10400559078735953,0.04617649987552495
362,453.0,0.19904396568875893,0.14107588439544044,4.550293568555688,0.26444539398202865,0.23709702138316263
363,454.0,0.30867105203285633,0.2955794917648886,4.789503531630834,0.4539656102073955,0.5281519092011143
364,455.0,1.4060651505872734,1.7459685630478876,6.875351339601422,0.5328462708568001,1.4818809261711792
365,457.0,0.42622443946359284,0.21391995378408654,6.900785214368866,0.08654927529403138,0.39334152147605905
366,458.0,0.6313895070825419,0.3286147078679611,4.9315121520905265,0.8539298207842423,0.5102936138597696
367,459.0,0.3864443137797652,0.23815845595176036,4.551195453567763,0.5352703744481383,0.2892987694053486
368,460.0,1.2156730011506698,0.45347921061187696,5.808238681442464,0.9375493908865309,0.6950544144112188
369,462.0,0.22070917996660402,0.18136900804217815,4.888908063861609,0.1464055121068256,0.13884149467696985
370,463.0,0.7092410302864469,0.22064848376432036,3.6219131835139566,0.29977718870760534,0.30021849711301357
371,464.0,0.20718313850765505,0.19765433391530585,4.312715054612666,0.27420999827018067,0.41696306170627667
372,465.0,1.179232583405031,1.7661018276847875,1.4933263362061717,2.2942130393219133,4.488948315148904
373,466.0,0.6615520192500348,0.26804205490522687,4.79134955338668,0.17799482964013297,0.31943873949874696
374,467.0,0.238440389220623,0.09217020083120112,5.222532245768898,0.40078453455732255,0.1639688883175447
375,468.0,0.3346069781056339,0.2503747339804324,4.362349777363191,7.689224240078628e-09,0.00223136310771118
376,469.0,0.5901409663894762,0.5541506124171898,4.848948607325906,0.5276838436936885,0.5781463939299618
377,470.0,1.2540515947864712,2.2018799557912576,4.8728527377510815,1.8755108160631984,3.928834836554187
379,472.0,1.0202225120712225,1.5143568648336578,3.293868710720474,1.1600603501853346,3.978942492067769
380,473.0,1.219017971491135,1.4289714774064055,2.282143451776173,2.680691944382808,3.930046692541328
381,474.0,0.2942108508827307,0.26651442212261384,4.3592067933494025,0.2842795167233237,0.36701044845493214
382,475.0,1.0290339215827007,0.12110016104257779,4.248229586044428,0.6819950933865375,0.23753679603589825
383,476.0,1.5745521862585081,1.1279848011723266,4.043415523867549,1.6608974124440845,2.0384956727029158
384,477.0,1.0326719873421877,2.5117886591635745,4.36002341411078,2.3969165960845684,4.999999879061134
385,478.0,1.1293824922319908,2.983203698630006,3.2796470660938684,2.6186851579959063,4.999999865643361
386,479.0,0.2496113531100761,0.14374940112077503,3.553137282189175,0.07844538531614302,0.0094745296425475
387,480.0,0.941301608590635,0.863179725503966,6.23867052055495,0.8451055670002151,1.3849767579858079
388,481.0,1.0191646204444988,1.1449242519069416,3.6460574994179575,0.030227463977169813,0.07641168142865269
389,482.0,0.4608811820686704,0.20696190107662948,4.7414763249065786,0.0805078808228023,0.08050305595581743
390,483.0,1.012779748355629,0.98585534421715,4.367381757593796,1.516619706864148,1.877918430554959
391,484.0,0.615583700784873,0.9238735775298004,3.9311103867173673,0.3217247521091277,1.1111054868630763
392,485.0,0.2648354385833382,0.1614664204797595,4.656981449392656,0.18301791271031306,0.10961382045590429
393,486.0,0.37234024229536083,3.8880876092893004,4.404770678501935,0.6257389654985868,4.848448555557295
394,487.0,0.9762713739977746,3.6128682932372547,4.237038801688516,1.03132659801697,4.999999696680661
395,488.0,0.11699043409019895,0.07304760143176987,5.096629505945559,0.18780268780323095,0.10758320152115346
396,489.0,0.3287716402324842,0.16975628308759408,4.707754759569974,0.293838830371662,0.16970533130169818
397,490.0,0.26786220050828513,0.2537270668594728,5.196209097205073,0.0797195680712709,0.14886269193934815
398,492.0,1.2500394732990596,2.184655537758569,3.7853694624214036,3.0649403361063814,4.999999792717197
399,493.0,0.5171616904738382,0.2215049390523295,4.06437751655098,9.921767631543745e-10,3.7428099484683765e-10
400,495.0,0.418235705637677,0.2841820019874561,5.3293466076288185,0.31492622514066193,0.3603643794140038
401,496.0,0.08773902627281636,0.02796997176489455,5.49186402244261,0.03506035860461645,0.02030871332183818
402,497.0,0.9880073152467844,0.09335942337913569,4.369581212481449,1.3726684049246254,0.17799150479722128
403,498.0,0.7746627445473453,0.7596318235383164,3.2832193160539807,1.3292554426181944,1.5182183695109241
404,499.0,0.42007217283632275,0.2325444519560088,4.968456168337594,0.5514615295846549,0.3693185462768399
405,500.0,1.4836617176795928,4.059549356864264,5.9824075748348,1.5989246650123259,4.546547303876642
407,504.0,0.1942408747390443,0.8472686268110833,4.799243848867602,0.35182655324768514,1.016129941064419
409,506.0,1.2901120134910469,0.5164991929216985,5.256379238425216,5.943377647574231e-08,6.439265569260868e-09
410,507.0,0.4401077802472093,0.31446849786568726,3.5671011399847954,0.4651144491860762,0.8091320974739431
411,508.0,0.099137269536365,0.10957438794462425,4.001374859934706,0.09682946665958472,0.1973936783499002
413,510.0,0.8882597696395593,0.5310822651320573,4.44932336155517,0.2983357905267403,0.507027425289517
414,511.0,1.2801828152420887,1.483186295197133,2.192949650188399,3.9722237619919754,4.99999989960874
415,512.0,0.6784621688980974,0.2244091971797337,4.883956132358219,0.5730124669815294,0.37060762120940066
416,513.0,1.1221364334213235,0.10389787126122148,5.283100010867147,1.3167299198810583,0.25403876070756004
417,516.0,0.19858644014191795,4.302737552973718,4.538612345599814,0.23982871467130945,4.168801004143097
419,518.0,0.7654950921785091,2.0553422609111243,3.6178160078506325,1.4018372449431367,4.999999668220962
421,520.0,0.1988745130331568,0.10943829855179182,3.771084869890335,0.2069682910764338,0.04693527015397712
422,521.0,0.6565079802302581,0.16343429848206315,3.6829063292319804,0.7738468110114833,0.20258090991952452
423,522.0,1.1706220670885288,1.0880521589965702,3.764600336450645,1.1563648644063178,1.75431953477829
424,523.0,0.5168333001198752,0.21474597764993714,4.455477396801993,0.1311436145945626,0.1906602370123096
425,524.0,0.5965154994297672,0.3515907336961134,3.2287052259885973,0.43974472757752203,0.276979098297011
426,525.0,0.10184477448572576,0.06003133194890153,4.498590544548613,1.1266968253230911e-08,0.00035248171076367575
427,526.0,0.1709164112062947,0.23948533202514016,4.458538376126431,0.15072729335226437,0.06698810628904522
429,528.0,1.2882622666496417,1.3229050447979738,4.792231565514477,2.557766291287665e-07,2.357731626490418
430,530.0,0.7038530419365023,0.4810859856731748,4.602546039905616,0.7374240505754338,0.8161906789802271
431,531.0,0.7931417022591384,0.19472744827275837,5.126391834915731,1.1774774882580041,0.38016402283149814
432,533.0,0.9945359901048175,2.1623433713215006,4.5115910466947495,1.980509986578195,4.999999668930839
433,534.0,0.60069793117856,0.4516270454800503,4.819950345282452,0.0743082366194492,0.7139303649591239
434,535.0,1.314106094889323,1.0482337788035647,3.808826965414014,1.6881869028127456,2.8814893065712885
435,538.0,0.876328936780899,0.2015361070873993,5.875472651121137,9.763432522583275e-05,0.26503990256156323
436,539.0,0.8325429963137088,1.4769589420190226,3.271779869854403,1.3857794210684862,3.591841687378922
437,540.0,1.5375157860806579,1.0765064611608828,6.136110819605,0.951439744794537,1.226024265160252
438,542.0,0.11768685123380716,0.13076762280041326,4.072366833949243,0.19206043611773493,0.23389222038484617
439,543.0,0.9284411505999254,1.3898187606887615,3.409072719485193,1.0390962620532813,3.2875998004050513
440,544.0,1.3785834142062596,1.665279293458811,1.0000001096272135,0.27627941178082305,9.810530157563182e-08
441,545.0,1.1270913907271691,1.3941577514249377,1.7606129520141025,0.10654753419419434,0.13607009703519504
442,546.0,0.5816539040607127,1.1015810627839273,4.764108337595182,0.7817748666962212,1.5606031728287408
443,547.0,0.18654565280820198,0.06465379318030179,3.6257099821508842,0.4291311119462407,0.11793889924620596
444,548.0,0.13764062500799568,0.12306233752115261,4.769567640332625,0.0612641671432832,0.05188347588225918
445,549.0,0.8566894546494536,0.24891613192675133,4.803672109762269,1.0396385190996223e-08,0.32784071186937025
446,550.0,0.997746502154489,1.2998783203340372,4.600528961444454,0.9934423252466932,1.7270592796176922
447,551.0,1.09700864581662,1.2793167872335975,3.3691730729230875,1.7001723884404696,3.6676857054551206
448,552.0,0.26638848264978565,0.8705941924205295,4.035262661185694,0.06764213727238465,0.26657597713339987
449,553.0,0.3271953207172251,0.16776529547096278,4.0470718774335275,0.17799629919473797,0.23674592530425728
451,555.0,1.526677589008137,0.32659946875628243,4.743291143831636,0.25458042211079546,0.23239653052957707
452,556.0,0.13190754057585638,0.15424122618911415,4.619395318276331,0.0777075111376485,0.16910998231514585
453,557.0,0.36886742945353285,0.3197470337703443,4.264276242235484,0.13753250232945086,0.2322634125938186
454,558.0,0.9792227619710859,0.5511342635038083,4.99921127624643,1.2087638499982318,0.7905103997116074
455,559.0,0.5335652387936811,1.3474971925428934,5.30313405836909,0.16878445909025458,1.8768943780536287e-08
456,560.0,0.6630653168855845,0.23376348116972379,4.955770621557094,0.16822916957044295,0.12528058441066245
457,561.0,0.726087959843972,2.252602612028037,4.309212970982899,0.8982662342687003,4.999999926198259
459,565.0,0.37079434489655894,0.2790780442109337,5.001417229533673,0.4700161015667979,0.475215635595614
460,566.0,0.26392310258833246,0.1850382038308896,3.332824607013934,0.0117094282322269,0.05299777104416211
461,569.0,1.5098520399694573,1.892211178352073,1.7732217687967553,3.2538803037146287,4.654101510287991
462,570.0,1.1646453468650242,1.0787378820890157,4.262685939587965,0.9783450691575452,2.2477255195479833
463,571.0,2.1734019434387504,1.3102684747442168,1.0000001183367142,2.589612960018372e-08,0.20347333257241315
464,573.0,0.30915390680756377,0.48757893054878887,4.261600885360988,0.1434426177380364,0.3770210101597341
465,574.0,1.0820897981832431,1.1572766595205424,4.254901003212927,2.3576576523284047,4.999999559775613
466,575.0,0.5541268156975993,4.608076538865077,5.034833289655472,0.43113022420579544,4.999999624343859
467,576.0,0.8256584608522085,1.4583839327771992,4.511498305487874,0.9555642249642011,2.2837697364634844
468,577.0,0.8735314267386984,0.11730005441565203,4.646180292784386,0.7803762725718534,0.2687798473737777
469,578.0,0.8384977139296498,0.6016744245379119,4.9232688322277385,0.8260891190115324,1.2669970535218604
470,579.0,0.8283634177010543,0.7098002441254067,5.316505251829887,0.4882652669999882,0.7194450021868728
471,580.0,0.6760466224344357,0.7620630176222885,4.598110645211314,0.9668979732453021,1.865700642811863
472,581.0,0.3034001716867858,0.18909868329713286,4.547483622654711,0.2391978069816491,0.255191468373791
473,582.0,0.6933280643265478,0.7261355490736802,4.657571580363604,0.2927039078245293,0.8606722852016078
474,583.0,0.7001063082301289,0.5200359327918023,4.168759604943956,0.3783914083254977,0.8668091389888409
475,584.0,1.3153437415826505,1.940004955694055,1.6123399988980076,3.6623254099708467,4.811296097956137
476,585.0,0.09892476797332932,0.12471666391194582,2.4961062999057333,7.537956732564719e-10,2.8680925842177245e-10
477,586.0,1.4599330795732335,1.2704379022271204,6.237184796466963,1.6449268102126897,2.3883845493439915
478,587.0,1.4484992105192387,1.5364847979982321,3.8850096360009134,2.1839899304506414,2.814863225482955
479,589.0,2.4927497071573366,1.9401909196321032,4.792806078208896,2.7304945729857337,2.527599919967133
480,590.0,1.1727159528863675,1.2863730375968727,1.4909899857406546,0.34852575218969745,0.3808542293527075
481,591.0,0.3566995642102055,0.4648125025042102,4.482382244069532,0.054655592818137776,0.04125835301928826
482,592.0,0.38425663269722077,0.6990802305959228,4.6042630107553135,0.6397999128395452,1.350307776599259
483,593.0,0.2568005263294892,0.16010267433257155,4.91341871377608,0.2498303116205242,0.20825267201572706
484,594.0,0.53818394987472,0.21552281136789517,5.342781467582557,0.8180441554488714,0.35364594415602646
487,598.0,0.8667123780509031,1.398401364645187,6.030729442044828,0.18508787041943067,2.379496904993023
488,599.0,0.6424208501794747,0.9825858000312634,3.5183326745701358,0.5558230647827751,1.3397249023954094
489,602.0,0.6948364103070412,0.6397034096003124,4.775121976894718,0.38754253600539995,0.8372491436673443
492,605.0,0.195391613873205,0.15895519787542292,4.5594798552992595,0.29959975946095396,0.23303380454799302
493,606.0,2.182329633048073,3.7846607328981285,4.4208748841352765,4.2362366067574255,4.9999999120985725
494,607.0,0.250446728309748,0.3364854789761149,5.743868085764159,0.28794447738700796,0.2754581483016372
495,610.0,0.16890394629981453,0.30321782424359006,4.61321262225218,0.08182843622082647,0.12463297474040234
496,611.0,0.8634031494007789,0.654694825553273,5.579115690719731,4.991662492022198e-08,0.4375423622054032
497,612.0,1.085450027028084,2.3951564552196456,3.5706396987068834,1.0183763079924202,4.999999791318734
498,614.0,1.4578420211618188,1.01854358297075,3.7550177285343254,1.1581094319439353e-07,0.3298594705782637
499,615.0,1.4984514983304396,0.24845778297485535,3.6804751640093563,0.12001654786092379,0.3676727037770178
500,616.0,0.38505545532525004,0.45898009992594324,5.000277506410479,0.3610804739793098,0.5315852870598603
501,617.0,0.9788608152009027,0.936204224197156,4.323081019359216,1.2488441588362398,1.9203645444531767
503,619.0,0.3938255040238687,0.18579551103285516,5.2034637610044445,0.4696262195633354,0.36646179903170034
504,620.0,1.2017605322556233,0.16169342161282413,4.176502998124986,1.8349836826232353,0.30412789370879906
505,621.0,0.389917744713985,0.45432835274562916,5.482811560521492,0.3108322399456168,0.4810690632870043
506,622.0,0.16476903287149347,0.13809364171756155,4.082197144020372,0.2322824325170766,0.242007392037961
507,623.0,0.9791253787967198,1.1025345746760593,3.8574789087233823,0.8445918866819073,2.128266805056056
508,624.0,0.7022646605270798,0.526014728235949,4.693545899554429,0.5778049073180468,0.5198282267067255
509,625.0,0.3948102870328456,0.4204281353270125,4.814242218409796,0.3053567550105827,0.49442718566417987
510,626.0,0.9281523349806255,1.4008789502868524,4.5498130525197755,0.8725458400612105,2.3813129078644515
512,629.0,1.0809529818597667,0.17135445561971974,5.755137504177952,0.641329672796795,0.24752841128626724
513,630.0,0.22259918444223326,0.20265024306310678,4.650954139656375,0.16460650954732897,0.22796080142006597
514,631.0,0.7754712533326065,1.6772825639416113,4.875318880603128,0.9861401210836884,4.065033220690261
515,632.0,0.2980534549086307,0.22869290363242253,5.6428594646151335,0.09558261715307605,0.23623278440427284
516,633.0,0.932448138837403,0.8822926369397143,2.8181999083702607,0.8648351045861074,1.8253140371567047
517,634.0,0.158098053945475,0.1349821670902942,5.048660324090076,0.016187551098104328,0.003265788529272904
518,635.0,0.5306386367864149,0.5944860215887927,5.571840169968122,4.576887334435603e-08,0.8962176321402867
519,636.0,1.6715016083673657,1.7225489144191277,3.133878493752667,4.704927403945432,4.08904929701927
520,637.0,0.4271218672487349,0.1874048976931189,6.007398559224805,0.7583773587683317,0.37136159809941155
521,638.0,0.718876901178026,1.100351362721728,4.3781876545929395,0.42192792322618744,1.4053003281337337
522,639.0,0.08896684592559136,0.06910121568321603,3.168642472210626,0.016242129138244868,0.009734086853655533
523,640.0,0.2613010542656012,0.3470925725357705,4.627853518316595,0.049948626544020026,1.755339366996208e-08
524,641.0,1.627979782975288,2.4095932424078104,3.4954933076598564,2.525113330733749,2.745971013215898
526,643.0,1.2988768357161298,0.2845187067998578,5.214684929703944,1.0115899343610582,0.48247527243526706
527,644.0,0.16724374236521838,0.13522693607462002,4.083947881508947,0.09571673536494352,0.06380371742011297
528,645.0,0.6771737601203703,0.29191572600378285,4.612146003634136,0.15206109398592102,1.6386299812093021e-09
529,647.0,0.815508970510567,0.9960825208542906,5.219120873008757,0.9219142081191746,1.6834104550046551
530,648.0,0.4543926864245666,0.27280448743261365,5.091995482909236,0.42635184677787347,0.4968035972377573
531,649.0,1.3848005443597806,1.1500031304803755,4.299973005180875,2.7871666026475097,2.7847830511546117
532,651.0,1.0941857381445315,1.0805666972640107,3.817359415561577,0.2662164845486187,2.531244603197867
534,654.0,1.1578387967444308,1.2254148134954437,3.6974971407556545,0.9313438878464484,3.201952289924137
535,655.0,0.6568266258798776,0.388414466639128,5.146673352389457,0.5068076218437246,0.369600419369728
536,656.0,0.2541604117875631,0.10547744502203775,4.676685587504853,0.543487629825834,0.1594475904456145
537,657.0,0.1405496898838552,4.218491333507538,5.4026363369939885,0.18604270601141729,4.999996232492458
538,658.0,0.26306072543434866,0.17101265863791093,4.841213229778179,0.025003603955240233,0.1290965850297799
539,659.0,1.0175138170964664,1.4664907779850573,4.939353168888959,0.6959168522591764,2.3096248404506046
541,661.0,0.2597352115991998,0.21676463945330762,4.5879159165640555,7.478795088822133e-10,0.09829309387923243
542,662.0,0.5930935401552446,0.44123298574808884,5.206549183809046,0.11884150885065406,0.20192033102545404
543,663.0,0.8981652027380317,0.3315559784115373,4.944330234626406,0.009629092454604877,3.012546054578183e-09
544,664.0,0.4900263651212413,0.15073968810627694,4.476051560214314,0.6604398022395388,0.2294115876342216
545,665.0,0.21174512742447063,0.17223539213710104,5.882398833867538,0.3057456375126225,0.2175950014958253
548,668.0,0.2950079266786649,0.25965976831457643,4.189940263856296,0.0015772899792829585,7.486928215053814e-10
549,669.0,1.0934071114755235,0.13650084013909886,4.173369311431977,0.7392857845593203,0.2810949312742062
550,670.0,0.3242873284655628,0.2984315464750734,1.524318368216617,1.1007697297025872e-08,1.6046755253356726e-08
552,673.0,1.2510465484125215,0.2642462438678975,6.220836444562263,1.2113701802579335,0.35092531138707367
553,674.0,0.06272880797281763,0.03349962769562833,7.616030834977781,0.02060407581487989,0.0047944377751929146
554,675.0,1.7679080889438559,1.3144119912355403,3.0042587802216336,1.136388946617294e-08,1.4326762822350965
555,676.0,1.3110648915497143,4.786657530689977,4.849795615865611,1.3316859510627783,4.999999619437053
556,677.0,0.6346153021115477,0.638188583343059,3.8860257942444787,0.44929885835182964,1.2989093744628815
558,681.0,0.7392547350542477,1.4706489295064502,6.008668830799682,0.5500056742805025,2.2116332723600847
559,682.0,0.13557020568410955,0.13736291457081007,5.116374375273278,0.14184576425769785,0.22606116540867185
560,683.0,0.47891300091822203,0.1644891211305801,5.45504088447311,0.42113105351239577,0.2207411005437233
562,685.0,0.16500686557782349,0.1906254573149979,3.2307486894362616,0.10883681752474533,0.20382212287797202
564,687.0,1.2538144251605565,1.3336354833131356,3.6717438132014717,2.4388134157318997,3.4575274957470072
566,689.0,1.1655634452116994,0.8575316446789691,4.414848069908842,0.372049132099736,0.35884855035413254
567,690.0,0.15816863786015395,0.12503537450923768,4.332807007232183,0.1752954174447326,0.1381128525641563
568,691.0,0.9755829335689308,1.055204850694661,4.615167564005624,2.61073845214409,2.8171534412077857
570,693.0,0.8500301418234977,1.7136964053272814,3.0311724404908866,0.9030466606456032,4.999999741607543
572,695.0,1.014892405067937,0.8587393226820177,3.4217979503256677,0.7841788190785001,1.5198407332109456
574,698.0,1.2164139694052727,1.4663712897017451,4.3515888378784116,2.292450099042153e-07,2.9311745003285092
576,700.0,1.0618941533497517,1.0573333235760847,3.08217422920285,0.13335942697810962,1.4353341111685638
578,702.0,0.2757438732490695,0.2119431501180408,4.779411621127128,0.09074268518051568,0.16832214073459628
579,703.0,0.17697868653708934,0.18632438331766443,5.470320984897481,0.18933963758038805,0.1848812914610045
581,706.0,0.5201830784448407,0.4467931824682367,4.8148481553039275,0.30209480366858044,0.5252697414933087
582,707.0,0.1506298836901488,0.11673245487847324,3.853692580318018,2.1244396393177164e-09,8.69614707784206e-10
583,708.0,1.1995636820958078,1.1524734938522725,2.6068908896450136,1.6869919770145938,1.9817033722646475
584,709.0,0.21033523035666202,0.12260790113279,3.8269969170390246,0.32026483804301165,0.2601033744966539
585,710.0,0.6127303933032285,0.21797789969073317,4.818780169504282,9.874193287491841e-09,0.36096384848897783
586,711.0,0.6147956338681032,0.7669183723826606,5.501494885797033,0.797487817141622,1.4757839261081334
587,712.0,0.10066453679639967,3.694681443375788,4.833599593230611,0.20820076253679154,4.999994006855468
588,713.0,1.2130572359782492,1.3758014455020429,1.6303348963058915,0.06119247203567682,1.8544822161994416e-06
589,715.0,0.7758965836294774,0.7378958251887746,5.066472346548337,2.1350616922694715e-08,0.2486620110727566
590,716.0,0.9207272367170986,0.8851506434624006,4.472248317954545,0.5929633469727065,2.2396433410485614
591,717.0,1.734660213419544,0.7228256079585035,6.760676209261242,0.5154116552950542,0.7002450735097613
592,718.0,0.305984386609837,0.5096697146308444,3.8097247262434792,0.41382254921627065,0.9141821969375306
593,719.0,0.89395459328953,1.0693413619193632,4.932713649991526,4.014865544379726e-06,0.12582502573511117
595,721.0,0.5852951106957334,0.2997608039337563,5.756771687521144,0.3965254535904787,0.3055133088564355
596,723.0,0.26781791656880266,0.6747835234560179,4.6554727048045645,0.257687862225055,0.7922031354454059
597,724.0,0.34671683224643035,0.22082225962084706,4.96005207381184,0.363684348318911,0.3161726647763502
598,726.0,0.8771766146784197,0.5315058677024467,4.371692421432473,0.566822123170318,0.7705599096795691
599,727.0,1.0604575203182487,2.7962805027195756,5.825791290670993,0.7104224764837038,3.350027132566977
600,728.0,0.5551818099841987,0.51935880571471,4.926021808264773,0.4972808257768182,0.6963969479303133
601,729.0,0.7229657328874807,0.6878712761516514,5.466891234988309,0.018648888389190738,5.263441642948385e-07
602,730.0,2.0147456261221977,2.235244033678315,4.911040609295262,3.060205872289517,4.99999938088712
603,731.0,1.135102574556195,2.0140509111343508,3.7829636458525377,1.0446685154045865,3.661059831766403
604,732.0,0.13485210416266152,0.08072541849719016,3.424716220045358,0.31200636544765226,0.17744813342826396
605,733.0,0.07986042092132564,0.08326958768758497,5.676570458462679,0.10319763349671163,0.09787197326188532
606,734.0,3.0661697414166444,0.08470815854555686,4.435830325381282,4.999999611392527,0.18640412995737024
607,735.0,1.1573875026668334,0.9887300201171999,5.816422485836505,0.24798427628274547,0.5358999825106374
608,736.0,1.0773739981173567,1.0158090548312806,3.339255145533119,2.6281325405026386,2.8134160531299766
609,737.0,0.8176116832912314,0.19176779825856896,4.703750037756714,1.048422492486946,0.26520204498391997
611,739.0,0.16091891733175742,0.1639029722075287,3.558629848923275,0.24690614591577245,0.47406485792131353
612,741.0,0.3758229600470476,0.17941496915204358,5.951318072853596,0.2773726060609879,0.24211510808193343
613,742.0,0.09959021845494608,0.07585001857905911,2.7515975651685456,0.028795284120944717,1.767544920525871e-09
614,743.0,0.1585577115411411,0.08539586310734804,4.65352258709049,0.2478591610295704,0.13053603667282204
615,744.0,0.5287796839774673,0.2873708899835287,4.616672738250229,0.29993341236978815,0.2931884033342433
616,745.0,0.34247011632452334,0.18042192090168604,4.2413919322751115,0.4175316664935059,0.22692168507877644
617,746.0,0.3472932204315498,0.5657127575706157,4.3737398486554735,0.2750361572219776,0.6859276202044301
618,747.0,0.19439718118472954,0.15833449239847183,4.983770174351781,0.06469690148625842,0.07150861281068069
619,748.0,0.5288077829519471,0.2633356452075699,4.157929980952963,0.7357555798651825,0.3773528091650108
620,749.0,0.12260059310594502,0.12121827501816221,2.8012550984705755,0.023313952871436044,7.77286878750974e-09
621,750.0,0.3676734085419045,0.11952842909004784,5.483669665975502,0.7309088872650056,0.18021242652915975
622,751.0,0.7914815396202954,0.14515172986548625,3.6988754886245903,1.1382215407443026,0.28074058185040773
623,752.0,0.3489305945496712,0.1724239465020579,4.618924426759799,0.1627077461621566,0.3147605049147979
624,753.0,0.5541300895109892,0.6269562974556341,3.2647921610954453,1.0756865111129557,1.459238656325088
625,754.0,0.7331864734421165,1.0229170582371516,4.783591188050764,1.0757228150025893,1.7163371221464754
626,755.0,1.2660510806951415,0.9029714823838012,4.921580297586038,0.01675029664177618,0.5663099788131762
628,757.0,0.9395575478496397,1.2610268759885197,2.892495719474549,2.739293816288512,3.6101489249656473
629,758.0,0.23386360904377784,0.19782281670195734,5.0070542693270665,0.32776028164385185,0.3485250181365007
630,760.0,0.17537936154488737,0.7426516730414285,5.5171357853549425,0.14202764682296143,0.464526626347431
632,763.0,1.0322820128281005,0.9281151809045703,4.9839972007779245,0.5695053604456827,0.769090951345139
633,764.0,0.9958156601966018,1.2999357989003004,3.89179796681317,1.1194809970195732,1.7866903909005407
636,767.0,0.5409215859175454,0.20168690366643663,3.6164216557600475,6.70257967475824e-10,0.0016299116168950526
637,768.0,0.512078436619878,0.14807178005361243,5.630359118577236,0.7125541793643065,0.23901639959450333
638,769.0,0.9817922491762204,0.20207227793264976,4.467597791028722,1.0635773329540674,0.4742153531574868
639,770.0,0.4200662314774992,0.2685813617211767,5.437479596921853,5.892282696496261e-09,0.14160021135638481
642,773.0,0.3514691493499926,0.2521978685488034,4.642432908250071,0.10259264327381906,0.10720602017890551
643,777.0,0.1726586422526404,0.11786520798602255,4.672996284449336,0.22093557579983114,0.23733155309778964
644,778.0,0.07619149530750341,0.062397037985352156,3.577708682152921,6.732117129547079e-10,0.0047682173202216495
645,779.0,0.4626409307989683,0.16231993469480963,4.485818503484143,0.6859218079956623,0.23237552979299878
647,781.0,0.5899841763143795,0.39399147221351455,4.550887643465166,0.8971409934081551,0.7344742057380319
648,782.0,1.432870673685097,0.24717675941102762,4.979863363006168,0.7116046101311637,0.3561011310946667
649,783.0,0.2332737343709723,0.172507456740207,4.7659884679023685,0.19251092197244365,0.18494941192948597
650,784.0,1.503764872319284,2.790799971280925,5.531927838399318,1.676154055134124,4.999999717340512
651,785.0,0.24328596347933434,0.18013934513987567,4.525986072819572,0.3294050612060111,0.30841871895485257
652,788.0,0.7787812827302113,0.6809204332804871,4.150899209901936,0.2026468239241573,1.1364843775783635
653,789.0,1.401318603514039,0.21765988905753042,3.7588077610846926,0.4713347467437406,0.21688979600440797
654,790.0,0.5050999900752268,0.30446161920601533,5.229379966894941,0.3596591391158009,0.28493905516211776
656,792.0,0.2637111902932506,3.8886052447545407,4.907417474088512,0.27256208381509966,3.051757886387944
