,ID,sigma_0_short,sigma_0_long,Q_0,eta_short,eta_long,epsilon_short,epsilon_long
0,1.0,1.2713535634239297,1.2340967098900353,2.6285306176757546,2.2469111152824364,4.999997159051574,0.03162098746824793,0.1259518977977965
1,3.0,1.0643665159362263,1.08784613269187,3.324391342183356,1.1638180639355309,2.260215439490947,0.02882026989911456,0.05437530443141793
2,4.0,1.1099597293923702,1.20380238684343,2.627263033511112,1.42065074486869,1.1480136550976237,0.18730413931174425,0.24574962496354744
3,6.0,0.7975579883994856,0.0908807654244757,5.152284925975182,0.8152091321163645,0.05733397407650077,0.35064576267327,3.123764743583227e-05
4,8.0,1.310723499674459,1.060307483466194,3.4726309024889837,2.7303342866117646,1.8924438376402328,0.17887763505958146,0.17111979786852918
5,9.0,0.8708037154569636,1.1147439923740994,2.460550531137511,2.5611869021378837,4.656111496648088,0.08797810684478494,0.15404394875354468
6,10.0,1.0148298160680185,1.0646712611242461,1.5672904715435159,2.136206051307333,2.3985558733731662,0.11522143008148193,0.05940578548533229
7,11.0,1.4610061318589296,1.423452672643621,1.2804910252027217,3.31821283580616,3.6355286524239725,0.040896882386980284,0.14110856403478295
8,12.0,1.2094101568856952,1.2438275924615825,1.084429759187762,3.9963319846872047,4.999997251825075,0.13976509442702126,0.1521670550769163
9,13.0,0.8774843978898658,1.0743979290737202,3.4194286272875933,2.4872875734976,4.999999118842051,0.16358328684612145,0.15677106728486018
10,14.0,1.1991047236602317,1.1941015009818174,1.9651658386036694,2.8414805083919465,3.902572362757006,0.29913221536784307,0.3020503374506032
11,15.0,0.9784493701807571,1.5499478611108715,4.068552090416509,2.4357754557037588,4.999536336198747,0.06311067661644824,0.2102736294551185
12,16.0,1.1939745983006806,1.0447568764860875,2.788823024610055,2.9224101936420577,3.7117117949653657,0.20369628839866014,0.35757481939152497
13,17.0,1.0955705112995304,1.459803335199481,3.88476889588675,1.593204551948109,1.8679944536328303,0.21721260859861247,0.15271615823391171
15,21.0,1.281566766212818,1.1945673906552214,3.136192310264295,1.8210466182326235,3.087338113654018,0.016194132538655332,0.06267703120807096
16,23.0,1.2591622423501012,1.3517302939157043,4.4663188229167075,2.06712250828153,2.8975159183410675,0.02873906568898839,0.07018786935239699
17,31.0,0.919606066983606,1.008303605068243,2.641398255693036,1.1886506680423627,2.1057408947569654,1.2288534592112367e-08,0.051781140585222984
18,35.0,0.7104142698216701,0.7305086117280291,1.968598073943097,0.5921947452112948,0.8009677646061504,0.05565164221317987,0.03518212616329669
19,38.0,1.3381573497416381,1.5931605725165856,1.8214938131830696,2.2209760972763517,3.895185071202324,0.042119864675314825,0.1372651303376013
20,39.0,1.044127385908714,1.0546438118845447,1.8492951640041295,1.488669375094605,1.9273806200562438,0.07559268404466848,0.048012501888513755
21,40.0,0.9333656807406682,1.286337109489044,3.6147568859586383,1.1547483560394614,2.269333644963367,0.07098879665782243,0.08589318839905295
22,41.0,1.0527621652397028,0.9378748601848897,4.574177891994613,1.3273281896958815,1.5646224235793227,1.0227302749936124e-08,0.02164197755152027
24,44.0,1.4226094122284054,1.5074184163202906,3.261099032502759,3.422771558738449,4.396748694359481,0.03230004367177397,0.023103463521736037
25,46.0,1.0117981564277805,0.7913034971252876,5.585910265501733,0.7214337249288717,1.3191892194846297,0.07066542954991525,0.1889940213571315
26,49.0,0.9980930954301837,0.8390850876320278,2.358006354071552,0.6918520244462315,0.7279084724069331,0.16632900879115634,0.08775586888966666
27,50.0,1.4224812488570209,1.6299543664765221,2.5384462451304324,3.915347682609248,4.592993861337138,0.20030941241623476,0.2084751801632548
28,53.0,1.1007820386850498,1.2395461059506943,3.1171986658499193,2.762992807717045,3.4547769328686107,0.09657621956836061,0.038131074755662096
31,63.0,1.2933274678830806,1.3496533370670143,5.252915874599397,0.9363892925511395,2.494083324947982,0.04423617506323476,0.035311777727538934
32,64.0,0.7881969544929287,0.5775999033484164,2.9927890169572713,0.8375047924445274,0.35974375424833865,0.14455607481162933,0.1425705386512375
33,65.0,0.9718951681783199,1.5687073828544562,4.224141931342731,2.160094731232211,4.222448074960961,0.0530669345298386,0.13575536628438806
34,66.0,1.0675777556276627,1.3337441853340914,1.9607575938750668,4.221059634623183,4.636583762004956,0.05185081941463898,0.11680019875517915
35,67.0,1.137733264883636,1.1756781584529676,4.055201388618702,1.3576830140328635,2.158030813466156,0.09439626803466356,0.16003835304322658
36,68.0,1.457645538132442,1.207349674902612,3.796438911657764,2.785409748757433,3.294250385043416,0.0793180436128912,0.050639677816605784
37,69.0,0.16940872239449783,0.18607245915914494,2.767328270328425,5.560271218928168e-10,2.0296736613294755e-09,0.10602307621038294,0.2113495629152532
38,71.0,1.3818123388018304,1.6928654082824273,3.4427694853567004,1.3043160958673206,4.33553659990046,0.014256737926192514,0.08726442534282988
39,72.0,0.9620111772028246,1.4696345755191127,2.5485201512413207,2.2682994914283774,3.7298844593822778,0.36572951007129656,0.3908407746068354
40,73.0,1.115511087296434,1.2749359744286608,4.3079707445811515,2.5062197748218153,3.563429066952502,0.1895643458003797,0.2001790384911056
41,74.0,1.5010046581207472,2.1761116650009398,4.0060405935562455,2.5981240232329017,4.684768838960898,0.1302526322129335,0.03987388694142967
42,75.0,0.820837867859756,0.8954704108920425,2.905801903407104,1.4517123063167174,1.9939859397163626,0.05421291575792036,0.09072254222145093
44,77.0,0.5346077336983338,0.682423846682919,1.18459771633517,0.1755783974745807,3.1046602351786845e-07,0.2645097710016099,0.13436138718884447
45,78.0,1.2726576355289454,1.0457683562550006,1.8310566307746945,1.4693656825292185,1.9911318148057067,0.03461474139468101,0.12085094690652595
46,79.0,1.0178887107037349,1.5184051604228983,3.4149547409948027,2.711084504740192,4.74630920523845,0.07001334523344008,0.06160962423483367
47,80.0,1.638002494870574,2.358298749067973,2.6407744503998236,2.552899361428151,4.335041501798393,0.03175846945490107,0.06550891861085159
48,81.0,1.1819532012197986,1.2055220962978361,2.2891075466006874,4.36179007690534,4.99999264836259,0.08520242186000578,0.07193696164814123
49,83.0,1.3628728744383274,1.1857317122196314,3.59840951916013,2.1909910554113647,2.373632190895658,0.03736187671287816,0.06473429662207375
50,84.0,0.9199950296717703,1.4256658701423488,4.828556550027289,1.5183652665172698,3.6644437548170266,0.08024157796174808,0.1756469680005124
51,85.0,0.6485838409494555,2.2264630208051224,2.7313117459343306,0.8556755884737625,2.8565991594921885,0.2651428657375333,0.26547200349720645
52,86.0,1.491858951766768,1.2922374870200748,2.796303302455899,2.75027081358458,2.4691156534283367,0.11904085008946616,0.1671848812340963
53,87.0,0.6966793355339411,1.8762265247992211,4.325085554015688,0.7669238971915879,4.999912379445303,0.49720941808219354,0.47873901942258523
54,89.0,1.422261295762745,1.477557942941513,2.7494007349867435,3.2161369402621554,4.999996616615003,0.05964335648019736,0.136384380157091
55,90.0,1.1950899601453502,1.5213196591689833,3.7382701487101833,0.6842978833778659,3.2842008626701777,0.01640386801607778,0.019759627534707398
56,91.0,1.079304932112241,1.4526967008848621,1.8169605733703276,4.331519174989545,4.999994144258032,0.13073423512471968,0.19155478702132692
57,93.0,0.8368841654602618,0.869805207493045,1.4813856164738641,1.4787917238959398,1.8837296466852342,0.0767254238374925,0.1461435581191061
58,94.0,1.2262348083897723,1.1274067785340987,3.5794797061194297,2.638299528997668,2.371747128586751,0.21863825351689553,0.3349653005652897
59,95.0,0.7341319153055492,2.3424300202363173,4.407679110736967,1.214952613881353,4.473154694075217,0.1196343358090596,0.3995946990775518
60,97.0,0.9560387085998492,1.0194189364773387,3.2501549289564524,1.4245585172667201,2.1953528260381816,0.02851900368718643,0.0038272983768177786
62,100.0,1.304387288529347,0.6722345765546137,3.66438513675196,3.237165116450027,2.8183171438103756,0.4162417269864448,0.28591226226304467
63,101.0,0.7527303828120935,0.7834224063288909,3.4673761810340054,0.8722881371074508,1.5254768570700976,0.2676722971138127,0.14785362621792955
64,103.0,1.0665169277210202,0.8942936154640371,3.501139561444238,2.6403032201368326,4.999999937779915,0.033096167290718036,0.0713589608689477
65,105.0,0.9716406644855848,1.243561464095824,4.496502142130714,0.7628633744937082,2.9869790901140125,1.42640460955102e-08,0.016363565534690663
66,106.0,0.8936160945059172,0.7124399276399402,3.7469945698438094,1.2995991439197898,1.0795064013047755,0.13485609513013802,0.14827486173023166
67,107.0,0.6063775096540959,0.5013305278235692,3.9963001052119,0.3080929006439902,0.01974086532514753,0.1937381689511074,0.15548824973280528
68,108.0,1.159692440784233,1.4364534769645165,3.0826039193578305,2.207786125200442,4.414322375409315,0.024622393301493205,0.07552032000423518
69,109.0,1.1906966000856687,1.2759743405280808,2.5702454702326265,1.6692309099230198,2.11418598745107,0.028598079847107667,0.08185187062267348
70,110.0,0.8541834474620242,1.2331964104597521,3.3488146158656837,1.3165409669939918,2.7676187136559274,0.041243849895934964,0.12225934369225552
71,111.0,1.1620371437371464,1.0751127973660521,3.311886134662179,1.882105588198027,3.1054199726589466,1.7465166940564686e-08,0.07696588003216177
72,112.0,0.7910773255423206,0.8899533194817323,3.4352571968689976,1.023962318896218,1.5792723362375156,0.027804473398172325,0.012935469125836898
74,114.0,1.0744933760230178,0.8743976100165453,4.422840649411361,3.7031074541110885e-08,0.9218628611692345,0.005983130172678386,0.072594378603237
75,115.0,1.148799711730489,1.0191958006776223,2.1409477684983114,3.281831221877689,4.999999649794654,0.0825073206158021,0.0945242280598788
76,116.0,1.0336982690046959,1.1559524234403136,4.92977113251377,1.1683061709707712,1.9409225471291427,0.03999353794545948,0.04677849110870595
77,117.0,1.127218578856716,1.1143569463800882,2.8728569316681063,1.7081255580448425,2.165364425447565,0.2787971786519409,0.24160828533981535
78,118.0,1.1822018880965943,0.842225007217864,3.4238691749269425,1.163148899530387,1.0178764216611638,0.1194328550310654,0.12715654519211395
79,119.0,0.9982260219632182,1.227116538882576,2.6824925616189015,2.6847132737729686,4.511546410824969,0.031232847420287625,0.05399392431460667
80,120.0,1.221434138035399,1.3807282938289491,3.5235649128440047,3.124030611061168,3.92281407679911,0.04156753955069652,0.020712730718108727
81,121.0,1.1300420383690335,1.388118373713047,2.9682465472551245,1.673457329986958,2.129667297235106,0.009443631141115153,1.1600518909538497e-08
82,122.0,0.8966283467065068,0.8086609478659732,3.5092829998351123,1.5145343833105698,1.5983279773144907,0.1954279668523402,0.13828157883331618
83,123.0,0.9417106199724117,0.9827641486550762,3.2810328282602255,1.993623736929976,2.5537630771586928,0.06566435772195597,0.05959377763995881
84,125.0,1.4062867357415956,1.166011791331567,3.53814825965161,1.2131531946106502,1.8857524804668058,0.13663487156505968,0.21174051797645987
85,127.0,1.515084803660645,1.3269997750864302,3.1905227147006987,2.7373644728204596,2.980906171966884,0.06349486193345423,0.10719831973670393
86,128.0,0.4381392398198612,0.4868976341886387,3.965503289817051,0.37911822632148257,0.5530620341657644,0.11036934774762996,0.06120194719084984
87,129.0,0.8144460662189598,0.440365857340478,4.878810496535667,0.3467214651747075,0.011310389853098792,0.4411760134690038,0.49363856454772026
88,130.0,1.9053736313036667,1.6898317221874524,5.0453966174825595,3.7927518896284678,4.999999135176092,0.02886961930928595,0.0518850684635928
90,132.0,1.2257243020465345,1.2220788194935583,3.465720329219379,1.7331721428740834,2.1161920651422474,0.014880681754511547,0.025299373502010863
91,133.0,0.955266497333338,1.135858657665712,2.1332367813212127,2.2296736234092633,4.999999722847571,0.03950732742746525,0.12106740813804952
92,134.0,1.0861868895685713,1.3722013019506658,4.325362118667431,1.336988654963101,3.149169074182938,0.03358236220852529,0.10988716456565897
93,135.0,0.8710671249186323,0.8704088215229736,2.105740004379484,2.3106790450799446,1.680427081425597,0.10652937220979457,0.32102696121173785
94,136.0,0.5028764998194675,0.9163303066467248,5.036236692610693,0.9836361330311911,2.2871219485228402,0.11913121791321117,0.18794751609413105
95,137.0,0.9515613878243003,1.2197054471255329,3.1660393611629654,2.976715373938722,3.466100351087684,0.05332042154333668,0.14776692259514773
96,138.0,1.3639139162126932,1.289115067206648,2.9985236714585994,1.1739800005307957,3.776463344535872,1.0910366261758291e-08,0.11103159922599673
97,139.0,0.9514993858449596,1.4173361754270173,5.112380452440569,1.3171429254252964,2.8011420958630406,0.0263545949932477,0.0866496436608976
98,141.0,1.2282644774309985,1.155471400568055,3.2415636703312125,0.4441692150666228,3.330713210450544,0.08806382483058943,0.10133307387929684
99,142.0,1.0244112010579225,0.9726297300106037,2.7752048067433703,2.6780270931554795,3.365596406371859,0.06600829700191146,0.001412110902972829
100,143.0,0.8721118987399794,1.2560596335593028,4.015442634922735,1.1603094346830103,2.9971017064722623,0.010142320702057138,1.0860272211306927e-08
101,144.0,1.2462116475564229,1.3984340166835523,2.8722014082273235,2.7997336112857836,2.678149656027104,0.11711050310142715,0.1398258394964144
103,147.0,0.4398994511644665,0.37497446353586944,4.267788998588663,0.2852966406021998,0.13367221672858529,0.051625552093173155,0.2255960590642722
104,148.0,1.4224840411518331,1.784913187704256,2.641060387775364,3.2232414749980034,4.6943539967528585,0.09835097714694911,0.3958051282022284
105,149.0,0.32266561055636106,0.1503920114977125,4.3535129312290906,2.2973072636898678e-08,2.0866663497470534e-09,0.14012463457854415,5.7221978650499685e-08
106,150.0,0.6763325404276365,0.1340827404010924,1.5628741281683687,1.5006376963405346,0.509587911259177,0.2834126693083855,0.2531759512521567
107,152.0,1.2279789528270975,1.213192212740903,1.5800585312685511,1.6602072712639713,2.455921647857152,0.06549101682283316,0.21208421821734696
108,153.0,1.491364894142594,1.5216140502318196,1.6148160564861522,1.851130402227111,1.9547089651207903,0.014286034092988896,1.181129546214914e-08
109,154.0,1.1097253876147068,1.0963634328707235,2.7137696794298503,2.9525668512165155,3.2093564780763066,0.01887853554031516,0.05970969219934632
110,155.0,0.8952556935393848,1.0565274720665372,3.1667854126063726,2.383894890617275,3.2444372340075223,0.13395351583403367,0.12230120812070483
111,156.0,0.9950064764585337,1.049197341421691,3.5096053460801477,2.2988730001283937,2.5094013813944795,0.15332197241218556,0.09553670602573482
112,157.0,1.1820073258496173,1.3944536580918083,2.8076243306262563,1.8395383306224342,3.9331027275363906,0.024957957982061903,0.1210648370345756
113,158.0,1.7556640938468486,3.720031739877809,4.784201612206622,0.8982708877881879,2.7542317960004925,0.07812119972613384,0.05233217427250534
114,159.0,1.4680297358026184,1.2988714182319998,1.312247792091727,3.37730617668508,3.5825039580210003,0.05635373043481267,0.15995710424340326
115,160.0,0.9066710646672895,0.9693823620379262,4.818542427905602,0.4011217392274375,1.108441442426671,1.5398633306725897e-08,0.05649165962969779
116,161.0,1.0872610845025275,1.2396462974462608,3.790213339331451,3.3058486836161367,3.7130340948437173,0.3017486749018461,0.19531062852893594
117,162.0,0.24541133115488745,1.2499186445012094,2.523476691975796,0.4954964757766115,4.999999912919948,2.446621504427388e-08,0.06543979836267562
121,166.0,1.2162306317154232,1.28080224877274,2.9276382291941623,2.344074676701707,2.7312770860020468,0.1135929073822955,0.12888741896261832
122,167.0,1.1939272769681737,1.2728535772147456,2.9077448260897296,3.116416387267657,4.9999995625874245,0.0952611544094631,0.0879612229803756
123,168.0,0.566606769343131,0.8494810299606927,3.669803568212334,0.6824560329440608,1.8136337505807714,0.10019056971256154,0.12235699579359888
126,172.0,0.9318862426100579,1.022204568253761,3.058441769091205,1.917738410201335,2.6248903956595497,0.012064760538502766,1.0800243772501359e-08
128,176.0,1.0256020151354517,1.0132214627314977,3.321152612443797,1.8847928960555038,2.5626963223199613,0.02114836920708696,0.05544485568615991
130,178.0,0.864927113584886,0.8715752529031756,2.8118177190282836,2.9371841736875672,3.4915486393590967,0.16843876756671314,0.17396999633731608
131,179.0,1.1181123425007933,1.5729328508113212,1.8941924893735937,2.281676169583019,3.1495051848464715,0.013116017728258452,0.05108306512082282
132,180.0,0.6464176517561052,0.7379196449943222,4.577210151107969,0.2526911093749662,0.7187043685640947,0.08084672785132284,0.22777204435284884
133,184.0,0.8731127260019756,0.9710339985830512,4.077870101677361,0.72746055795528,2.320480651966325,0.005040854789207814,0.013281614440872495
134,185.0,1.038766780190155,1.0233784910886647,5.246131732582298,1.301629630699827e-07,1.039036670062583,0.0148521378068525,1.0896480437902782e-08
135,186.0,1.276869074448409,1.2553948823061005,4.4878296749935185,0.7625638829555843,1.8989292604849612,0.03430433427813294,0.047693963039719005
136,187.0,0.8434593472670112,1.2917961796109019,1.6906082634602957,1.7323090363310132,4.999997782207264,0.015740830656736954,0.0826259349368706
138,189.0,1.5147638763444427,1.120784647691237,2.647941727385716,4.795554644308418,4.830355119565202,0.051463863931099606,0.10848014461907222
139,190.0,1.0597399306626636,1.2443615163775597,2.2875831298886204,1.730184187641989,3.4469147317839544,0.031119080774280425,0.07610327290097138
140,191.0,1.2079396346145197,1.2926468584085513,3.6197878321697425,3.3014783686790246,4.999999930935084,0.05555877767174852,0.08849504909957293
141,192.0,0.719796834960856,0.7304039819554892,2.1218171102038625,0.9880306477240763,0.9311380518479137,0.17092935321737457,0.07622689322364756
142,193.0,1.2210442872273908,1.1613058107823937,2.675266652983525,0.8867737018806924,2.7668273235162295,0.08008189300617624,0.07790474806586993
143,194.0,1.3727540462454835,0.9407436089297896,2.3779648344662707,2.417143189469265,1.9885476310258856,0.4025411974898166,0.24884615130148108
144,195.0,0.7261992131334113,0.7370097946811248,4.887791798716885,0.5104649944229702,0.4937126810180744,0.03694467678504455,1.1608215047660459e-08
145,196.0,0.6555454263595802,0.8355311100638968,3.522375022081221,1.686491218422765,1.8743095505929475,0.31678389849177796,0.31671235188525515
146,197.0,1.3262123110889248,1.40726821826547,2.961994111013394,2.147718074429475,4.03397310554961,0.1436637451058666,0.259873646731329
148,201.0,1.2456614996410316,1.2113010343035855,2.9044783933517633,2.6512482096522034,3.032178129317277,0.03813813038239992,0.09967522129384924
149,202.0,1.1760915456215013,0.7702693060692895,1.583393396501914,1.1587191942389685,1.0126242314054439,0.06465525045025904,0.13689681724496658
150,204.0,1.084084119116693,0.7161946124087873,3.9547078309400847,3.981236353605451e-07,1.1724603432893863e-08,0.1837649851452674,0.2818554368683042
151,205.0,0.5742896811374644,0.4770687519145741,4.732064991036842,0.5947533585304982,0.5256251929456753,0.06618065037361553,0.15253922305856202
152,206.0,1.3833542148971854,1.1629320646915062,3.8464298855343113,4.999997448474005,4.678695129683635,0.14983301757632428,0.21132963966919532
153,208.0,1.278169624325457,1.1827916226095587,3.125329197802171,2.6416544452746984,4.785236215785262,0.04347334749670369,0.11007737307750627
155,213.0,1.0568871950646015,1.0526364021660932,6.193810460023647,0.025099010611641135,0.3077217162536717,0.022981547611071462,0.04983952260740145
156,214.0,0.9128340168821439,0.958388257598221,2.2796882961644607,1.2565918982405704,1.7334021544481455,0.05379155152719422,0.23444121690345662
157,215.0,1.272760096805356,1.3287275866637165,4.583100262814362,4.822392361184587,4.999999961350335,0.10039060785671453,0.06959756774371989
158,216.0,0.9553354417801311,0.9204985754945066,2.9839942895553127,1.3835196906851106,1.886107074329404,0.11158243292229167,0.11380912749439664
159,217.0,0.534758509629073,0.7589305998963658,1.0000000078751883,1.1860672338972449,2.8917336710380273,1.021081179975446e-08,0.17422292892731764
160,220.0,1.1547806249692658,0.9615273942752484,3.4534135138653443,2.238982408003833,2.688454821318674,0.03765442710604295,0.08254211834599548
161,223.0,1.51293752489498,1.1447742057193284,2.6678332269522476,3.963295509393902,4.999999139864262,0.19207547386728854,0.22700406194343378
162,224.0,0.9991657256648959,0.9573282034650757,5.342984282092603,1.5213540814031736,1.504977001478254,0.1751889234978316,0.13890558246831303
164,226.0,1.1258664202930846,0.9606040138618328,2.7536093531115564,3.039853914755022,3.2532744435594347,0.256137513772323,0.1834043619669754
165,227.0,0.9801369534052735,1.250486852323705,4.4719346011087024,1.1316556958492694,1.8306814683892563,0.008985511644203203,0.04257712024286532
166,229.0,0.7690108943636359,1.2152534635677805,2.025383664223884,1.2765449393125046,3.624753574424653,9.813532056774764e-08,1.7786551027411953e-08
167,230.0,0.4748210652282723,0.7367328539960634,5.86088431285172,0.6505093008373785,1.1135280493749762,0.31717712475368975,0.3310192757436377
168,231.0,1.1461590574060083,1.8757486703130528,4.797752477530625,6.515816867187385e-08,2.8505773583550598,0.029107385923057602,0.11430576191670305
169,232.0,0.872226815372997,0.9024368170455878,3.432340396617925,1.5634116162549105,1.9739605661258384,0.016622402028330766,0.08392776551927238
170,233.0,1.0950064265404547,1.4147221318474217,1.5055542187945075,2.755345598871242,4.485587911614207,0.0832616664007233,0.1380957900277048
171,234.0,1.1360529910137254,0.753996192803742,1.9027809193512857,4.86775172671733e-07,2.1930516453418633e-08,0.250633360720882,0.15686898677902386
172,236.0,1.323577613729734,1.4077414485827282,1.9998543217464881,1.3570189900934002,2.3865668746875124,1.0227476135444217e-08,1.1283844523673885e-08
173,237.0,1.1402630018920572,1.0601501576943753,1.1735988641881787,3.9026546851339874,4.327237442599196,0.16356437678335634,0.20329663853326957
174,238.0,1.2332465480485817,1.3337316225745877,2.341182572275291,2.9884031189777485,3.2342545511363507,0.07610836393365494,0.06817297427528834
175,239.0,0.6219066539654501,1.3446667138037751,2.961544768933981,1.314851779294138,2.8977706355463084,0.4978330959200223,0.4999999946468718
176,240.0,0.8541992947217834,0.9531907714789403,2.0508989634351855,2.561829937562156,3.847758101627371,0.023268152225226525,0.07319166984007335
178,243.0,1.233246716904592,1.3337318138217413,2.341181533066731,2.988404104776457,3.234255621717758,0.07610836169338622,0.06817293597599391
179,244.0,1.077847288539787,1.291212600763359,3.7683182587694475,1.0810375063021358,1.7699264778173591,0.031222627133608353,0.10457235218573047
183,248.0,1.2330301367888412,1.3468681977317765,3.313975767317969,3.075929548075611,3.6158138796422374,0.046533118928014434,0.08459326322637101
184,249.0,1.1521825129372476,1.0264960920920734,5.761526749026254,0.8237021631807203,0.5093265052059511,0.4999999545454028,0.4999998941328669
185,251.0,1.0965008059344847,1.5082370016441458,1.8777654152562289,1.5212823492408305,1.8102217009484982,2.0137878044000813e-08,0.04692033548826432
186,252.0,1.0937201300114348,1.2182417234215697,1.69481376383463,1.0186865748656528,3.2340556506384757,1.0320340066897602e-08,0.0893966564030661
187,253.0,0.5695434408470782,0.5719113414859113,4.116600838490633,0.8591070572754838,0.8805115149891172,0.3036192282169179,0.32831053741197974
188,255.0,0.9631375255095714,1.2149856295812143,3.8894527344540184,1.8056670884485575,2.2466471000347004,0.04855619921534206,0.05338428857594524
189,256.0,1.3003817918948226,1.893974842120011,2.2861356029180437,2.787933970992808,4.999999214303643,0.06361403048076017,0.1383378952016874
190,259.0,0.8696883219266739,1.2833602504369523,2.8975611836266184,1.856028987087419,2.9810145841457123,0.05690165723912057,0.06623945309676037
191,260.0,1.3282993683249387,0.9423923047608689,2.732782738091847,3.5076271581381575,4.518474104324744,0.04728092818119625,0.07893023476326957
192,261.0,1.0443845354571542,1.2005064091982898,4.609087850175681,1.1281376464037534,1.972391236353698,0.05278458550785511,0.08656691944550782
194,263.0,1.0379959163457047,0.9988054059200836,2.4572414879752533,2.2795704504467467,2.631928277482402,0.09698927242442475,0.14226167103718032
195,264.0,0.8558021836632147,0.876717745162807,3.658562312140008,1.509424082122864,2.0961476287977936,0.10346048671364819,0.06593219803156052
196,265.0,0.9711124519951899,0.8650321081532726,3.2133810804963296,0.8513976228914466,0.9685851411761415,0.08384296846332294,0.18786152542263854
197,268.0,1.200258244050036,1.6272240962731113,5.0787782720776,1.5416987929775126,4.3261945595062326,0.03830032018745186,0.06708844123578694
198,269.0,1.8196710981304707,1.1755898457340195,3.2419720036075623,3.7404260325505714,4.999999720460858,0.06931166806337796,0.06029387571798162
199,270.0,1.3416332783361429,1.0538436722210938,3.973264070662158,2.7489770431054112,2.6739475642599557,0.18695851696271373,0.21008257618575293
200,272.0,0.8940476045563543,0.7717241106321158,3.375426104515284,0.6408101175061147,1.2972646449872327,0.16110212133256901,0.19902906189973696
201,273.0,1.0834694237548448,1.4173950172111083,2.9043282908369323,2.8922121021825764,4.999999933478941,0.03060125880659854,0.08670764413325499
202,274.0,1.054603365501501,1.4779752193331108,3.835795445024897,2.2809362750327584,4.9999997983789894,0.014481610683111669,0.024713252130447203
203,276.0,0.8008230621719191,0.9938724753214953,4.02603353400112,1.7024766014429995,2.2075970184842233,0.01817672527792261,0.0557726829319375
204,277.0,1.1884866379407562,2.205747952942896,2.765761400001779,2.2891029013032305,4.29348519245983,0.030568028097546638,0.042127601866232836
206,279.0,1.2853112837861365,1.5102686735164015,4.197490044004024,1.7490397650141114,3.013728364130299,0.03412227795626965,0.04402628789655529
207,280.0,1.1122808469187149,1.192208312278846,1.0000002139764688,3.744285885395316,4.559109406827221,1.3369355037492434e-08,0.06036535850560407
208,281.0,0.9143998008220684,0.9680198292352884,4.278145706419647,1.8499242045710966,2.6101836425573732,0.07085184409760992,0.021554326902542813
209,282.0,0.5782089517210764,0.1306628034727872,4.775241089002334,1.0254236441347602,0.0589486138485733,0.4763414431769617,0.49999808398336826
210,283.0,1.2416634794974515,1.4103944516540385,2.679963613460795,4.164320173015813,4.999994158469381,0.22010669336369687,0.0796925343423071
212,285.0,0.5919571863359206,0.4306707606009246,3.1009284839354274,0.13238666871465135,0.3762584062455999,0.31710648133203473,0.25021326925677234
213,286.0,0.8502915618299905,1.1030504834896686,2.6493509278728338,0.9158287066298005,4.558663048518248,0.0018517632453322961,0.10977965662665409
214,287.0,1.648088706986777,1.6606306279156309,1.000002779960478,2.0460617416440083,2.6906979035353724,0.027971872266136493,0.05824351840129351
216,289.0,1.7190541626149565,0.8899982940964883,6.27117582885673,1.872858869612026,1.4796979797744103,0.10174945655999332,0.14583911789899998
217,290.0,1.0937201300114348,1.2182417234215697,1.69481376383463,1.0186865748656528,3.2340556506384757,1.0320340066897602e-08,0.0893966564030661
218,291.0,0.4657254578291392,0.6061708822229992,4.027682983962294,0.6064593458454759,1.2070153449427257,0.06915773010293987,0.18155592568766415
219,292.0,1.2696842515639029,1.5684588070751695,2.041749623892222,3.369080825895662,4.99999961221707,0.04014750689861432,0.06180314208896051
220,293.0,0.9191200840701319,1.0067935934481012,2.704325741756437,4.999998322575269,4.885654997414216,0.1294968773046968,0.06870716851203015
221,294.0,0.2180995503224156,0.11611495656524132,1.4006831007020366,0.8786069214956264,2.500145275500528,0.09582524779020589,0.12032997558179026
222,295.0,0.9516654367689599,1.4770532171666044,3.6790843616845916,0.8734684204888528,2.9798334826230786,0.036312397827190875,0.07827330552179851
223,296.0,0.5151795065930983,0.6715582380449281,3.2445212864825668,0.5900923615037844,0.7906578053226939,0.02569005923168709,0.05182634848739452
224,297.0,1.2925028000026415,1.517503259360098,3.272979193090801,3.5929793932387053,4.999999437155918,0.0153907209916243,0.09923483339888885
225,298.0,1.2676448195796937,0.9661983959988898,3.6842200422788163,4.999999946943575,4.488776399685729,0.02743861556815934,0.06869576017341385
226,299.0,0.9577775574230645,0.7464086352287025,5.134788096884393,1.2830658303863505,1.3058641877212849,0.18204962406579675,0.22558318676996428
227,300.0,3.9006133811348644,1.058385207895945,4.735367227684778,4.999999452347004,4.999999952905942,1.120855372044774e-08,0.01570284427365921
229,302.0,1.1222516121259503,1.121081008483448,3.0242804557210072,2.1380323858612367,3.19106051429175,0.056001105732770944,0.04215785980016315
230,303.0,0.947380375032758,0.9411276105194827,2.966839689098486,1.8008789250253454,2.742455616457372,0.12266694036417317,0.19798975502129018
231,304.0,1.2874514442720584,1.3907943860409395,2.7966317443902637,2.2863962585044675,4.497806947041386,0.02124450805879604,0.07210548879360039
232,305.0,5.999999119186227,0.09847510059921794,9.999999270721052,4.415852627967665,2.4997468576092263,0.08901916884023159,0.29107135416924124
233,306.0,0.9201631253987145,0.8534821935971427,3.8965922198624807,2.0296552428453176,2.3481176562286556,0.13715620705733877,0.25477768060903355
234,307.0,1.2420163546912095,0.9882269098346789,3.3446834081431565,0.9699353690412397,0.9684463407773974,0.18920954228432124,0.3216655966111827
235,308.0,1.2459037046331443,1.2747244798040975,2.0179811077479606,2.9742721748649013,3.640326928428213,0.08600768140661288,0.14111670675819182
236,309.0,1.1580474429103185,1.8300200320150493,3.9445086327698062,0.5786547643498761,2.7463027025060414,0.02380334513242293,0.04018114820790666
237,310.0,1.2383031430663434,1.5501261975731233,3.5172150412824177,2.7202372716317154,4.999999936098071,0.06243949640177782,1.2258304937073435e-08
238,311.0,0.11547526688872548,0.6093638642339819,2.957456082684651,0.0921741143543014,0.9795773599163681,0.212579493521042,0.4340478917147426
239,312.0,1.1027992708234249,0.30729140080177714,3.7833020442895475,1.4821249968654526e-07,0.10579757380544653,0.48748073363511507,0.3007942131536144
241,314.0,1.3268454349126928,1.009053284345515,2.585808202917368,4.561857737832249,4.9999998231996505,0.07304259348947295,0.09287285307950877
242,315.0,1.011376370798832,0.9585802023413658,2.798229488856337,1.2564483957810297,2.1518647177077312,0.07480901798787587,0.02704261153763349
243,316.0,1.0433141393886884,1.2509874949498676,2.721620513539784,0.8320726620905368,2.7950693527870722,0.056255748493151986,0.0350701094062303
244,318.0,0.824686692230001,1.2254291602306622,5.30145113847655,0.4859942552154465,1.0938669630595028,0.3894836103489161,0.3667973600803369
245,319.0,1.2013062654122357,1.3171153568882916,2.354031332416486,2.732998513732205,4.999989587249575,0.09775509860524868,0.11185157727966924
246,320.0,1.2250108632709804,1.2344875313515686,4.448084972919282,0.8117773112410519,3.5216119748137347,0.030698347647412364,0.060691513821946784
247,321.0,1.2818566520411265,1.4026387196515397,2.6514743996200685,3.2451356202504678,4.179074351059616,0.03227877366000442,1.034923319609106e-08
248,322.0,1.0025416416755841,0.5781082607264453,4.969635202378148,0.8580447360855185,0.884155495025423,0.3960880316912035,0.49999882168213394
249,324.0,1.1536547278890732,1.3330823248445842,2.6296967036749743,1.9617154867422104,4.9999986955815,0.03606670076989229,0.08532626447445522
250,325.0,1.203715265867199,1.5051702807483045,2.403675775163222,3.2074816017432366,4.421120072035908,0.08263995342730777,0.16767812355310854
251,326.0,1.0975021305799804,1.3604529687819626,2.6276941487892986,1.5118321310993363,2.879011691679618,1.0867832124411749e-08,0.033215236071401325
252,327.0,0.8807381488957716,1.0572403633713345,2.3369678956815845,2.437720436667724,2.8576561541052645,0.17333014477841455,0.2483633156831388
253,328.0,1.2264269929787524,1.4003202239453882,1.4235348729280086,4.030070424550616,4.334220392712792,0.1025454192627204,0.052257081994157246
254,329.0,1.0210732452189146,1.6348377008748747,4.293443995541155,2.0017376143837238,4.999999589602366,1.1384325473986411e-08,0.09102018411207323
255,330.0,1.3720117653471997,1.3039121437749657,3.9581057614707214,1.722481789724095e-08,4.999999953893903,0.011085646089322974,0.09258799929144723
256,331.0,0.05559754940454328,0.0881860467175349,4.836078882356728,0.0221550195137426,0.03653908420002486,2.1071026156470716e-05,0.499976943086063
257,333.0,1.4291819939268386,1.0393365230715998,3.9054042226278147,2.5381610220343322,3.045764694501551,0.18738110445830847,0.24615496570120468
258,334.0,0.7301870688492924,0.6869341459192648,4.403913094822153,0.6529598330456601,1.0979432865167673,0.002866193313451151,0.09810825330015174
259,335.0,1.2092396757438473,1.1356600722473262,1.2286307157729632,1.364231144904572,1.7579462677968094,0.07430494065278945,0.055292505824250035
260,336.0,1.025974178878723,1.6452774322523291,2.768133647742463,3.436057603916019e-09,4.999999996617712,0.0571756675256093,0.25839189391921663
261,337.0,1.4198544738453025,1.6973445065633153,1.3270155873725864,3.430741097800682,4.100989465858753,0.023586207559700333,0.07400071597158382
262,338.0,0.9756265161249851,1.3974887016481048,3.2774868480950268,2.1663488036619802,2.653337815532356,0.3380761331695608,0.35861995171998384
263,339.0,0.6884563553404985,0.5875089266647215,3.8743972508045967,1.612827775136331e-08,0.18591607157149218,0.20387622734873218,0.11197652406465697
264,340.0,0.7405617808361623,0.9407308002031816,3.1208459717970998,2.4694688533587392,3.0512667979404253,0.11118578378244515,0.17274942331895254
265,341.0,1.1610297914733465,0.6406732270399983,3.6178710563471648,1.37644878540883,1.092955352859329,0.04209215166041538,0.4609324814166072
266,342.0,0.9875596526274487,0.7414407769481793,6.223125673940676,2.2024697492866142e-07,0.69684812410633,0.054628786233119266,0.08172421911937963
267,343.0,0.8029664126519659,1.1975863821771213,3.7508954440506437,1.506855749284278,2.7316022238474367,0.019867214089630214,0.029107356056929268
268,344.0,1.0286314588057999,1.0551527294613552,3.3303719430135814,2.734550033349224,3.5881201285916107,0.09609948266172805,0.06992917213250346
269,345.0,1.4481738309918148,1.4835323540366858,3.1073304383765796,1.902751880928154,1.7298921394127136,0.05731087769122549,0.09598650051796143
270,346.0,0.9620586739947726,1.878770925649521,2.8671442356902688,2.2289402949917263,4.768411471215812,0.08378405434232672,0.16501719153080147
271,347.0,0.9330848215160785,0.7510389256826893,4.033254172884945,4.639700539986067,3.456538826215444,0.1985483889126158,0.25564654904737005
272,348.0,1.6171759798136323,1.5992532704739424,2.7207468985519063,3.159720400238594,4.999999040852118,0.10152247464825168,0.14021793925684925
273,349.0,1.207393490770616,1.5589584609509208,2.4726439642117333,1.5453630657116924,1.7945201877837578,0.20475858491174936,0.19357553562400448
274,350.0,1.0508704542302425,1.3453749724372213,4.421839362750322,1.661724100150015,2.450488778304924,0.007151702075252015,0.033366663413996196
275,351.0,1.1693119094120508,1.136030130740914,1.9271320174203177,4.999995599032542,4.999999779138096,0.06159966302670455,0.0907307450331648
276,353.0,1.0184839640327161,1.07532134769835,4.279132292138316,1.7937113560949427,2.0481043753869397,0.11159683391169829,0.1843894049972597
277,354.0,1.246811498753187,1.2147220321141194,2.7019785686625064,3.3433325354281886,4.506858906786068,0.03245959368664784,0.059170488974491786
278,355.0,0.9906297799286401,1.4918319031231384,4.828519508037273,1.912672408960617,3.0487647362708543,0.3084036902911655,0.3023801035546397
279,357.0,1.1745056040149044,1.2795907373848439,3.3565386520974045,4.161949461411214,4.999999915664544,0.11947395644194592,0.040926363956048546
280,358.0,1.0290131334816017,1.1552161058363366,1.4605091830279326,2.0716679336015114,3.0409866091743987,0.1854294180224879,0.31132363037376065
282,360.0,0.8569073852600572,1.0139983448495342,3.0375100683896123,1.4352590909409955,3.17462344187073,0.004175109395415592,0.018832790930608183
283,362.0,0.934407266829451,0.8639717760764968,1.6193107908773718,0.9902796592181823,0.953857405836071,0.1509775647993788,0.1729281970603517
284,363.0,1.6029136668346948,2.6227501731426757,5.676706049355424,3.562997977483009,4.99999994965236,0.04443977072542565,1.1816444396834295e-08
285,364.0,1.215303252321316,1.2470480743249224,2.7592326356622014,3.4686578121353837,3.949044350170606,0.062100501799086424,0.06101590185388267
286,365.0,1.0219981288803148,0.718132740834371,3.9827420907286513,2.2544178708758,1.9277331591461566,0.08897611314653987,0.16448267313124793
287,366.0,0.952055287046505,1.0373669583772602,3.7514685873881213,1.628481144754235,2.1088097830882164,0.0625533573782281,0.03169084307357163
288,368.0,0.832548539945292,0.9074057844737162,2.181328167342678,1.1353513107023918,2.548996421246096,0.16140070136285006,0.30090342265937314
289,370.0,0.8323771526431623,1.615813360975643,2.2831851410391404,2.192184893974959,4.27865230529176,0.13357583236575404,0.16416826036655632
290,371.0,1.0966166797025898,1.453497046044224,2.397526472891859,1.3246955570259862,2.49928612346717,0.03514520487045074,0.0754443052383535
291,372.0,1.1451180032780055,1.8996716940946752,4.365533334315587,2.802013245324263,4.984607620124385,0.16492724799557448,0.135980214948619
292,373.0,1.2967297343243955,1.4680200930542504,2.7927609426208817,3.5079023029229934,4.999997558191436,0.030813211987209776,0.030256821551043676
293,374.0,1.3564434959839538,1.5800712497617062,3.9921145186618463,3.311016413580038,4.230879872623123,0.07239021932725531,0.05089995787260371
294,375.0,1.2983636464175372,1.0721742696451406,2.2881259902058866,4.140311609773224,4.999999689455127,0.12185148000530308,0.1496254641601871
295,376.0,1.1846376186550625,1.282415823393683,3.4974306028196147,1.9350671544346076,2.1728035540729937,0.043490060907331804,0.03972334603774842
296,377.0,1.328408880879644,1.128866450582544,4.799722807005313,3.835395428122699,4.999999950658361,0.11685152031384298,0.20503979875403014
297,378.0,1.1653244928880413,1.1867561647714235,1.9217990463163752,2.705779246745568,3.3998978489696063,1.4057860919528036e-08,0.05676035151652206
298,380.0,1.117136044967705,1.0676302244140738,2.8791547299937155,3.530882086734465,2.773336551270269,0.30074914593101865,0.3489668224248562
299,381.0,2.132967538656148,2.6633547890758336,3.534754340040381,3.827253242549461,4.999999833230675,0.07102650581573924,0.1708841354252738
300,382.0,1.3741032935950825,1.8986031288733982,3.254488841640875,1.101610522131962,4.999999932920032,0.030547265022125902,1.1335384455287775e-08
301,383.0,1.0084027305776706,1.3038127920038969,1.5722127569137307,3.516426040552959,4.99998926796706,0.13546216142891976,0.10582247146649104
302,384.0,0.8836138744400618,0.9924728492930102,3.755877324265559,1.2085761680040736,1.5381198145174975,0.02886996221114986,0.048734037107773825
303,385.0,0.8996936022403331,0.7749153675405341,1.1537493940698103,0.08045612088646516,1.7428553314109714e-07,0.04161078112187725,0.061460126678730104
305,387.0,1.1040595718237483,1.330261492981931,3.5468351066661024,2.0866894757933325,3.9526923815513526,0.03366266081506615,0.041592265047028884
306,388.0,0.6536515386203327,0.993272284437643,4.4316887109947585,0.3148876795662358,0.6675037237887443,0.058883497463183866,0.08772943511878345
307,389.0,1.3511454327956371,1.4871434918179158,2.562798982476368,2.800933529564577,4.218477445710338,0.288834785892675,0.17485456873700225
308,390.0,0.5916983551603525,0.8122665343479689,4.316541992310541,0.9031782190080669,1.2199357675274485,0.28186956922089795,0.2952210881628321
309,391.0,1.2944736604249936,1.3260746421592906,2.699273994293405,2.3725015360267427,4.809114749062617,0.09959019471733987,0.1518240900170874
310,392.0,1.2694744448648585,1.286838382038325,3.102085483301726,1.7585596355274529,2.2966610227910813,0.03483813577081387,0.022177922361609818
312,394.0,0.5204328466229862,0.8188221668265068,1.0000008310669581,2.5320532461640237e-08,8.871444190171195e-08,0.2710783995980105,0.2991557289752263
313,396.0,1.0076885459964533,1.0498163752492666,4.577402300146437,2.3557406689799767,2.8637683966106624,0.07814832900225874,0.08704056859770219
314,397.0,1.4191444295973714,1.5548887576132335,4.741919331420697,0.5792366388928717,2.062583451796197,0.018240964538372567,1.153038905115489e-08
315,399.0,1.0389032927021185,1.1079397473477341,1.2568280205342228,2.3369458888429806,2.4696751078555272,0.14759917885783946,0.10187882765753752
316,400.0,1.218576627252942,1.8843458491691585,3.764378155434403,1.8193135985524016,2.381142750676548,0.24204297618562695,0.33846603017541615
317,402.0,1.1998597514875582,2.05039138682371,1.9920234886437944,3.259797098252825,4.6044151070880925,0.037806430199949115,0.1021877603203075
318,403.0,0.9812420158027106,1.1273159858989323,3.6092638832135657,1.0074656451589272,1.915782306051498,1.2626001496633594e-08,1.1778916880396611e-08
319,405.0,0.9908046441141649,1.6668206923743982,2.602027077451635,1.992271177912918,4.9761249564519066,0.034466434060583286,0.04233595126624259
320,406.0,1.0192852536854122,1.321820596026644,3.9383055104029796,2.1800176873353987,2.8293393686628328,0.08622376632260768,0.08143487816164544
321,407.0,0.5159130217757288,0.9554891910196636,4.1256052454623156,0.1491361519647517,0.9919609635562543,1.278787808635754e-08,0.16339627831206555
322,408.0,1.2051989211312821,1.3658008026250925,2.977863978826091,0.6010172959139181,1.3478158846359822,0.032475243522959725,0.0465930856380088
323,409.0,1.4012043239349745,5.99999964604499,1.000000804229873,5.955738394838373e-07,4.000030328095391,0.04198593769353654,0.015085457749385956
324,410.0,0.9378986662442115,0.8778009532651886,4.532066925235765,0.9234932595825428,1.083483517973309,0.04961339984740151,0.07585800863553133
325,412.0,2.2326906662226738,2.150243467323728,1.7564994484805379,2.7420385004799802e-08,1.8689591183095686,1.0617064208760232e-08,0.019405006339530375
326,414.0,1.3769554409824167,1.3618690913239773,1.258100089201954,3.5032812255905883,4.260403017519235,0.07844644746982105,0.06781566633207169
327,416.0,1.029635876129496,1.4405248607783645,2.431696087216852,2.6210787681334837,3.8786848912059213,1.1914476946731044e-08,0.059261214804019156
328,418.0,1.2397009753133195,1.6494743537562877,3.5885355898860234,3.047399869869533,2.9413470364977714,0.17004689217251145,0.23180664345908947
329,419.0,1.0530992320081474,0.9059627646617976,2.213516813133383,4.0351190527099385,3.123104070849673,0.1478652082611508,0.229602510649013
330,420.0,1.088740551826251,0.9968677853552975,3.864476030164928,1.1156648007048706,1.6896529921271497,0.021778021811891073,1.2413436646991783e-08
331,421.0,0.989287357255231,0.9310219729199326,3.3091684801587067,0.9788968104125385,2.552965452525437,0.3441418043914316,0.46938709379442584
332,422.0,0.7080588184442985,0.7808831426790109,4.554170826881883,1.1924017871495323,1.3481628869230777,0.13951749675104677,0.28704636052481747
333,423.0,1.4113838437957646,1.4468702702947769,1.8703895009247702,1.3796393387396695,1.3395720052192444,0.07283626121887846,0.0637261089827125
334,424.0,0.48633598645932447,0.7009594336744929,3.4609994876598074,0.45307033101200134,0.9035295551453404,0.13016464784341497,0.25735725419840644
335,425.0,1.0196205103393678,1.2781562394887969,2.1857854174035958,3.04278002616566,4.999997422282969,0.060981163935995536,0.02860650199016177
336,426.0,0.38109061557165164,0.5325514918426459,2.962186085859335,0.6758938754331915,1.0613850676355707,0.09308756306310721,1.0594219153122231e-08
337,427.0,1.2452113708120676,1.3282811101322742,2.1215817626756617,3.3070939363929948,4.77356857209521,0.026447108792641918,0.0584178714869074
339,429.0,1.12888576588064,1.384355182272333,5.167602738398949,9.70017630281749e-07,3.01622197356503,0.03474529932148265,0.06276070530240759
342,432.0,0.7460047853113061,1.1774054104909528,2.453938032893304,0.23754675591198615,3.4071242410763617e-07,0.34853718936478467,0.48513444961601554
343,433.0,1.267445275869145,1.2370431214651356,4.1661377617498125,1.9696679416751575,3.759168949448979,0.06134572031943902,0.06565066582687833
344,434.0,1.3948087706499133,1.689500592509156,1.1138809216934402,2.382336654560635,4.404665548709536,0.0920637535963873,0.00858861984401766
345,435.0,1.1224621680627689,1.4303497555257316,2.572717073911318,2.1494742583205557,3.9308199867324434,0.0735089695024385,0.0730120757473647
346,436.0,0.31743639133742696,0.563499574658003,4.798185717186371,0.4092206805143098,0.9617295983956967,0.1957172318417297,0.38651899106616183
347,437.0,0.9570750885879314,1.4997851543952916,3.727761672244799,2.1495656751180894,3.8849415025961758,1.0245459050185508e-08,0.04278897433494589
348,438.0,1.0311737519649318,1.2414835696638964,2.9863123453756613,2.6529351512816337,3.7600270064184143,0.03361214295686331,0.08454388983549865
349,439.0,0.6519481460839379,0.010000000631686018,4.737077726105216,1.019957096378292,2.4995144857981835,0.03972464040664486,0.1403767023700782
350,440.0,2.8736064097537413,0.9088917964873239,4.02640946746354,3.4002271553287935,1.9389329610014816,0.21263082307663164,0.33030207037940473
351,441.0,1.2011255267893721,1.1720011801084527,3.678189164973383,1.4165356230722832,2.6771963269489376,0.006561171674086027,0.03883381872115411
352,442.0,1.1059979630877932,1.4670577721018743,2.4346159452465126,3.281412892147542,4.9999969767149235,0.041446613065371674,0.07684859386390164
353,443.0,1.3360462580688577,1.4202354210704033,2.3162032738907334,1.4380193939996773,3.9477860954741315,0.030728250786202303,0.0709774483891405
354,444.0,1.4788994343138289,1.559234485790378,3.36769533678034,4.071114453675445,4.701854732924059,0.12035722345793311,0.23065051333287223
355,445.0,0.906802696089893,0.9186378713405314,4.5301933905487575,1.6646138524763576,2.714902929039796,0.016286016696669205,0.10145286043221764
356,446.0,1.0814234210042006,1.263913018452409,2.4927530361638413,2.5547909898136587,2.766418538020364,0.07983420051958479,0.06994031971480054
357,447.0,0.3252558003227028,0.4040202961658361,4.332643197931163,0.0053146722911680995,0.08892309077035579,0.2620609684290489,0.382973157673129
358,448.0,1.0565038427190276,1.2980187497088067,3.0378532478439375,1.8793877644957435,3.92892266450771,0.029913307645009844,0.0359387419848924
359,449.0,0.7585507838400558,0.5321135847205766,4.4804079004236135,0.5404171937185199,0.30171345581531184,0.15047266378091156,0.39372238086083144
360,450.0,1.0936495900504264,1.0208353266113561,5.469476834184701,0.7603731310984884,1.8526494297185527,0.035401103935411835,0.13399494324299133
361,451.0,0.9205726316224053,2.0831640574598373,2.050374542517907,1.9912307306783794,2.5334125347176957,0.23095296941752647,0.31577108474982624
362,453.0,1.5285447411794595,1.2966226463299035,1.5468987597933797,4.486010106627816,4.999987259161306,0.15985132753565692,0.22375800647743796
363,454.0,1.0947879917535779,0.9621838060890319,2.628031116794953,3.294284587240557,3.465934195658876,0.096064991183604,0.09409358396294112
364,455.0,1.714328657948799,1.8022740273555207,5.1287258722150595,2.54188903284163,3.714224963264919,0.06867769643049784,0.08178624154483762
365,457.0,0.7664677910125971,1.218369439391758,7.163336095411206,0.03646768054235197,2.2087444237265315,0.08564887507553583,0.06816938212179119
366,458.0,0.9536658162866232,0.8676409153120425,4.126728161915225,1.8504575927227578,1.9130448436623513,0.0646407414156104,0.06558289124197084
367,459.0,1.0539957180488517,1.1257619082128385,2.321923061566455,3.155579292161729,3.364723981005973,0.08674740313544914,0.18411211828040772
368,460.0,1.2923852481392921,1.1846826922977645,4.727499793567668,1.9518563258325874,2.8378555603391358,0.027940552655179033,0.07286887119282993
369,462.0,1.070918478313308,0.9461502009928782,3.0302384104404583,2.110350371970089,2.4459391460415296,0.22231461218619678,0.27331005169403094
370,463.0,0.8997567419097523,0.9228135359000067,2.073239568679919,1.3688770536118013,2.6200267291855517,1.6897368588792107e-08,0.1470847286584935
371,464.0,1.0079141343028484,0.8712848339490655,2.7922606702843793,2.6704434848409395,3.5651330336007043,0.1465345377820612,0.12772714840785512
372,465.0,1.18323386307657,1.6128873786480382,1.0000008731489882,2.5279421067938066,4.939699077430615,0.037525201818295925,0.06605023946760452
373,466.0,0.9279943111032585,1.3032575078191977,3.785954702156492,0.975975233303415,2.496914603830193,0.06537533888764402,0.13950235138390385
374,467.0,1.3359238379985987,1.2102304130999704,2.994066258709653,4.024676191046924,4.999997111752679,0.1311187064652633,0.20306525969992936
375,468.0,0.5349852471955742,0.7083281811264793,3.9438934673332517,0.13447451012502945,0.2969393321559513,0.11447283567931532,0.24795683080778366
376,469.0,1.0471259277561502,1.089964286101593,2.826324939820225,2.3609728852625342,2.68572174606419,0.10690083865995625,0.07802228617560711
377,470.0,1.48107000696307,1.899499246104544,4.118849867465724,2.9385379856565605,4.999999625998087,0.0448006967348984,0.08251029799915434
379,472.0,1.061361103624426,1.5122123733234756,2.9464191029197133,1.4402228055512765,4.53000783047373,1.0792051119175823e-08,0.0483489644108582
380,473.0,1.271073270155652,1.5039882226889192,1.8479104025249213,3.0713674737848615,4.647224204327814,1.1113507473423474e-08,0.07590939677598668
381,474.0,0.9643030724273418,1.257905911476639,2.387110326508631,2.4470205531320706,3.1252184049570575,0.17336316253139308,0.11088645305524758
382,475.0,1.317307805798376,1.2763028067241267,2.6585554735141677,2.070932547166349,4.889198953445902,0.033542152299776355,0.15980803888087214
383,476.0,1.6910065523319047,1.2941504936848378,3.1813054983207545,2.517549306538106,3.091287577123158,0.026815192840724766,0.06696901137522797
384,477.0,1.027574674761888,0.6474590203443973,3.3449634279902076,3.4176758929750455,4.999998100711134,0.06204215553661513,0.158920502164255
385,478.0,1.1818039866709895,1.7088351807927529,2.8311582044413246,3.030247057962962,4.999999878542863,1.1363727224699293e-08,0.10648538756248573
386,479.0,0.6993217989222916,0.5577836131556189,2.5352775187267134,0.7799021695886632,0.5769218262481779,0.1619916349072982,0.3028481300984655
387,480.0,1.1624925044746923,1.58263336148832,4.73236951784696,2.4365344998014633,3.745029005323079,0.060405974330583305,0.05483035769876771
388,481.0,1.347621537280497,1.3889299167199294,2.5602772613565374,0.7562712552135415,0.8737341090369237,0.0374204412304909,0.02624467100815324
389,482.0,0.9678552367702531,0.8301196555511745,3.192514988504678,1.247502356773154,1.4852558469344703,0.13270120824605067,0.2657906524596092
390,483.0,1.1870168873702767,1.3251454975078563,2.550210283504162,3.138376785077823,3.9829511617604485,0.014861311341244209,0.09135213496852006
391,484.0,0.8004578964085297,1.2633545691246038,2.7014837246375083,1.1774301442112103,2.4390830035097473,0.033982956762290684,0.11632264793284286
392,485.0,0.3715917897981683,0.6563472682656329,4.208007247517075,0.4131681339694291,0.8723408386119975,0.10091684878158769,0.32630837081842656
393,486.0,1.0170901904021838,1.2613198759385023,2.4465408411698277,3.0803390056773416,4.9999974806106815,0.0920014293218458,0.15789171790756235
394,487.0,1.151090396970383,1.1986025094555781,2.9571145986521463,2.1708559265668406,4.999999740512515,0.033571867878881764,0.12871054665592332
395,488.0,0.9585403137440534,1.2922816795310852,3.391666330533125,3.4503672920959616,4.999999613669977,0.20801392729366341,0.2712990197341754
396,489.0,0.831694753679081,0.8491054182594755,3.0580336404494632,1.9629445768946374,2.5199076252013457,0.13607480896961957,0.27251667621001957
397,490.0,0.8223052416538537,0.8339784408674304,4.535076530872419,0.6979402094998868,1.1033640827604634,0.21459283559896253,0.22910050210260527
398,492.0,1.278699666226331,1.1792807093079591,3.0202654663753488,3.9881439728562564,4.9999999608768615,0.052385082192362244,0.0668771206815679
399,493.0,0.7839150127075192,0.9566251823527769,3.4645623200183464,1.7963711184374805e-08,0.026866522357959274,0.12006072975572739,0.18240682863710056
400,495.0,0.937828545408297,1.339107949724148,3.344725317034574,2.0829789594442962,3.4367808530815673,0.08092781649105847,0.12276348926649981
401,496.0,1.0502196084097748,5.999996750970876,6.640280428917832,0.2415371641981669,4.999922027368081,0.49999998018415714,0.49999998940130497
402,497.0,1.2177902094071371,1.1933221614318785,3.371566295929321,2.382794031559269,4.3733368896192735,0.035339607282983555,0.20152337608704812
403,498.0,0.8850213158334562,0.9122674871327351,2.648247490122817,1.9097196946290778,2.226595662675312,0.020186142815622986,0.03215628792885539
404,499.0,0.9404704503210392,0.9542546516837535,3.987109611682705,1.9887844190720394,2.4530373334393953,0.10400176568844449,0.16704475527284807
405,500.0,1.2130798599230816,1.7010816364781092,4.827674809215575,2.6035207480963534,4.929099732578312,0.04431654560296342,0.13591231352282238
407,504.0,1.4354482272321143,1.3675355246887941,3.32813452431179,3.9114312661581234,2.790392503513824,0.10862933139543131,0.07579957338882318
409,506.0,1.6388202201106055,1.2709488564092348,4.597297568871381,0.5912528496289605,0.4049828530980093,0.13700073989207662,0.12483985702988043
410,507.0,0.6170070769305038,0.7495902116287684,2.288930753714557,1.3161230911271062,2.865219106745702,0.036477524520063836,0.07130603753328518
411,508.0,1.448858315457189,1.1700321859595992,2.4930215352839604,3.7544145162249776,4.57053455429209,0.3254074313210437,0.1929089659862101
413,510.0,1.2485226855692142,1.0071458669996567,2.8112636465238596,1.5842612064733776,2.0758813088167325,0.03593111995627817,0.06343975749593862
414,511.0,1.282470339837012,1.3179030009586223,2.1631691857691635,3.999872337073906,4.999999825486961,1.1116995574998499e-08,0.018449997263993947
415,512.0,0.7933011520377699,0.42721186781507836,4.509829305885525,0.8863179171942807,1.0957012913502693,0.055106044243040574,0.12929365426914502
416,513.0,1.22742300916163,0.6928598036001692,5.681623243142821,1.1219918366963617,2.866631067167788,0.019273731299300382,0.1282654603975927
417,516.0,1.3366135533450587,1.2141194960958037,1.5268878013189333,4.157117201538689,4.999999613889091,0.17494873260666552,0.15516085937753343
419,518.0,0.7744226969288307,1.6983491469263532,3.537545279217484,1.466827860080621,4.999998216297096,0.0014260625823754073,0.043866449901871024
421,520.0,0.9788624329491143,1.197985045089555,1.516719347393336,2.950912326313326,2.6264902853910277,0.20238722859686437,0.44504832459644517
422,521.0,0.7987191673158444,0.8439443905450443,2.7636749178520437,1.475401981901411,2.2019972916044614,2.1839006512764944e-08,0.18129849283935723
423,522.0,1.2127867192556145,1.1399767270859689,3.3796831040904363,1.4771924419019187,2.3304664701398186,0.0011519512205748709,0.09247058133152976
424,523.0,0.8673103859462844,0.8179330117861423,3.0459096248703617,1.135945099687918,1.9031235241345725,0.12622915119938716,0.21194198986610935
425,524.0,0.6905222190334686,0.6575922458320597,2.418141899274062,0.9575640568482534,1.0153253429682532,1.1526582587162776e-08,0.1021575370144177
426,525.0,0.19537007864008668,0.1980724958547207,4.545551529522011,0.0052162629015993,0.02679961408346888,0.3542747814109306,0.4999999543331455
427,526.0,0.4938411344008018,0.23326548573363384,4.231327352565921,0.7812493340436797,0.0942200942985169,0.2677114384238894,2.0123819140487026e-08
429,528.0,1.2882137814496446,1.2874483381409976,4.792552575422374,1.0173365919474059e-08,2.3929210398449134,1.0814570968765387e-08,0.008124713402476511
430,530.0,0.9833898872150857,0.7446434778714461,3.399693834772401,1.9213249030705009,1.9834866052367206,0.0661051950890026,0.06664290587050478
431,531.0,0.8257920012744853,1.3364240610108566,4.420472878544336,1.6665943101412315,3.1687277863756584,2.692665176596006e-08,0.07173080432341877
432,533.0,0.976245178661532,1.5698128135562508,4.293448359504233,2.24686317254394,4.9999999151023475,0.033362877559655606,0.05213957230075232
433,534.0,1.029421417380123,1.1183318400524622,3.3091121456905257,1.2066430520787559,2.859065357183867,0.10213650702984763,0.09555838328045556
434,535.0,1.37361476660193,1.1062056330667571,3.2836902459152357,2.15645533798575,3.5208197427848473,0.01399184126410829,0.02859712647837143
435,538.0,0.8157454160703513,1.337185634989921,5.258539918795857,0.3885889505283873,2.671005885584883,1.2823753446771848e-08,0.15988823776700653
436,539.0,0.9493451161232775,1.1572183863875665,2.550611217333149,2.0368359290736278,4.285726449185567,0.01721298664302456,0.12142898902873371
437,540.0,1.5397383211508393,1.9498777252366208,3.363615827148333,3.5173589575008237,4.726001543375903,0.04167949290312164,0.07003594115304673
438,542.0,0.9762275071898889,0.7306588330424123,3.1998982548556594,3.1871485790148495,2.895257288806032,0.24443044108772732,0.23193690083401772
439,543.0,1.0662145060931214,1.4123210608246997,2.5075864317278276,1.8075143815487675,4.303643371143242,0.010940840526099059,0.04243092452974616
440,544.0,1.320356886230784,1.665279442726642,1.0000000208436741,0.21635703866001504,1.9621521400265354e-08,0.01926324316590696,1.083867650540172e-08
441,545.0,1.2714035688100598,1.3632722720198311,1.0000004791639956,0.13012907134222,1.5931358474941075e-06,0.04571308271530843,0.051226055847485984
442,546.0,0.958607212993488,1.468797809356588,2.6876178552249743,2.646383870744799,3.8561439978760648,0.09368242417814371,0.10526757669686197
443,547.0,0.9889760111254826,1.240660433052535,2.547787491654676,3.544661433987701,4.999999796529798,0.0795532314524158,0.22972701438956014
444,548.0,1.145752553167397,0.8064781018827981,3.402293369690842,1.9302365223885736,1.5118645399972195,0.4237206045542554,0.47944230124349013
445,549.0,0.9369023822300085,1.4585633724045537,3.2428609570646136,0.9644740528765369,3.2944662625891934,0.04447189197667951,0.13770371257105574
446,550.0,1.0178209657334387,1.3252646045220204,4.318156568147335,1.2091008666932903,2.13083477098754,1.027856712105196e-08,0.03605322505343946
447,551.0,1.1893204550012582,1.3142214014971505,3.040206771773111,2.0922830925265297,3.987881519735599,0.023318492030808408,1.1263992006640943e-08
448,552.0,1.1300821170772004,1.355699850630162,1.5067337012184374,2.1909022636708055,2.4112116674801047,0.1402646131787591,0.07913089854122615
449,553.0,1.348329210349864,1.5082458494670974,1.005000605589167,3.013390599044883,4.999997889545055,0.14820478971525924,0.2538060267976587
451,555.0,1.3885785059454525,1.2579419120400115,2.143252079626733,2.3478548325254205,2.924562493993321,0.058909934354043854,0.15795381279491033
452,556.0,0.8783826095212217,1.5454542158288576,2.95334184639017,2.1551120334639373,3.4851550893268737,0.4283936730683935,0.3160869462221015
453,557.0,0.36034853052152604,0.6332395530545469,3.9995901041738238,0.20308378504821434,0.65788104080554,1.803066656583344e-08,0.13062503042188203
454,558.0,1.0790797348161265,0.9883353518043908,3.7326717643662697,2.25712191859147,2.339865345463152,0.005297910052899241,0.07871745129833797
455,559.0,1.1500199110074132,1.453371272029963,4.565171778800125,0.9450635298932217,0.5395600338806782,0.09690874072772145,0.061321957815268335
456,560.0,0.6769921734469427,0.8242329696884397,4.215111850976573,0.5829937058644193,1.1490398859249364,1.2052703670047673e-08,0.24569450089039913
457,561.0,0.7431407990302606,1.4260531639896552,4.0929657938681885,1.045280937523176,4.999999963565654,1.3185996109650225e-08,0.07210217223427755
459,565.0,0.9242729198295353,0.9776823348661752,3.26222313630967,2.5854420445607382,3.197351817534867,0.09446791686355964,0.09609461105581367
460,566.0,0.7172106762820947,1.0272777447372337,1.7128598398063886,0.7253009971769212,1.476883579778588,0.13385826342015114,0.24474034651312074
461,569.0,1.5104887414208295,1.611920272268311,1.6828688291724574,3.3770170180771193,4.816814070624991,0.017509292058784657,0.08266762375306445
462,570.0,1.3289859220653806,1.1963925801557291,3.1272240172210735,1.98417646954775,3.6358108568063616,0.01949012029699638,0.0859453818964902
463,571.0,1.5842412787486837,1.2270985970118748,1.0000000037665486,4.6065572544110835e-09,5.356277067982435e-09,0.07278099619426195,0.03500968849356327
464,573.0,0.9394118167663393,1.0506502698845777,2.5294977622635955,1.7194109015115886,1.9677206533854759,0.19643825113908042,0.15536966130095034
465,574.0,1.1707142716614325,1.0897342880499998,3.9478458529650244,2.732607696843429,4.999999947905487,0.010557407407942653,1.0722663136343742e-08
466,575.0,1.0384830319839033,1.140985461861233,3.2255039229446067,2.17951004205045,4.999998978569044,0.09686840445810439,0.15936434159307158
467,576.0,1.048643871156254,1.5274425378737542,3.9859136420806442,1.534323534076183,2.837499266519059,0.021851134091483124,0.022593184843533
468,577.0,1.1538682146643588,1.0202456819390966,3.4100329127172735,1.911647803401099,4.300684570378574,0.061199587491893456,0.14244594630603674
469,578.0,1.0072729053958367,1.288681188170721,2.9245109134616407,2.4224122523614815,3.9841993159726687,0.016456844246165486,0.055487003433654265
470,579.0,1.0517194858457712,1.0314076382368147,4.781005357435033,1.114040095663529,1.7093584542513711,0.05694694879259628,0.09622056369353016
471,580.0,0.9326723925895105,1.1416825019899877,2.7299199521399,2.58216696870159,4.238304804506933,0.043814275881543095,0.05543804632528166
472,581.0,0.9374872927508385,1.5892364736356068,2.641738177246866,2.0059693997412102,3.8774830041273805,0.16079891157668602,0.22155235035842247
473,582.0,0.9492767406192039,1.0714189078755472,3.581794283696271,1.104975302350953,2.0132560023842734,0.05630137542464309,0.03474484763644237
474,583.0,0.8886602566790418,0.817260346436057,3.0298638997863745,1.2270992892437884,2.1175897548263527,0.023423719423748258,0.059860256952583575
475,584.0,1.3452748011619695,1.4136539913320514,1.2962989099210347,3.9621798940359674,4.999996334739399,0.0526472229363986,0.173906379274061
476,585.0,0.6141860425612626,0.5685602274839426,2.556626218908367,0.2024737063813611,1.0933938883298159e-07,0.3272810236943483,0.2882256084097853
477,586.0,1.517327324552234,1.6856741546809302,5.491079163780606,2.361078292249555,3.720368449102422,0.00789569477106644,0.03230729485733664
478,587.0,1.501915490935221,1.6238167317507224,3.6496766746280036,2.4972810913586843,3.615105823481989,0.029230867895024243,0.09052190679089263
479,589.0,2.3574685608128414,1.5950749115271154,3.6055891906810436,3.828365826124501,3.8413132417120304,0.013257948481144427,0.09151085133867125
480,590.0,1.1883291501217608,1.248383977819126,1.000000276535632,0.4130397127129433,0.518142712266703,0.02293299675850993,0.04174673835192452
481,591.0,0.986158931159412,1.126711366261411,2.770000526111582,1.2142457219313432,1.2602879582525348,0.08844839028286793,0.13599821710881696
482,592.0,1.1768592647529754,1.33544400753089,2.151629552908246,3.8508237740392515,4.289343204744298,0.10322137373806542,0.07418483206811916
483,593.0,0.9855396399658586,1.2106451481119302,2.8905588376125695,2.5795104248294085,3.6383290139868087,0.15871454268368723,0.202570717484594
484,594.0,0.9405963863108379,1.1151601671702787,3.8713535020085215,2.5474633906473123,3.348893668964346,0.06685676059873193,0.12877945699187035
487,598.0,1.12828715959311,1.3308414068999201,5.453907258942659,0.8143440248250671,3.002879849420045,0.06327108923687151,0.02522854565638836
488,599.0,0.9510031811548536,1.3176251533308385,2.0164645640006538,1.7185472291407777,2.817005454926503,0.12235536565942995,0.04789572026566686
489,602.0,0.8961644008438778,0.896238056682581,4.027541252646015,1.0416774950121614,1.7625529596203753,0.05209471056917211,0.07249256592983576
492,605.0,0.7666714347449064,0.7211596349107152,3.8031969730626645,2.0186012345672473,2.104768301801879,0.1755203072227952,0.24327205374370392
493,606.0,1.2645975708162036,1.21499795659604,2.6353208599475315,4.999999677883037,4.816187329187176,0.07268207394395147,0.10843254667135857
494,607.0,1.4145221068992089,1.1281179297809492,4.890311498806232,2.436912130718733,1.8486103676947636,0.14212182803225704,0.15889359508329967
495,610.0,1.355764362184977,0.8933618668464696,2.459753898116233,2.52139056389548,1.9030274446081294,0.30933853406878953,0.22603083501824398
496,611.0,0.8531422662297226,0.8714628740311292,5.431817729184056,0.06813821519269582,0.7563075185417966,1.132781824836463e-08,0.04197651659769909
497,612.0,1.1071235898829395,1.5710333716233478,3.3319113867754204,1.2061497274415542,4.999999827874727,1.101146438113479e-08,0.09691874425123045
498,614.0,1.4643251986867822,1.2981925459944585,2.770866262512465,0.7233255617599872,1.0902234905861479,0.03038099163530397,0.04682482329967351
499,615.0,1.6329364966974569,0.9586171922679666,1.0000019908429574,2.2660762277433975,3.648053514777043,0.06907020358186153,0.12621051524147064
500,616.0,0.6704109227862471,0.8415525895540134,4.133961297329854,1.114119674121876,1.5466597847105277,0.05303798876331906,0.08427597077266946
501,617.0,1.1921705885670117,1.147607488885732,3.2463303482594017,2.292066212333601,3.2056201581688426,0.036481572120517565,0.06426020124746366
503,619.0,0.8336856918198257,1.1786920629818105,4.0737711732499085,1.8688742384736428,3.307176613562233,0.09243900534279537,0.10051235806020486
504,620.0,1.3100937126887169,1.5315812566979932,2.2183219554975033,3.6033617142940475,4.749540537148041,0.035693841248748026,0.10188273568668402
505,621.0,1.1827798321327174,0.9351177860369081,4.471930923876737,1.824749740832493,1.8055160074318277,0.13056669700791054,0.08344583669209737
506,622.0,1.509675245554249,1.2487814300417999,1.5355506887480543,4.595672750746342,4.999995905922108,0.1717126707106179,0.17315594015749397
507,623.0,1.1135532192730864,1.2275896430028956,2.3744828846717287,1.9875664223412124,3.757459393479169,0.04427085997000233,0.0784803534376908
508,624.0,1.0319042709074913,0.912437107287818,3.6921942508057266,1.6526034473868902,1.667867719118767,0.0637973542097808,0.08866397214282186
509,625.0,1.1019292333983088,1.0205217401224593,2.879703773349117,2.349444382973298,2.663026001432136,0.11415085049365115,0.09881673076016345
510,626.0,1.0846557755178694,1.4388835941640405,3.9611631003603534,1.4159686796947297,2.9067885623757874,0.024195100523682705,1.020595170284053e-08
512,629.0,1.1342894526674727,1.342749423175082,4.596458231779662,1.5592046570465723,3.3312939041764236,4.1770658541194755e-08,0.17253715877128373
513,630.0,1.3145589395238364,1.5251982984857706,2.1196711822633674,2.8738321945859076,3.6791040505367283,0.17062267414760898,0.15269302885620897
514,631.0,0.9721506693907145,1.4139015730033986,4.058486225679527,1.8236927498071462,4.99999911637345,0.04380079355229832,0.04187720773704294
515,632.0,1.036710372844048,1.3236864600206848,5.009325620560602,0.7635912933765248,2.108954584548426,0.2016095569933201,0.1956989879631953
516,633.0,0.9324483597589335,0.8822928908405042,2.818198834770492,0.8648359152309661,1.8253152032857325,1.11695570583663e-08,1.3925146206552545e-08
517,634.0,0.7593680959892587,0.6831924549584181,3.706606412017885,0.9822150307055556,0.9093299985058467,0.398414089884409,0.4796053717499661
518,635.0,0.668571985778639,0.9874066428853585,5.060061027187668,0.267242239896212,1.8472742331049843,0.05811181912211661,0.048845469437556965
519,636.0,1.415312049436054,1.7894337211717277,2.7252380761021677,4.999998430560073,4.857489238091691,0.05464537215954891,0.07055713268957244
520,637.0,0.9681317174630437,0.950434885087835,5.443468825136727,2.2657630315813324,2.627116541655252,0.06703085572406997,0.12302201455661932
521,638.0,0.9635653596692887,1.262524520171939,3.674259869909925,1.0515016873883185,2.2458782004507016,0.08044127919480784,0.046008904224671736
522,639.0,0.6149950297118401,0.774813411106435,2.4615332307556423,0.7884124280880497,0.9656871438500249,0.48895762501707274,0.49999999907281406
523,640.0,1.336277128620051,0.9866067408089945,3.1866401634698533,1.1770103695188527,0.8931645281738392,0.189338164564771,0.15424341631191926
524,641.0,1.7569922370584494,1.7783672544414584,2.357739338318148,3.9031381056428827,3.879190595730569,0.09580083568623995,0.12287058823135506
526,643.0,1.3245685462517502,1.3327714163649054,3.230888239504034,2.775919700161085,3.613623194663595,0.03770271017646622,0.06023046512428551
527,644.0,0.1708702153270828,0.8662495773949882,3.5189949417034287,0.14241581649708349,1.24549004085703,0.060204913200556355,0.3571904527457096
528,645.0,0.8895364418203712,0.8152668788942532,3.925826752908986,0.6423027131291261,0.3592098364613853,0.05007071792390616,0.1522625094095542
529,647.0,0.9356681696134458,1.1766096408903355,4.804512240653426,1.325482620001174,2.282368399118211,0.012884072554930815,0.014810017440454055
530,648.0,0.7026159847033038,1.0142530085364352,4.39446532588773,1.0677972873845212,2.583097642417412,0.06532210318351703,0.09456995729036316
531,649.0,1.6356434170326528,1.2540953720328258,2.8635702947446715,4.633918909052661,4.087648788106682,0.070440597850711,0.002742376924903217
532,651.0,1.3430836449174939,1.31096815659533,1.9692916064983654,1.6803718409965762,4.472611302692831,0.07347317858337185,0.04009777267136917
534,654.0,1.2989671873028883,1.4187645415513375,2.967061545513004,1.5577932814195103,4.279520876270673,0.014147163368339955,0.04895635927236355
535,655.0,0.752367963719225,0.540697357266627,4.824502761917226,0.820204360826698,0.7000416621529136,0.03581049729115663,0.06196954350753135
536,656.0,0.8698212849813487,0.7924755698582169,2.9582160793359487,3.4362221370917307,3.43827211510466,0.10443104164716939,0.29651386220454595
537,657.0,1.4188325122071115,1.2103035896402543,2.937081269759289,4.422547153918512,4.999999639990514,0.20216697828541985,0.12335906223571944
538,658.0,0.8085546875594456,0.9991186333352207,3.4617958315639,0.9146180670923681,2.1556242581762404,0.16139446540828856,0.29695191709804647
539,659.0,1.1140980681118684,1.5775858452767304,4.214317881473658,1.3328027631680226,3.3001441437672296,0.015370883260389805,0.032110486830014766
541,661.0,0.733245014143711,0.5755442598053861,4.009685083833236,0.17438470701707637,0.6970647493562703,0.26778243757304787,0.28910699575350224
542,662.0,0.8817824126884741,1.089039157708403,4.276965834931606,0.8200111867217856,1.1878821222441593,0.07477713953835773,0.14200510706621058
543,663.0,1.0330473296191331,0.877051248625475,4.674280209483897,0.20945072449777688,3.654479626363467e-08,0.06489319640795665,0.14719698791213154
544,664.0,0.7556595647609071,0.9796827036490985,3.3784483946727777,1.6738326217481738,3.0609563212605244,0.049166251856280256,0.2392282867836204
545,665.0,1.0205097655233375,0.9202767016583459,5.64151184084904,1.603007140226483,1.7094996405688658,0.11644790712026597,0.2036408440777851
548,668.0,1.1476029114600523,0.9355325021401595,2.8541558118066543,0.7770238976017433,0.7126429011056888,0.15229895556086806,0.19825165540185197
549,669.0,1.2391581713855726,1.0324246533103991,2.2101205974858282,2.3331088304505405,4.598733879521141,0.042190978570668294,0.16889624792858635
550,670.0,0.4626622826569864,0.5829928476109038,1.0000000084526552,9.512819882156327e-09,2.181918001759747e-08,0.025132930508983437,0.031104990594269775
552,673.0,1.2346940745799628,0.6823020762351186,5.832697762501701,1.5926106235467545,1.426492654386266,0.024078022318312756,0.12071369747018396
553,674.0,0.21843542502947125,0.03250685392829278,7.748414182451202,0.06378691302851977,0.004509691146964101,0.45489682628495726,0.00012126657390808744
554,675.0,1.6614525226488512,1.3455127075452653,2.9564985840747755,2.3357395306557558e-07,1.5024992510743924,0.011228507743256759,0.020217020208352133
555,676.0,1.3824677117612028,1.7252497832603793,4.259529954294077,1.9490298278581246,4.9999995453913115,0.04070691631978446,0.1810762017917105
556,677.0,0.8568954417185795,1.0345770951675635,2.486976225253755,1.4574025119646437,2.8542050770485954,0.013986415828900194,0.033241247227551694
558,681.0,0.9913027796728087,1.478269578937215,5.531287102502387,1.0004145717940838,2.868087471886671,0.010998510426181461,0.0314509247284608
559,682.0,1.6385379273991396,1.4978486290879307,2.9512296370564948,3.797540323827834,4.999999511171252,0.25847711840116583,0.22885908123595908
560,683.0,0.8886984097598124,1.3224790079073532,3.7289072788365716,1.9644544979673175,3.5743211104035257,0.08031190256725079,0.2104809902301718
562,685.0,0.9115238239889399,1.0069150130718507,1.000004989064892,2.3849583738675477,3.045873799059276,0.17754728813469514,0.1733957306117861
564,687.0,1.2948897181345507,1.6233367606235287,2.5477213490784645,3.5308137636843395,4.9003408247563485,0.05835865741604429,0.02343990618389917
566,689.0,1.1871902288738154,0.8627673048660627,4.367773167589227,0.42602582152460633,0.39089324936212755,0.013257412528008963,1.928738724060036e-08
567,690.0,1.0891966726435796,1.3090671445591417,1.9738568861275516,3.415599085158799,4.219554060158398,0.23292914969610568,0.299504245061061
568,691.0,1.136994180005058,1.1155038722192838,4.101626859814073,3.288521710793128,3.4566016097176417,0.014549632744094836,0.01785863152825575
570,693.0,0.9029950695658574,1.3301163299263072,2.7178539761485387,1.1465503803951722,4.999999956709249,0.011207147485120274,0.05940655137056279
572,695.0,1.2145940443796557,1.1018609036834106,1.9321488131122513,2.001154854425054,2.967749697759701,0.02126683564034079,0.03956116130117425
574,698.0,1.2225590787424183,1.3968431961095218,4.325831264400454,1.363443530326951e-08,3.3577126333909457,1.3394741359369163e-08,0.08381316369371458
576,700.0,1.22369467676109,1.2517948841416469,2.004116752435599,0.9305485469418305,2.409799250914945,0.014173745751239418,0.032125754955201584
578,702.0,0.9792999782196591,0.9881184639516334,3.1602724214255518,1.3684187037497841,2.012283152728735,0.18964424814576183,0.19087138139512075
579,703.0,1.0688772378873312,0.9789154206742694,4.92024036376676,2.006803746630137,1.7873105407866936,0.24060822285144595,0.2665853947666412
581,706.0,0.6038108509683675,0.9600647808355278,4.015643915873797,0.7808747193709928,1.760308783980458,0.03541521242723603,0.11059301572467548
582,707.0,1.0558757086484183,0.7101831496566211,3.227869848939221,1.5818500193714747e-06,7.815677756600702e-08,0.3215375712098279,0.448532948770218
583,708.0,1.212179153679607,1.1652758616126566,2.5075924880386835,1.7701452953663481,2.075711400143058,1.2855132887321053e-08,0.00530725208420471
584,709.0,0.9642394383497541,1.0737131317655215,2.0005874303612363,3.198922859672052,4.999999394397256,0.1796216052384782,0.18557631722245108
585,710.0,0.8770206283413448,1.287799549582609,3.2239432948354216,0.934202461651238,3.7004757939780473,0.043946438345319944,0.16817001838451176
586,711.0,0.9563529592997884,0.9558144059651682,4.6897577607638645,1.8478488995145492,2.5130293075386305,0.035245935286979425,0.03791079178560813
587,712.0,0.954328157948396,0.8322373331970023,4.178731023589986,3.9462815222186545,3.8463453353653634,0.19786458025875558,0.20224592682672682
588,713.0,1.282296429011232,1.4080222098324178,1.0000000374322766,2.9815326885036706e-08,0.3313909612293599,0.05699909786922956,0.027406519167252022
589,715.0,1.5332352831903326,1.159091988771946,4.423481735318154,0.620161174754623,0.9444777084582284,0.12260354156634085,0.13568792790944756
590,716.0,1.2387655691649802,1.1610181537611022,2.781807991631003,2.076574836497795,4.288460585818775,0.041929013431858654,0.05491719083548353
591,717.0,1.7835718818269268,0.9294980796130399,6.921734229565226,0.48018778319117644,1.0090647320996184,0.03031455898182614,0.07888304293745156
592,718.0,0.6990367319236808,0.8582415096041167,2.3073264070144135,1.9590821147260251,2.452581280024093,0.09927673102489297,0.049640106096328275
593,719.0,1.1890699684331232,1.2712529581010434,4.057581846278855,0.6698318796909193,0.9076814142424736,0.051379277947004774,0.05737385363262328
595,721.0,1.0061392195492518,1.0792563156586297,4.436608617293225,1.745810727121918,2.317404965330827,0.08742402225848847,0.14523341157316869
596,723.0,1.1117678982428345,1.134651271909381,2.757540356360195,2.702246794459827,2.7450990608607726,0.1702435540022007,0.075952447225435
597,724.0,0.9411712756675191,1.1068358909664737,3.3009335328547356,2.2138529882242888,3.04040171517,0.11468779301967878,0.14391258467747878
598,726.0,1.0605660182073537,0.9641677985317432,3.09406927270379,1.582263189472195,2.3085662038471213,0.03039026088844322,0.07975175607060032
599,727.0,1.5643081547374122,2.1075029062900237,4.141008993267202,2.6396320225327363,4.999999725232006,0.0797137784650732,0.09820530696778379
600,728.0,0.9194431218271567,1.1395989134778086,3.2569334777416223,1.9274867637187572,2.7867472315195294,0.057367983233067694,0.0903070468686512
601,729.0,0.8694911029729373,0.9852033023997484,5.151869008931803,0.26805497316371923,0.4034764386423053,0.04988289340240406,0.10181156110120375
602,730.0,1.9263393856593276,1.3523402177075625,4.277961233000966,3.5479814522840956,4.999999928157913,1.1230257635703582e-08,0.048908861625986
603,731.0,1.2026266836458117,1.7667614238936897,3.1154362495728574,1.6043149792102291,4.405538760511223,0.021788150155083195,0.05742294838371752
604,732.0,0.6860376605259948,1.2443871738381769,2.8816544320850284,3.109318695514865,4.999999605577225,0.16755185953048254,0.20377174787851168
605,733.0,2.825514568592851,4.883613369217178,5.923536078229518,4.24844785844424,4.999999408139495,0.3449055028812494,0.2638823864717451
606,734.0,1.8721090908627744,0.9983388610401899,3.599090098120978,4.9999977778762705,4.999998509824466,0.05619104231925521,0.1864368971920729
607,735.0,1.204435037169037,1.2237905787478818,5.309713425410364,0.6834639819065926,1.513144073282147,0.008856919136373567,0.10777216374125527
608,736.0,1.0961105344586806,1.250056902390591,2.141239658263373,3.6595983475443825,4.46686221574014,0.02870783942987027,0.07686784395629594
609,737.0,1.026017981574076,0.6016870038346602,4.0799575486426995,1.7253333438839318,1.439672091911675,0.04925330140959851,0.19303656085124035
611,739.0,0.7518271322720909,1.0723978079374894,1.8387075159537225,2.9062510469321063,4.999989910995771,0.24767130276523902,0.06794801565978036
612,741.0,1.0111735139712592,1.263739784147908,5.047362239550638,1.6692673942023784,2.7504029662870937,0.11811602098091832,0.17318616851242483
613,742.0,0.5754280222216468,0.20026584407997772,2.8153756211517473,0.595130405396484,2.2863250173423254e-08,0.3272129158651744,0.39315040759741937
614,743.0,0.8777064462960897,1.3176038851419587,2.7304171761491642,3.330142376407343,4.956195431028727,0.18228370325100057,0.3076219401940879
615,744.0,1.0974548114005238,1.0980489329049588,2.671514349561097,1.9881728235063982,2.66716868471011,0.11863068494107473,0.19164093799603246
616,745.0,1.1596821154039898,1.2947397328382433,1.7665283636985565,3.2829305219070597,4.007675442957329,0.10246801028889589,0.20518909115585798
617,746.0,0.9317453446142699,1.0119870220451608,2.680120977036087,1.9145127111809679,2.440071029522963,0.16094193988629968,0.10033119865528914
618,747.0,1.0704396660190516,0.7529831791888753,3.1160841871464755,1.7444038431689484,1.671355126145731,0.28355330282885677,0.40299105789247147
619,748.0,0.947319443964769,1.037573404143582,2.207916731978939,2.7032004553146636,3.0488543836140876,0.07910702631942026,0.125367809849942
620,749.0,0.17795997533995445,0.28074196514785676,3.0919082062975978,0.03375447623347894,1.2390868270728528e-06,0.12178713274173356,0.2240190163322212
621,750.0,1.0478773030397188,1.4357186059823925,3.76932882672428,3.3309103430227043,4.3398890865249715,0.053711529184929156,0.19869844255737623
622,751.0,1.0037149754522443,1.2078466104571985,1.7268293775260728,2.7627083364569085,4.701934393908934,0.020049158477112295,0.14537984708787302
623,752.0,1.0075412552388034,0.9384549547826,3.24547144867553,1.4827026525016498,3.2897954354675636,0.15484648743285165,0.17574994814493014
624,753.0,0.6970384166927155,0.8473896455737704,2.142345796359025,1.9771131739113041,2.743456981405532,1.8119169853352838e-08,0.07063525655639934
625,754.0,1.085033984092947,1.2479344669233279,3.498272429892905,2.5279775737312455,3.322850909539322,0.07710994184739951,0.08545720150895218
626,755.0,1.3216734342599996,1.149806008024696,3.3716362609593693,1.286158532567328,2.0838651733487805,1.1548496399362526e-08,0.15764186064530966
628,757.0,1.0795866035857093,1.4423381656342182,2.224360608958024,3.5663828503650223,4.658065420391067,0.02224700502174937,0.05933267899619988
629,758.0,1.3222732864245452,1.5990818426110287,3.2604137227235874,3.3081576184373924,4.290135569966416,0.12389380378058168,0.1425049010374313
630,760.0,1.5708588780830919,1.278801629158392,5.302514747046491,1.6507465198490685,1.1449487394486495,0.2396574666799742,0.1177945573026597
632,763.0,1.215124495428259,1.2579511845239797,4.035466205023983,1.4794400057617565,1.8082314905996406,0.039159191882724556,0.05955321779450458
633,764.0,1.0141100679543427,1.3195291488100866,3.709826659655891,1.2643025283256688,2.008095178786145,1.2574857843076682e-08,0.01884615675910248
636,767.0,0.8353878300580991,0.8540697520662159,2.6880850143085246,1.9911684465183886e-08,0.5714284299902618,0.0818298002980155,0.18766625144252455
637,768.0,0.8501349946900063,0.7370772164202039,5.761031415250526,1.209282153764825,1.7507539639802163,0.07447756796737777,0.19082043227983342
638,769.0,1.1491335247463097,1.337508224463145,2.4739225326208314,2.72523644596738,4.9999807453608485,0.016196357555298226,0.08424007720442168
639,770.0,0.891337772535278,1.1962761389064451,5.0623052252146605,0.26497396544517626,1.0456612516574497,0.17148843064433084,0.22225182968768742
642,773.0,0.7041996448209066,0.6257541692553423,3.793866705966821,0.6524527056073984,0.8518934246252612,0.1648155754796464,0.24380016774599392
643,777.0,1.1738263670632274,1.2797567971919162,2.770838420655442,3.326847874811727,4.999999484159199,0.1374083656288191,0.14659810874515083
644,778.0,0.9573873374993095,0.842416790245169,3.1169330549696586,7.688089809467875e-07,0.5656558810558168,0.4999999828521795,0.49999998387876404
645,779.0,1.003297547474246,1.7657694785790334,1.7837972838642964,3.33484938706517,4.959648462879529,0.055304355873199935,0.1885706823086196
647,781.0,1.0081528496771768,0.9149472968305222,2.595202372283046,2.9279167278758367,3.0907095981592376,0.07426853668310256,0.09893950308245142
648,782.0,1.4175873486870771,1.1144736057634277,3.2368303263963374,2.1653806875199235,2.940287312080861,1.0641642219827526e-08,0.104149132721665
649,783.0,1.1084085987954315,2.1419356518333066,2.5580666892025907,2.7104309750251137,3.8114327818987594,0.21623048677519344,0.20598015651112056
650,784.0,1.5616338450734206,1.4851630929777633,4.4963845411563765,2.8610519495570523,4.999999470698078,0.06757510198431264,0.052822701508958354
651,785.0,0.972061287220523,1.2973549810317957,1.4844214220186225,3.623019179810366,4.951829222051483,0.12430494785932394,0.11601890967166872
652,788.0,0.9098677548462698,1.060541910967505,3.0670754513208336,0.950448639870055,2.422174102074743,0.01663146020585744,0.07887046598701017
653,789.0,1.3583781557561694,1.136734412050329,1.2242747216748389,2.4150335785580928,3.0790404076846176,0.15261910876655288,0.143662007524022
654,790.0,1.2150867625905137,1.249685483055734,3.5547778996049826,2.0726387090260032,2.337535856159985,0.07831078691118254,0.1158742506205551
656,792.0,1.1725936892308217,2.0819155983575444,3.1697734840577048,2.630087484967149,4.405338237094323,0.14871883815307987,0.14754226242558263
