,ID,Q_0,gamma_short,gamma_long,eta_short,eta_long,beta_long,beta_short
0,1.0,2.3719423055734103,5.406230716300107e-08,0.04568188899271094,2.7494369196354884,4.999999888803324,1.0,1.0
1,3.0,1.5998818990584927,3.470229628818492e-07,8.430787749659171e-07,2.9186242273612804,4.106192952965326,1.0,1.0
2,4.0,2.0493386592918297,2.3120295111448504e-07,0.10479540975083344,2.227877708290009,1.6896706558217596,1.0,1.0
3,6.0,4.9999503335013085,0.7219954697022424,0.5569011234817486,0.046067447728999254,0.27799498318496996,1.0,1.0
4,8.0,3.509730083735201,0.09940878004389658,1.1949400748803873e-07,2.6507587940576167,2.0509129161666113,1.0,1.0
5,9.0,1.0829281954295649,3.880464876911451e-08,0.9692732084533394,4.4669194434636115,4.999999931593209,1.0,1.0
6,10.0,1.0000001502967721,1.1378950784726355e-07,1.3024779708508435e-07,3.116201420988351,3.208820723250878,1.0,1.0
7,11.0,1.0000015943603868,1.7305856364995783e-07,0.5119250083352056,3.7493590033856443,3.4186023541048898,1.0,1.0
8,12.0,1.1373822623073522,2.4421029514830197e-07,7.002292002206849e-07,4.128756163660959,4.999999255198484,1.0,1.0
9,13.0,2.776967988358627,5.96963901500158e-08,0.6980044782315805,3.5919354209274554,4.999999887249813,1.0,1.0
10,14.0,3.5480072233139,5.718985836881784e-07,0.02931598508858035,1.7169168559553585,2.3442460778960688,1.0,1.0
11,15.0,2.7517925314141123,8.258005889749627e-08,2.7404727710026684,4.159491642888148,2.3696178899894353,1.0,1.0
12,16.0,2.8786657392705304,3.946047462137965e-07,1.6946217956746534,2.932205178487344,1.7960146403459059,1.0,1.0
13,17.0,3.056023982391367,4.296837290648762e-07,1.7791470959266473,2.4797666022688287,0.9330186926170373,1.0,1.0
15,21.0,2.477787705816586,4.130619310737143e-07,1.6480413811950158e-06,2.596431395310015,4.006656921895919,1.0,1.0
16,23.0,3.4340067446567986,1.1419814989347382e-07,1.190123306821192,3.216587784719647,2.7572720091853626,1.0,1.0
17,31.0,1.0000000123574515,1.4562258979913715e-08,3.662093044334573e-08,2.935297437008505,4.0142538484057715,1.0,1.0
18,35.0,1.0000000036004042,1.3223619224497198e-08,1.3007051821677335e-08,1.5221376527371284,1.9125201326502443,1.0,1.0
19,38.0,1.0000009549654303,1.537538963284279e-07,0.2955074242160528,3.1197652092920367,4.223797623883602,1.0,1.0
20,39.0,1.0000001810525607,1.3228022685287257e-07,1.4233519432383057e-07,2.4703587746456175,2.9852220625903505,1.0,1.0
21,40.0,2.3079542656317984,3.13062911131695e-07,0.33594628750540495,2.6718669059631934,3.238266840787588,1.0,1.0
22,41.0,4.465428848804078,3.152479887486991e-07,0.25829537374710393,1.8989081963114496,2.038480884423256,1.0,1.0
24,44.0,2.692725645170877,1.0884100988855148e-07,2.5858459418691324e-07,4.081438811824235,4.93943257809652,1.0,1.0
25,46.0,4.212552514940142,2.1721737212513528e-07,1.8527849650158141,2.1133840278253966,0.9901231683749979,1.0,1.0
26,49.0,1.0000000118722703,2.4575234026057528e-08,1.5137928260055592e-08,2.0525790877582435,1.9938755490028957,1.0,1.0
27,50.0,3.0555512507191245,4.2958397956791383e-07,0.3788892146677438,3.3774396446005515,3.240030275535515,1.0,1.0
28,53.0,2.8377292933513414,9.641301408287403e-07,6.341206952825084e-07,3.2519952167409083,4.072224593214737,1.0,1.0
31,63.0,3.782528127933386,1.4402677140223235e-07,1.0456689158711365,2.374216930383088,2.9175709668630168,1.0,1.0
32,64.0,1.0000002655065503,1.7174447733336391e-07,1.7376287452616785e-07,2.867921905626011,2.2194642804379248,1.0,1.0
33,65.0,3.3172255762105656,4.948263414386246e-07,1.638472372865652,3.4722159408388946,2.771362634310035,1.0,1.0
34,66.0,1.8269658517723721,7.051076601656186e-08,1.2098149264467225e-07,4.999999879700024,4.716566959701026,1.0,1.0
35,67.0,3.7345373998074205,6.513342765521575e-07,0.30527497068414433,1.7413388657808668,2.1121035759073985,1.0,1.0
36,68.0,3.3642411203845803,0.39997769539886324,1.0975359227598261e-07,2.842969822165729,3.9514646919097247,1.0,1.0
37,69.0,1.000000321803987,1.390116657008726e-07,3.181026149747652e-07,1.6789759569378098,2.0183334434719447,1.0,1.0
38,71.0,2.484633277377566,7.49133064259795e-08,1.3238002965853104,2.2932424186903315,3.5276337937456606,1.0,1.0
39,72.0,1.8717608329963489,6.216147003806023e-08,2.722954265515701,3.2087000910540024,1.3270766920462382,1.0,1.0
40,73.0,4.9999918095193685,0.6127567144595707,0.1917761628586502,1.4337120401795616,2.3004170938320936,1.0,1.0
41,74.0,4.413715364734241,0.09265944828317604,1.1233291527988577e-06,1.9345822525398408,3.6444737749718734,1.0,1.0
42,75.0,1.0000000167952092,1.6608555659959236e-08,2.5747115803310796e-08,3.572225726638348,4.092950699078885,1.0,1.0
44,77.0,1.0000000875204447,9.390196455969938e-08,7.497103437275642e-08,1.5278550072366925,0.8376492955759903,1.0,1.0
45,78.0,1.0000000110170713,1.7612080244420752e-08,1.691116089537854e-08,2.3624001107913153,3.046328293379135,1.0,1.0
46,79.0,1.8359794558430202,5.927893003416824e-08,1.0727984838231124,4.624627858666721,4.9999991877720396,1.0,1.0
47,80.0,2.3739091383176416,2.7912056818921665e-07,3.2601534555458005e-06,2.8490933479338274,3.9338403094763836,1.0,1.0
48,81.0,2.706994048727359,5.024537716665513e-08,2.2558189107955404e-07,4.432612899299616,4.999999952525659,1.0,1.0
49,83.0,2.508397849638342,4.1016361661513645e-07,7.684612996853896e-07,3.286493307521336,3.6171363203713085,1.0,1.0
50,84.0,4.6043089511231265,2.0717746916811665e-06,2.4866440420071516,2.152277026388389,1.1601482307289612,1.0,1.0
51,85.0,1.4244644348494955,5.57034893511882e-08,1.1808321927602334,2.5120035366722337,2.5356272823101054,1.0,1.0
52,86.0,2.0307398258274767,6.495369188754306e-08,0.19738692810548417,3.484049797224989,3.043412502491205,1.0,1.0
53,87.0,4.397792511934885,2.7978709796797382e-06,2.131759413300731,0.7645388405322431,1.9310387450148774e-06,1.0,1.0
54,89.0,2.4771697929632746,3.333723577628386e-07,0.5666633473993256,3.557246172500031,4.305815043049281,1.0,1.0
55,90.0,1.96943707982339,6.384258475210113e-08,0.34614973536286553,2.3702422048113205,4.569577088935108,1.0,1.0
56,91.0,1.7120446801960971,4.897191204505804e-08,0.8994663068129057,4.999999867005985,3.93090066924984,1.0,1.0
57,93.0,1.000000004633321,1.3110479614047168e-08,1.500438448962465e-08,2.393740897067005,2.882792909469266,1.0,1.0
58,94.0,3.73734116063335,0.3631237114459435,1.392673632652524e-07,2.22772644855169,2.046158132225767,1.0,1.0
59,95.0,3.825500494170158,2.032581788127666e-07,2.9999998066132454,2.2845577565343844,5.101704074310958e-07,1.0,1.0
60,97.0,1.0000008991806966,1.5353246724505132e-07,8.57585721148768e-06,3.7771030613955907,4.686446481715512,1.0,1.0
62,100.0,2.945049202874303,0.032216603407411594,3.275100384072875e-07,2.8956064581043854,4.012139027893841,1.0,1.0
63,101.0,1.5167205780004138,7.57182867443157e-07,3.511675441053594e-07,2.886519369312129,3.793583351443541,1.0,1.0
64,103.0,2.9244751877702124,1.8473736619161787e-08,0.9356423351491374,3.7402466126311684,4.999999989085891,1.0,1.0
65,105.0,3.4354506058361736,1.1429483221774384e-07,1.2461544038112893,2.0283163551480583,3.162524481571711,1.0,1.0
66,106.0,2.210508217823296,3.557630357847733e-07,1.9076946347282817e-06,3.0472014065259603,2.8515915755683374,1.0,1.0
67,107.0,1.6635646867381964,2.8680729886944534e-07,2.1071003428184404e-06,2.448618658318936,2.0307253016568136,1.0,1.0
68,108.0,1.328097446749425,2.0108742816514516e-07,0.843993579647681,4.045213031858902,4.9999989998606855,1.0,1.0
69,109.0,1.278373113637568,5.398953285058075e-08,1.3295723762593483e-05,3.027244071610696,3.388660022750894,1.0,1.0
70,110.0,1.0000004172661572,4.423058470045869e-08,1.207532523329145,3.7427650856639976,3.798406181909191,1.0,1.0
71,111.0,1.848517217223179,8.462920487559823e-08,1.790844202016967e-07,3.5110237616085,4.779619639927793,1.0,1.0
72,112.0,1.0000004984120292,1.9520521060269973e-07,3.0085888228554373e-07,3.5493393761035197,4.2579797105854915,1.0,1.0
74,114.0,2.495082101253487,3.356992360152169e-07,1.346573571666134,1.6454358930136441,1.6674000824472432,1.0,1.0
75,115.0,2.2741079887269207,3.775997575188295e-08,0.40376640318994556,3.5308864981224364,4.999999962070949,1.0,1.0
76,116.0,4.257490493193673,2.2976296356782568e-07,0.15173558388513964,2.1204003017400614,2.718248417279396,1.0,1.0
77,117.0,4.003761952329182,1.1804753385875042e-06,2.7364513477667044e-06,0.8562125601680193,1.3456549316397832,1.0,1.0
78,118.0,1.8251545324061882,0.10657011419898468,2.1558288552074232e-07,2.642354410400649,2.7026486706085144,1.0,1.0
79,119.0,1.155946094325753,4.044025832703346e-08,1.3232889453893733,4.636122082170081,4.999999921156567,1.0,1.0
80,120.0,2.5292149045966523,3.5268502081007743e-07,7.989926106379076e-07,4.276554859043291,4.999998168463477,1.0,1.0
81,121.0,1.668168505609672,5.897387315932004e-08,0.3328367928671067,3.064301361226044,3.1301322910018237,1.0,1.0
82,122.0,1.0938494463199198,0.15195328437824004,5.183125744204023e-08,3.8838589068566094,4.319699487080924,1.0,1.0
83,123.0,1.0478695025686036,8.275383534318328e-08,9.022545172581488e-08,4.345284086916731,4.999999631696693,1.0,1.0
84,125.0,3.0914334586701746,4.3728516646818693e-07,0.711300550463725,1.7787823451118272,1.6752818597574737,1.0,1.0
85,127.0,2.7492036929245964,1.9697798940368644e-06,4.5472914949892367e-07,3.1402857395952064,3.523677662894342,1.0,1.0
86,128.0,1.0000006384070872,2.848998016931839e-07,2.4057655272316585e-07,3.424397164203321,3.733406019498421,1.0,1.0
87,129.0,3.529151561371789,1.0354398541290883,1.2813879205017515,0.5805897966098993,8.135852945175827e-08,1.0,1.0
88,130.0,4.295818477231721,0.012789591829271843,5.26552903058926e-07,4.036958224503266,4.999999145154736,1.0,1.0
90,132.0,2.08091374181997,6.90589323984721e-08,1.0546626216985393e-06,3.1919561881120266,3.576082858818792,1.0,1.0
91,133.0,1.000000259106103,7.969981375762903e-08,1.4146504784412226,3.840676847017376,4.999999609353774,1.0,1.0
92,134.0,2.6457220326621522,3.56545365083497e-07,2.0296176443207155,3.126805552875441,2.6091994769071047,1.0,1.0
93,135.0,1.0000002869228806,1.2366116054299276e-07,3.5017235910322764e-07,3.8739186557747427,2.91780328585963,1.0,1.0
94,136.0,4.2199351847160385,2.1918663858605897e-07,2.3425316657509403,2.753063070733499,1.2480780979659762,1.0,1.0
95,137.0,2.3360669463433408,2.550129692526247e-07,0.22268609347454157,4.522387203243066,4.1431800441453275,1.0,1.0
96,138.0,2.2342831990931793,6.899811690195097e-08,0.4467804969758355,2.0012147055186262,3.9265131223341854,1.0,1.0
97,139.0,4.493447739570771,3.3212481593358244e-07,1.5307202831576525,2.3470164490994767,1.8854574020622705,1.0,1.0
98,141.0,1.9701440477398224,2.7927391170975166e-07,0.8115879155022461,1.6013342931070969,3.867301182801809,1.0,1.0
99,142.0,1.9960561129259973,2.5472863953184086e-07,3.6309859391710586e-07,3.8752034940070015,4.999999773598932,1.0,1.0
100,143.0,1.827015666512733,6.142557590656865e-08,0.7872155681863396,3.5074616845248943,4.589658474771721,1.0,1.0
101,144.0,2.09031776326726,8.811650429450872e-08,2.0879275114661791e-07,3.7092440005224825,3.3783574968753736,1.0,1.0
103,147.0,1.0000004347923235,4.4453998149427373e-08,0.6660156627737724,3.48082306421448,2.480183747390166,1.0,1.0
104,148.0,2.453070515808065,3.3033083310548247e-07,1.9542464581741084,3.539488121611085,1.997177746683817,1.0,1.0
105,149.0,2.1783340425357482,2.9914450564346054e-07,0.825778744384293,1.8335745248551305,1.0283377913393932,1.0,1.0
106,150.0,1.0000004600325523,8.566391941780986e-08,0.5876856236063911,3.0636374962369843,4.9999998191149935,1.0,1.0
107,152.0,1.0000004221389631,1.6406662846757887e-07,3.370462322596355e-07,2.3664455925566146,3.175508673217825,1.0,1.0
108,153.0,1.0000006562660169,2.6125473652507177e-07,2.6568719375341307e-07,2.4917969711369254,2.5899228979049127,1.0,1.0
109,154.0,1.1710453115727415,2.853787481224227e-07,7.401614398485155e-07,4.778163124887598,4.999997619513866,1.0,1.0
110,155.0,2.6045641840560854,2.938021339619314e-07,6.836271704581508e-06,3.5646019504697986,4.204088750362402,1.0,1.0
111,156.0,2.2996248568828186,0.43418971361021097,3.114206560519609e-07,3.2804573731439834,3.9731077882389734,1.0,1.0
112,157.0,1.6163877952834238,4.343459967205888e-07,5.68428288262763e-07,3.1590884338566982,4.810886008684987,1.0,1.0
113,158.0,4.4809483816636115,1.581832188526921e-06,1.360808030155735,1.2078840189096247,0.996825623571226,1.0,1.0
114,159.0,1.000000147741216,6.522506268854338e-08,6.081258884902394e-08,3.790344220212845,3.972826924837744,1.0,1.0
115,160.0,3.205837189463561,4.647308726465295e-07,0.1593397935588335,2.028677836632756,2.7079988619041275,1.0,1.0
116,161.0,4.999995783662558,0.27332568581108996,0.9515369316216015,1.5867162939770627,1.5040075686754872,1.0,1.0
117,162.0,1.0000000069088393,1.2267797323882697e-08,1.7851212009572628,4.052221466284594,4.999999987591067,1.0,1.0
121,166.0,2.5028833226354723,2.713827240545366e-07,0.03623152468012185,2.8657964122494834,3.1046196621479596,1.0,1.0
122,167.0,2.2043868179421766,1.8034071494336146e-07,0.8080504649391756,4.010135800748115,4.999999699497983,1.0,1.0
123,168.0,1.0000006825280128,1.3859953146350003e-07,0.5190775901885188,3.4969179116424165,4.132254004854552,1.0,1.0
126,172.0,1.0000099448979376,2.552632974073849e-07,4.7449933146328586e-07,4.241375302726727,4.999999351682019,1.0,1.0
128,176.0,1.8434197207456227,6.169302169441609e-08,0.05991086634668865,3.6164718942029372,4.316179349932446,1.0,1.0
130,178.0,1.9523995169162867,1.467837391444449e-07,0.09545146874889388,4.379833517601176,4.9999997226309105,1.0,1.0
131,179.0,1.0000008283342838,1.4754876805898314e-07,0.006610691880307159,3.445976250902119,3.9788180309840326,1.0,1.0
132,180.0,2.5499801483747135,3.4300718464501755e-07,0.032389661520806745,2.1403002136238647,2.5874410325462343,1.0,1.0
133,184.0,1.0000052024963,1.994044098467352e-07,1.3954225975029646,3.6445765567802955,4.339095793030472,1.0,1.0
134,185.0,3.899385528460413,0.3856452730192021,1.5812793668890296e-07,0.9059374774166784,2.5955967914966984,1.0,1.0
135,186.0,3.9688991931512363,1.0440743854522923e-06,3.3793964769382945e-06,1.3867803097986808,2.584772363528511,1.0,1.0
136,187.0,1.0000001754038985,7.023962265479563e-08,0.8208018431727804,2.874860211223879,4.999998583984873,1.0,1.0
138,189.0,2.7177388913967353,1.8633984733820703e-07,9.877566264672827e-08,4.773786551955609,4.9999997515096855,1.0,1.0
139,190.0,1.0000013053214218,1.8454090823754544e-07,1.4895120668264713e-06,3.0986152304347296,4.882589268980235,1.0,1.0
140,191.0,2.8311853824426025,2.62875389930059e-07,0.5274020286948471,4.332879864311637,4.999999433376241,1.0,1.0
141,192.0,1.0000000045795592,1.4563277311651767e-08,1.3255781726791172e-08,2.377118110296755,2.228771996760824,1.0,1.0
142,193.0,1.571603032539954,6.256387032592158e-07,3.979098805426842e-07,1.9519855575487906,3.986345109469673,1.0,1.0
143,194.0,2.5949073721814306,6.518608319228538e-06,3.6786252973879397e-07,2.3032197990587164,2.1284818325644954,1.0,1.0
144,195.0,2.7502059124678104,3.725094765226911e-07,0.4192115890466223,2.6997737093075562,2.2779825632087563,1.0,1.0
145,196.0,2.5745874503090977,6.446279880041099e-07,8.525383221662906e-08,3.0048123716760844,2.8872292512323012,1.0,1.0
146,197.0,2.760232893574196,3.0140488711564343e-07,0.40810749322717105,2.4638056795783903,3.303573331737941,1.0,1.0
148,201.0,1.489040474848767,5.6916664775741365e-08,4.950343387262248e-06,4.163473964263652,4.521671231937582,1.0,1.0
149,202.0,1.0000000049374953,1.4932985183214144e-08,1.3419444927318719e-08,1.7656406130419469,2.0300410522739796,1.0,1.0
150,204.0,3.560576777358105,1.090717418213318e-06,1.2018395639540942e-06,0.45575505832410823,0.10986996065659144,1.0,1.0
151,205.0,3.372117467855699,1.5665725027152318e-06,7.491392082759347e-07,2.364365175168743,2.2926958882940354,1.0,1.0
152,206.0,4.038675508812436,1.7974290980861522e-07,0.9692633860270526,4.023116113473898,2.9639871566740372,1.0,1.0
153,208.0,2.897701830167079,9.960973701958036e-08,5.898708371821663e-07,3.112532953447386,4.929163146058044,1.0,1.0
155,213.0,5.000004625380331,0.18132897095308267,0.34928787638893377,1.0984395702707659,1.2210671660357373,1.0,1.0
156,214.0,1.0000003795747723,1.3828047354735458e-07,4.497703146593411e-07,2.6525529181265353,3.111023886617445,1.0,1.0
157,215.0,3.5617437172269764,2.627536553815974e-07,0.5544534052600205,4.989519294015538,4.9999995819824266,1.0,1.0
158,216.0,1.000001213641234,4.588782072539932e-07,2.430555362603607e-07,3.3785428694215662,3.998614100958887,1.0,1.0
159,217.0,1.0000000027803977,1.1803868048303745e-08,1.4015651226531e-08,2.2127783993048444,3.777483428319567,1.0,1.0
160,220.0,1.9354965347224595,5.303923418303041e-07,5.551012973261992e-07,3.9154755674862747,4.650280721288818,1.0,1.0
161,223.0,2.911850346406957,5.217280519507068e-07,1.6620741347073423e-06,3.4851152001782664,4.5579800400478545,1.0,1.0
162,224.0,4.999994802828419,0.18840440255120364,0.09467803702726448,1.8830130532107958,2.0127610227063575,1.0,1.0
164,226.0,2.3931632943633208,2.7961735569573915e-07,9.151842902182495e-08,3.466492362128288,3.9632727698446577,1.0,1.0
165,227.0,2.5203987733455664,3.390283478452486e-07,1.178511383809342,3.2271642872753996,2.6500367032830368,1.0,1.0
166,229.0,1.0000002641206558,8.23915309967602e-08,6.039766047781252e-07,2.652602771344173,4.999999768825009,1.0,1.0
167,230.0,4.820721690082119,1.243544045080339,2.0921087577261113,0.7185900179613965,3.333935936330783e-06,1.0,1.0
168,231.0,3.7968964520398276,4.70560187306221e-07,2.99999695117877,0.9115081038662652,0.5529225104299125,1.0,1.0
169,232.0,1.0000017654537172,2.2379596313676742e-07,7.583719049564761e-07,4.183783140559732,4.648936553417442,1.0,1.0
170,233.0,1.0000003884178255,1.1077416030911732e-07,0.38433463521557365,3.629614707717728,4.612341673075164,1.0,1.0
171,234.0,1.0000002174565552,1.963548513509596e-07,1.2688930281072973e-07,1.5032847044752011,0.7298478598760175,1.0,1.0
172,236.0,1.0000002970865425,1.439691840039426e-07,2.575542309366267e-07,2.2877700342494074,3.414510091081051,1.0,1.0
173,237.0,1.0000002682101212,1.5002388442553701e-07,2.0712205709707748e-07,4.350743318666995,4.822290435351975,1.0,1.0
174,238.0,1.000000609325776,7.904806568516019e-08,8.547582247447532e-08,4.430785554238593,4.60208078905097,1.0,1.0
175,239.0,3.1238664304244854,2.2950091164205477e-06,2.4755746545766737,1.8313072305448748,3.9350408446882407e-07,1.0,1.0
176,240.0,1.0000000340479862,1.3906765901995515e-08,0.5017672478064751,4.3522616100907285,4.999999992695808,1.0,1.0
178,243.0,1.000000609325776,7.904806568516019e-08,8.547582247447532e-08,4.430785554238593,4.60208078905097,1.0,1.0
179,244.0,2.4213030712182917,3.263864011541933e-07,0.963295927617774,2.5003065831894546,2.1056392548317415,1.0,1.0
183,248.0,2.6526540074916514,7.951421322517037e-08,0.6113075684774407,3.981537887812886,3.69648420200188,1.0,1.0
184,249.0,3.0689847206226837,2.9999977899478156,2.6424329212302577,2.5988892053839487e-07,0.14937696102446474,1.0,1.0
185,251.0,1.000000301459262,1.1629653491083008e-07,5.098622904136111e-07,2.433454948140259,2.7280250687068035,1.0,1.0
186,252.0,1.0000000126476536,1.4743764469222061e-08,3.363480160954724e-08,1.5283211234577136,4.116489255646448,1.0,1.0
187,253.0,3.5205899014906348,5.614805068155129e-07,0.12448163611980846,1.9747949836241772,1.827093267532382,1.0,1.0
188,255.0,1.7728381447377568,5.27306389431526e-07,5.044449636213891e-07,4.172594679100524,4.328579573740089,1.0,1.0
189,256.0,1.9947229310199657,2.8147639070614975e-07,0.33945195129832617,3.1760542968375853,4.362146006683678,1.0,1.0
190,259.0,1.0000022593447215,3.0174418669317115e-07,4.3677752722415223e-07,4.074405849752759,4.841478175633953,1.0,1.0
191,260.0,3.166985054857479,3.815824561495208e-07,4.547865222649808e-07,3.3447165589470833,4.999999727896221,1.0,1.0
192,261.0,3.864392480765983,7.284267570562476e-07,0.8184925588311508,2.1144901664755347,2.026775390253645,1.0,1.0
194,263.0,1.0000004103000688,2.0271015073552713e-07,2.32554458299232e-07,3.9342123755530123,4.341288868220101,1.0,1.0
195,264.0,1.8211998693140177,9.117631352577423e-07,3.68765078819061e-07,3.6901056078025904,4.3745453949667805,1.0,1.0
196,265.0,1.37086786189459,2.3480892021005903e-07,0.3067945435579918,2.6617931537521926,2.4229485797209382,1.0,1.0
197,268.0,4.737510205958733,6.31595744884778e-07,1.0896222616862743,2.082963239960956,3.1518823958160693,1.0,1.0
198,269.0,3.215263107322171,1.8382276373215267e-08,0.424785324111623,3.5014643598044413,4.999999990301604,1.0,1.0
199,270.0,4.712423832771508,0.30498083405639587,2.847039654048887e-06,1.6242054632567402,2.082298999402858,1.0,1.0
200,272.0,1.1630008080243681,2.4591028013690846e-06,2.4284513788377546e-07,2.660211331075164,3.5750191218820206,1.0,1.0
201,273.0,1.1350600452290662,4.661335484160167e-08,1.7056077269539063,4.999999709292092,4.999999337402081,1.0,1.0
202,274.0,2.7015700420366233,1.7661373404129747e-08,1.2230479166711437,3.7890865943139267,4.999999990122892,1.0,1.0
203,276.0,2.3973741040303986,7.269574267521244e-08,0.025964189745368814,3.9756523969491946,4.136420334815544,1.0,1.0
204,277.0,1.0000021796409793,4.934916677157126e-08,1.0593647930150187,4.0959276553039805,4.448050056481704,1.0,1.0
206,279.0,2.63966508904582,3.556552417554456e-07,1.2818672952406334,3.366915009509115,3.185749899365872,1.0,1.0
207,280.0,1.0000000098446715,1.4249624627418546e-08,1.8149669932933332e-08,4.3412893972728455,4.999999987940929,1.0,1.0
208,281.0,1.9629876925756191,6.372809170478827e-08,1.3972506429848865,4.4278757864759335,4.170842819044113,1.0,1.0
209,282.0,2.1846899858656843,0.8552702449392722,2.9999952634167815,2.6147667300851833,2.0009323058749488e-07,1.0,1.0
210,283.0,3.5075954830035863,0.1993886949473825,5.566738730279684e-07,2.9643897465393287,4.184020730797146,1.0,1.0
212,285.0,1.0000003185176614,2.67197792655759e-07,1.4943668935778621e-07,2.222012300433393,2.8490418898748904,1.0,1.0
213,286.0,1.0000000229272377,1.4240261772246834e-08,1.4322319052985126,2.5935766245657415,4.999999985975165,1.0,1.0
214,287.0,1.0000003724635118,2.749362836242201e-07,1.664096011565813e-07,2.2163405108728695,2.789509237709511,1.0,1.0
216,289.0,3.594150443639363,1.2606680113349557e-07,2.80532072115849,3.9648292427218466,1.3712591779714325,1.0,1.0
217,290.0,1.0000000126476536,1.4743764469222061e-08,3.363480160954724e-08,1.5283211234577136,4.116489255646448,1.0,1.0
218,291.0,1.0637068452988514,5.145342642024144e-08,0.23029498956500075,3.9331953190526927,4.206791351643693,1.0,1.0
219,292.0,1.5754036640722864,1.3575530978051068e-07,0.28713816134103215,4.084089201677745,4.999999805463797,1.0,1.0
220,293.0,3.2738113545635357,3.5678502269326846e-07,4.6031237407769516e-07,4.9999987332874545,4.999999695992536,1.0,1.0
221,294.0,1.3747797875785668,1.3976468292328038e-08,1.9381858352625092,4.999999990652467,4.999999991300933,1.0,1.0
222,295.0,2.2397706938829596,4.941413627814639e-07,4.7221744202911344e-07,2.404651442799559,4.170894433967304,1.0,1.0
223,296.0,1.0000000065603083,1.3921880503499464e-08,1.7040032703316294e-08,3.160440627813681,3.2019038470227144,1.0,1.0
224,297.0,2.110170903468237,2.2237821302339964e-07,1.1397973120612659,4.9999973926406485,4.612826972909816,1.0,1.0
225,298.0,3.7075086780078177,0.525747585858236,2.182078111822407e-07,4.999999626704022,4.999999416597537,1.0,1.0
226,299.0,4.826771154273696,9.519318373317362e-07,1.2864583408670294,1.6632377300513748,0.7939379057513648,1.0,1.0
227,300.0,4.035042196152315,1.8986767813026418e-07,1.0746383682775293,3.7623348214554433,4.999999832598223,1.0,1.0
229,302.0,1.5637765420890892,2.4212529464643346e-07,9.457664898357768e-07,3.74147753640008,4.99999345482007,1.0,1.0
230,303.0,1.2730450221212342,5.3621151583484e-07,3.8484604477484303e-07,3.7070069995087387,4.551712569867243,1.0,1.0
231,304.0,1.824277802997634,6.138113207276377e-08,0.6411536375337427,3.4170172753230275,4.68040044508713,1.0,1.0
232,305.0,5.250101447708117,4.3698934738542107e-07,2.9999998498793223,3.2674505875340274,1.8259053631038197e-07,1.0,1.0
233,306.0,4.219622356394789,2.191054926193342e-07,0.5578182509905356,2.278612743648531,1.8526607347444348,1.0,1.0
234,307.0,3.11973651011703,1.0325291589096602e-06,7.637353386009369e-07,1.318175780670234,1.2757358870534696,1.0,1.0
235,308.0,1.0000006041999225,1.8587006867966897e-07,4.1607694719072646e-07,4.115552395102838,4.6900310281853805,1.0,1.0
236,309.0,3.2131810110157453,1.0132039363099522e-07,0.6976150810993978,1.3461393015149696,2.554374664926633,1.0,1.0
237,310.0,2.9849259594558806,1.8099053753647456e-07,0.7289775598534289,3.5009397948533545,4.999999783122602,1.0,1.0
238,311.0,1.3001108446982945,9.220113981114669e-07,3.00815397774198e-07,3.255707044321347,3.138242104868587,1.0,1.0
239,312.0,2.4349110727307695,1.1522664066859745,3.280614188416564e-07,0.35653875190894624,1.686345940974287,1.0,1.0
241,314.0,3.207541473118645,2.3798923071788257e-07,5.170003368935135e-07,4.224406155831089,4.999999823935491,1.0,1.0
242,315.0,1.0000003648300775,1.8568461925925117e-07,2.2804772348527865e-07,3.0927408033398502,4.230973722722599,1.0,1.0
243,316.0,1.2084730042574972,2.251779607084656e-07,0.7822558145247335,2.2572316201267695,3.683512450035258,1.0,1.0
244,318.0,4.834323799385064,0.9023864875069327,0.5788045610732176,3.6079607156686892e-06,0.6540757830307433,1.0,1.0
245,319.0,2.257617332285781,3.4154513056532784e-07,1.0861587666035332e-06,3.0899509048544025,4.999998745349748,1.0,1.0
246,320.0,3.070379331357108,3.482549791024304e-07,0.13426644100672916,2.1726247331587993,4.737772682341814,1.0,1.0
247,321.0,2.0439041889056067,2.9590900063009413e-07,4.1423004792904e-07,4.137733127199104,4.999999687970032,1.0,1.0
248,322.0,4.999951120168235,0.0513436138953458,0.7500105812946661,0.5971335582003563,0.18296848696604456,1.0,1.0
249,324.0,1.7643827967887638,1.6088533600383042e-07,0.6750003853863092,3.0290194423422325,4.999999724721588,1.0,1.0
250,325.0,2.3642748491030985,3.195392850548421e-07,0.7823876447317715,3.5734053304120623,3.3915482123087797,1.0,1.0
251,326.0,1.00000123110668,1.6394815991377644e-07,0.7225463520191879,3.190540591504832,3.7913939086663238,1.0,1.0
252,327.0,1.0027673117200477,2.140790220909546e-07,0.10525186965714219,4.202839815668209,4.105450788016343,1.0,1.0
253,328.0,1.0000004325223886,1.8155618108984667e-07,2.8717085956005436e-07,4.768439458157169,4.88734243542954,1.0,1.0
254,329.0,1.9114226185638699,2.2132516722980552e-07,2.7774012263444545,4.624716085308965,3.9739576385780704,1.0,1.0
255,330.0,3.003564237838773,4.6476441685292374e-08,2.999999934123162,0.7049809836718471,3.093376115754264,1.0,1.0
256,331.0,2.2971522351017333,2.74489917960766,2.9999952739605638,0.4699323016256979,2.0788831756975404e-07,1.0,1.0
257,333.0,4.823689382379027,4.635912954933914e-06,0.6408888230926992,1.5429245465696164,1.5672422334235858,1.0,1.0
258,334.0,2.030094667491794,4.391875494569151e-07,7.732192835970251e-07,3.104425985961642,3.8317240211292227,1.0,1.0
259,335.0,1.000000006806759,1.5439159045514774e-08,1.4942776103792534e-08,1.6748129980609845,2.168875869741718,1.0,1.0
260,336.0,1.000000799545277,1.2262970198643203e-07,2.9999993434512704,1.1672550001330824,2.9342167109076414,1.0,1.0
261,337.0,1.1691594255026898,1.9130606923124316e-07,2.83598796220065e-06,3.7803591267636993,4.121512597507687,1.0,1.0
262,338.0,3.6825310267102958,6.280767219175642e-07,1.3827106825573812,1.9095684144230454,0.7335371046257024,1.0,1.0
263,339.0,2.0097836136693075,3.198593293134392e-06,2.44305648291384e-07,1.4305147947209031,1.8350181995996917,1.0,1.0
264,340.0,1.3861618325554814,4.666439005717014e-08,0.27218482001822664,4.99999985709393,4.813035455552117,1.0,1.0
265,341.0,2.5374788550260754,7.626190116590193e-08,0.2046515969812156,2.559764713826439,2.072820259173508,1.0,1.0
266,342.0,4.3863328422476675,1.3394840723462923e-06,1.5875275491472554,1.612954614715417,1.2177983924258755,1.0,1.0
267,343.0,1.0000035325013157,1.5961966311177586e-07,0.7575401813628112,4.563211361218289,4.786396866663907,1.0,1.0
268,344.0,3.099809168526232,1.1243400263625995e-07,5.411038918259033e-07,3.4454146508783516,4.318569480335149,1.0,1.0
269,345.0,2.2474488039609817,1.2391545602275809e-06,3.037992420179788e-07,2.786547725320935,2.5532962430501787,1.0,1.0
270,346.0,1.4235811223900212,2.0932883222090678e-07,2.999998420858979,4.051576673032443,2.418680874931026,1.0,1.0
271,347.0,3.7667131567166403,0.681438421959482,6.715263358962926e-07,3.8070600880410987,3.86341681055516,1.0,1.0
272,348.0,2.1434221212225735,2.956082158288482e-07,1.4530345784086276,3.5867885772902923,3.6616236146557344,1.0,1.0
273,349.0,2.0654374529487796,2.880192270709112e-07,0.4324589170263569,2.217740753952021,1.8154581790688669,1.0,1.0
274,350.0,3.449131274636684,2.875367040269159e-07,1.794561899385817e-07,2.9458979983457896,3.46874137931634,1.0,1.0
275,351.0,2.4419263279174,1.5879068820628282e-07,4.76443288750388e-08,4.99999994525389,4.999999826574894,1.0,1.0
276,353.0,4.367491863583145,1.402423662896889e-06,1.7521553762769913e-05,2.027234533197697,2.027219516178534,1.0,1.0
277,354.0,2.550933446783521,4.695435438311907e-07,4.646510417011374e-07,3.8544636791935196,4.999999466623821,1.0,1.0
278,355.0,4.388243531146785,0.7651023112464056,2.99999520173094,1.4445839117721888,6.395305306064785e-07,1.0,1.0
279,357.0,3.743390991390728,1.0269727851469784e-07,3.448903406235831e-07,3.9558731423268463,4.9999998793434735,1.0,1.0
280,358.0,1.0000070136893846,2.0297386344005477e-07,0.17043574828860153,2.825911244554713,3.2965187396832425,1.0,1.0
282,360.0,1.3437897711522158,4.058384686302185e-08,0.4150384543857835,3.4451625790375884,4.9999999287945425,1.0,1.0
283,362.0,1.0000001638292635,1.1606358912533507e-07,1.4432027334381766e-07,1.8783764677252124,1.8783767315950313,1.0,1.0
284,363.0,3.697359232280388,1.0590647113892783e-07,0.9663187887347515,4.980302837673594,4.999999700143007,1.0,1.0
285,364.0,2.029639243973407,7.452730234522832e-08,3.794581019374463e-07,4.371293565754459,4.907933266121337,1.0,1.0
286,365.0,3.1338448263971768,9.743847430378904e-08,0.08434627599529226,3.4757442212086853,3.5320757737216253,1.0,1.0
287,366.0,1.9586428707205676,6.752183517573153e-08,8.072276797317255e-07,3.6664829607482528,4.201001898273026,1.0,1.0
288,368.0,1.000000771191905,1.4430560551274212e-07,0.22168162090597499,2.5647066889810115,3.791062675188552,1.0,1.0
289,370.0,1.0000018331988363,1.774330172092909e-07,0.9202385485105936,4.0033536578844915,4.157095279227223,1.0,1.0
290,371.0,1.0000013963531478,1.6854875109762114e-07,1.1483566343120568,2.7272866021199254,2.6830276781382363,1.0,1.0
291,372.0,3.9764960931131186,1.6942833699427938e-07,2.6985690912307287,3.2344033807777706,2.0305488349332124,1.0,1.0
292,373.0,2.849427776902679,3.268062732998797e-07,8.682697494996131e-07,3.8061334112521736,4.999999286334194,1.0,1.0
293,374.0,4.163927940002229,7.907056075794368e-07,0.01428737242315206,3.2255588524327643,4.06614318720385,1.0,1.0
294,375.0,2.3520604104069807,4.461759129875128e-08,0.1477636112711402,4.184196960301571,4.999999941939431,1.0,1.0
295,376.0,2.3212872391970647,4.1099093159045787e-07,6.309966475392147e-07,3.274686373980399,3.4251223144280143,1.0,1.0
296,377.0,3.9199227890310393,7.650332739417957e-07,0.7441986414104328,4.185629554349615,3.93372343479004,1.0,1.0
297,378.0,1.000000255586636,1.2271345675976942e-07,2.800017032447506e-07,3.883654880052969,4.56149978337426,1.0,1.0
298,380.0,2.6506103578766473,3.572643567996904e-07,0.8055097020395059,3.6609305121527838,2.2957293670086454,1.0,1.0
299,381.0,2.814529890850684,3.0865022770059914e-07,0.3822485535853368,3.8884545899012513,3.684834572064971,1.0,1.0
300,382.0,1.0918630363098305,4.27812244090097e-08,1.8101465578130707,3.1028903871554303,4.999999888208787,1.0,1.0
301,383.0,1.000000681521682,1.385289791658115e-07,0.6476984640711997,4.6097012550882805,4.9634978440148005,1.0,1.0
302,384.0,1.0466688381044977,3.0726820342156233e-07,6.849099188458767e-07,3.99962803142675,4.2978704552016085,1.0,1.0
303,385.0,1.000000004527877,1.4069126867033245e-08,1.3503591360579689e-08,0.2484828938947475,0.24848286508498835,1.0,1.0
305,387.0,3.144407163260725,1.1828434398748194e-07,4.779567881505371e-07,2.8730754262979703,4.5365944908163165,1.0,1.0
306,388.0,2.560053800373969,3.443765886619673e-07,0.9714655746412048,2.115131791371913,1.5297866635946331,1.0,1.0
307,389.0,3.822611241564598,7.029408912536211e-07,0.30253968900708644,1.6226692655620678,2.5452309205859405,1.0,1.0
308,390.0,3.932130834929503,7.691589822088778e-07,0.19891428153913931,1.7078988568678093,1.5984753105507319,1.0,1.0
309,391.0,2.0701031896499313,5.749066561059834e-08,7.089885871797852e-07,3.0709379171641453,4.999999838309709,1.0,1.0
310,392.0,1.9435828404150957,7.196813333225945e-08,3.9554426015211166e-07,2.98631668788832,3.568713461121114,1.0,1.0
312,394.0,1.0000001458761023,8.19414057886601e-08,2.3490620650223114e-07,1.6388600818342633,1.3882706334292116,1.0,1.0
313,396.0,3.9928851083713197,5.775773979487696e-07,2.3674492608523392e-07,3.364259337629964,3.688043278638161,1.0,1.0
314,397.0,4.387515359838374,2.8811847338793075e-06,3.036516756349051e-07,1.0264589248488392,2.5342537888343015,1.0,1.0
315,399.0,1.0000000091595354,1.8316757220727882e-08,1.5210466338555828e-08,2.8852408986444513,3.0998992116079833,1.0,1.0
316,400.0,4.1842521288766,1.0101556167260735e-06,1.2768582473652441,1.4787558310120505,0.355832710588325,1.0,1.0
317,402.0,1.412957597410134,5.5489893611846975e-08,0.46637129141238554,4.139289952559185,4.154579925510136,1.0,1.0
318,403.0,1.6691003627686483,2.0622858232919568e-07,0.00013795329880095407,2.9877682460326884,3.966947623549253,1.0,1.0
319,405.0,1.0000003027130655,4.076429604609034e-08,1.273581038076098,3.777483060962848,4.999999515682522,1.0,1.0
320,406.0,2.1971193995638076,6.821639772349803e-08,1.5137375837565472,4.112174180333738,2.978305727155177,1.0,1.0
321,407.0,1.0237716045811889,2.15182447777284e-07,1.8642651018529246,2.8982545598712863,2.038454692370799,1.0,1.0
322,408.0,1.2334041798448945,2.2660460691275673e-07,0.3023402071839097,2.154726612579505,2.7300929906862903,1.0,1.0
323,409.0,1.0000003426672612,1.4036387605296362e-07,3.4840091631728204e-07,0.11074885021006697,4.0147569129921905,1.0,1.0
324,410.0,3.1706875759227366,4.5599212034123216e-07,0.5336893361306826,2.421798820424402,2.16595355609498,1.0,1.0
325,412.0,2.261655604810033,2.483544316480416e-07,0.09689035482537006,0.04101474465844194,1.6230907563532668,1.0,1.0
326,414.0,1.000011494449003,5.604140298273431e-07,2.3310382678503384e-07,3.8873317501176095,4.67901264080867,1.0,1.0
327,416.0,1.0000012333774246,1.64017065718277e-07,0.2874892784643921,4.433722032166377,4.954020622111408,1.0,1.0
328,418.0,4.99998690225276,0.1835107766215526,0.7352489814049542,1.7457365151101265,0.6580505344223707,1.0,1.0
329,419.0,1.7233036220198983,7.225758494877849e-07,2.7189129856242356e-07,4.999999392177558,4.24392878857636,1.0,1.0
330,420.0,2.0898775536075567,5.971907806750323e-07,5.464936614065507e-07,2.877631644622948,3.7317421523611185,1.0,1.0
331,421.0,3.484188198333003,5.48233653809348e-07,1.1684707293485979,0.9093938192830816,0.9285526135700987,1.0,1.0
332,422.0,3.233527664019037,4.718581040507131e-07,0.9118239640783808,2.9663595953308217,1.6971881137533873,1.0,1.0
333,423.0,1.0000006714783707,3.743940982301319e-07,2.068858805813765e-07,2.314752337969718,2.2625298732316725,1.0,1.0
334,424.0,1.0000010429422272,1.5742650741092576e-07,0.6238120624666464,3.03717900009055,2.701564041911051,1.0,1.0
335,425.0,1.7207976604243944,1.284625826221137e-07,0.8614315563099889,4.064279167305736,4.999999834742791,1.0,1.0
336,426.0,1.0000000037968215,1.3086046484849163e-08,1.3441984724640932e-08,3.6426418826499063,3.8269935331225224,1.0,1.0
337,427.0,2.1211905402486084,2.8136184017315516e-07,7.112892821530572e-07,3.68874804648377,4.999999537004587,1.0,1.0
339,429.0,2.9646266958270404,8.257063762826658e-08,2.9999992343359057,1.9571516397043847,2.194727591590476,1.0,1.0
342,432.0,1.6545607454125686,4.95384858302133e-07,1.7029977082083727,1.376551466572641,3.5911037403301853e-07,1.0,1.0
343,433.0,3.763885240220298,2.9207148315448615e-06,6.550003006199253e-07,2.442483144437081,4.339642204897756,1.0,1.0
344,434.0,1.0000004978651587,1.7965508532756648e-07,3.4926876101166143e-07,2.619005212160497,4.494429082615074,1.0,1.0
345,435.0,1.8735479467484666,2.7095492471667653e-07,0.7003609219045854,3.1058057068206013,3.9824524594393953,1.0,1.0
346,436.0,3.876425311783367,7.36127466772582e-07,1.3395785378033374,2.271366371278887,1.0213660471366601,1.0,1.0
347,437.0,2.4314997806929894,3.481064675716627e-07,1.0928703325590059e-06,3.9375251531670434,4.999999000235001,1.0,1.0
348,438.0,1.9177242111874506,6.331799367422486e-08,7.4494041711574035e-06,4.188602799508669,4.986302344437863,1.0,1.0
349,439.0,3.609118572008021,3.1330032883777536e-07,2.999999371947093,2.7184704671076987,2.6486566288550053,1.0,1.0
350,440.0,2.5054493721905207,3.370573651891003e-07,1.3914368198985088,3.735901903027787,2.0285586984117616,1.0,1.0
351,441.0,2.2373821735498094,1.1312913062410985e-06,3.093267687096628e-07,2.9246172027266897,4.339536826215285,1.0,1.0
352,442.0,1.5383443200129354,4.843381026928231e-08,0.8189114604930731,4.629013844215318,4.999999847482467,1.0,1.0
353,443.0,1.0000017768651004,1.7648843100943503e-07,0.6488222500233584,2.7549470194083767,4.559619196569096,1.0,1.0
354,444.0,3.8271666690136588,7.056277830762234e-07,1.5722387757677236,3.403733512911097,1.8784486488414158,1.0,1.0
355,445.0,3.0736336521015786,6.356519976375531e-07,7.490809974433348e-07,3.529743533270559,4.558888671382704,1.0,1.0
356,446.0,1.2121150260007303,3.149288994808282e-07,4.061760836850357e-07,4.071548031851454,4.147511329520004,1.0,1.0
357,447.0,3.472263209120843,5.412033628188133e-07,0.5419120021862919,0.8718925425637785,0.6300948863921492,1.0,1.0
358,448.0,1.684549075150394,5.921577419312422e-08,0.715175045385276,3.388676161183283,4.709815785425982,1.0,1.0
359,449.0,3.505550393213174,5.559272203503783e-07,0.9731378803645011,1.5715872730704328,0.38385983265527757,1.0,1.0
360,450.0,4.793553118039924,3.1715478384409795e-06,2.195292319924154,1.6052077787502785,0.7773133395814443,1.0,1.0
361,451.0,1.000000715872269,1.4085690077568155e-07,2.7142922642256493,3.4559525067459425,0.860925962432769,1.0,1.0
362,453.0,2.2064744291188223,8.531526609073553e-07,4.5681710390315593e-07,3.850347711225908,4.579886729400294,1.0,1.0
363,454.0,1.6129970384409753,3.5500785100994797e-07,5.74177305722794e-07,4.568393076493283,4.999998589636297,1.0,1.0
364,455.0,5.000000221259632,1.1917698379158916,1.107937797939441,1.3630206303989518,2.1981784981760746,1.0,1.0
365,457.0,4.9999969737847625,1.9585300290829557,1.9739710147704004,0.1603650454101272,2.294501200156915,1.0,1.0
366,458.0,2.386961909854414,6.85166580343919e-07,4.064525084448449e-07,3.8729850173821134,4.156835608657509,1.0,1.0
367,459.0,1.3837383711696165,1.9378623550475264e-07,1.0066629173573006e-05,4.480668318878581,4.368074758499453,1.0,1.0
368,460.0,4.553595119568239,3.7551818995242556e-07,1.02826922492244,2.3897822468005607,2.333674403439177,1.0,1.0
369,462.0,3.2346911993819933,7.01617841070635e-07,1.4030138269292478e-06,2.145959637479607,2.3754989381346125,1.0,1.0
370,463.0,1.0000000071861863,1.4237461237054507e-08,1.740644959208612e-08,2.6271806877611708,4.11664072592846,1.0,1.0
371,464.0,1.9754480441516231,2.1580571618245856e-08,3.1758161527470174e-08,3.8811559155552176,4.9999999874094465,1.0,1.0
372,465.0,1.0000000548640384,2.6905689241683348e-08,9.126553925931633e-07,2.8613262187122124,4.86987647278873,1.0,1.0
373,466.0,2.819035672630956,8.813057299434127e-08,1.7738350371226006e-06,2.1331644323668826,3.2365594098952526,1.0,1.0
374,467.0,4.393607188463692,2.790840587937361e-07,0.7331480977340932,2.892186551377376,2.548658297187272,1.0,1.0
375,468.0,1.0000025360526605,4.9545239238272054e-08,1.122739278475388,2.7364452843135654,1.8251988226035893,1.0,1.0
376,469.0,1.049231829654149,5.751153086502401e-07,2.4345261218317016e-07,4.330769334016951,4.557705939059025,1.0,1.0
377,470.0,3.4361480589478637,5.31699512948402e-07,1.335647603341371,3.5492705149580153,3.6183964353423503,1.0,1.0
379,472.0,1.3831445586382618,1.808267851975562e-07,0.9283180907969805,3.0926649172001017,4.999999484281981,1.0,1.0
380,473.0,1.3702164860805108,4.659620438990244e-08,5.044930078186932e-07,3.784712117365062,4.999999896837104,1.0,1.0
381,474.0,1.345612045322606,4.008754772118714e-07,5.306158875327303e-07,3.791862998071842,4.299417483870112,1.0,1.0
382,475.0,2.2384896157698977,3.550997332259559e-07,1.7777352769611543e-06,2.6263268331480343,4.999990681692035,1.0,1.0
383,476.0,2.589924622498204,6.114892810257895e-07,7.842938184690025e-07,3.033825157284262,3.789163270360053,1.0,1.0
384,477.0,2.406221231876595,4.2300917537337346e-08,1.5015712613547711,4.867810167877053,4.999999951357534,1.0,1.0
385,478.0,1.2918758318307142,2.3002010429170584e-07,1.460653484839641,4.826305641921366,4.413166929148973,1.0,1.0
386,479.0,1.0000000095165484,1.521559644434722e-08,1.8897103284837692e-08,2.5351319584570677,2.535131899720031,1.0,1.0
387,480.0,3.6575612672128446,4.961983647482225e-07,1.8489036585999126,3.7323012203035826,2.8767550667648663,1.0,1.0
388,481.0,1.3295799400285362,2.6471679551876916e-07,1.755098859119363e-06,1.910185056024474,2.0230240357979024,1.0,1.0
389,482.0,2.0049314918026058,4.0156032387204595e-07,9.050688735580184e-07,2.494071197320386,2.737294601169203,1.0,1.0
390,483.0,1.5184022673922961,2.4433587445089866e-07,0.3670699709159171,4.474129127054479,4.710185552414339,1.0,1.0
391,484.0,1.0000004006646577,1.1206831881309732e-07,0.9407338988562809,3.111683295810055,3.2357182318026307,1.0,1.0
392,485.0,1.0000013725072368,1.6793836051622911e-07,1.660804508608572,3.9487625252013494,2.4885792796899597,1.0,1.0
393,486.0,1.146500899500348,4.511758784117278e-08,0.9559088917618174,4.829230564301401,4.999999849227007,1.0,1.0
394,487.0,2.4131797023627928,4.5697556567993356e-08,0.17467701514599232,3.004582605163447,4.999999939654599,1.0,1.0
395,488.0,3.2314905206904645,4.713184226878823e-07,1.243699621692403,4.001083183066082,2.718030247524021,1.0,1.0
396,489.0,1.3221862771796413,2.5786379171160264e-07,2.1220727177316273e-06,4.013827234638655,4.280349745989641,1.0,1.0
397,490.0,4.367303737796047,1.2995709205364077e-06,0.6916061887692019,1.0344897812344085,0.7935663309222826,1.0,1.0
398,492.0,2.660320546782313,2.3051429463242834e-07,0.7319021050235978,4.707337550458028,4.999999560496378,1.0,1.0
399,493.0,1.9190722622635603,6.567178821472094e-08,1.0981398371451093e-06,1.102107515464037,1.3680939058749393,1.0,1.0
400,495.0,1.9257378064330979,2.7538488795394816e-07,0.8751638445640298,3.8589184225999213,3.714049701831131,1.0,1.0
401,496.0,3.4750295861922456,2.235886824783213,1.430507638145738,3.9198788542907985e-07,1.1435293164260807,1.0,1.0
402,497.0,2.504492750313367,7.538577809900938e-08,0.84450198420555,3.4184504283314867,4.195756457160491,1.0,1.0
403,498.0,1.00000022260483,1.3602587874057225e-07,1.8308093105874325e-07,3.985335846396461,4.311167633477053,1.0,1.0
404,499.0,2.374569280692176,3.2075441451224226e-07,0.7108306877956023,3.843173913942537,3.65369616317873,1.0,1.0
405,500.0,5.000004226096571,0.5012138515141924,1.6434271215379068,2.341148699067316,1.820814820872242,1.0,1.0
407,504.0,2.525982064757691,4.25101593068548e-07,1.6142234014234568e-06,4.477248631135275,3.6196730035104223,1.0,1.0
409,506.0,4.4255978548802535,1.430431504968464e-06,0.3734309495451492,0.8142682012946565,0.27662625782009853,1.0,1.0
410,507.0,1.0000006313288028,8.440023679688174e-08,0.10075813015806262,3.3422319442844244,4.999999865130113,1.0,1.0
411,508.0,1.8947621186061099,1.646054785362379,6.254533009691068e-08,2.1649806607625575,4.9735791682188575,1.0,1.0
413,510.0,1.0000019232524582,1.1620613197625724e-06,2.078463525120103e-07,3.3276519212842683,4.04191189978134,1.0,1.0
414,511.0,1.5665314544820954,3.5939940886695236e-08,0.8246004770502099,4.984092502895208,4.99999995815207,1.0,1.0
415,512.0,2.2668251488407276,3.08504446583437e-07,0.27895980013233396,3.227447593649126,4.214226579469985,1.0,1.0
416,513.0,3.3448959569072128,4.043512281794648e-07,2.393140488777558,3.4347680223760895,3.401737180678328,1.0,1.0
417,516.0,1.7310513337142692,3.506176410867569e-07,5.011136079535438e-07,4.069832274793942,4.999999240959989,1.0,1.0
419,518.0,1.0000000978037762,3.2439016320833504e-08,2.8327929169847734,4.355953581921808,4.297970347671333,1.0,1.0
421,520.0,1.000000736270986,1.421640800168892e-07,0.16863665942358055,3.919910081306777,3.2401053823757975,1.0,1.0
422,521.0,1.0000002026055101,1.073916035902719e-07,2.417810234875443e-07,3.5889610986099325,4.29926019883771,1.0,1.0
423,522.0,2.063652851101422,6.557003329040008e-08,0.13831032341516264,2.882099880352038,3.570196910313129,1.0,1.0
424,523.0,1.0000017619182764,2.3709540113493443e-07,6.302291137635457e-07,3.1817859682558245,4.154217072909081,1.0,1.0
425,524.0,1.0000000053541498,1.3470585974686562e-08,1.567541578608229e-08,2.6525534583414836,2.7834119025756787,1.0,1.0
426,525.0,2.4350787287702604,0.6862306277605189,2.279145391173703,1.2673674087691875,2.3305655790471515e-07,1.0,1.0
427,526.0,2.1037203869754197,0.08825502287360276,6.633908789683066e-08,3.190596004370799,2.3416819347134825,1.0,1.0
429,528.0,2.822130237503996,8.492247401165836e-08,2.082898540097364,1.7875800482911215,2.4918605509954426,1.0,1.0
430,530.0,1.099323520785844,1.2789520965384446e-07,6.974139326920777e-08,4.337567559619988,4.999999443176851,1.0,1.0
431,531.0,1.551359481389577,5.624553670710582e-08,2.3699940571041904,4.999998501048791,3.6035815410503123,1.0,1.0
432,533.0,2.732572872381597,8.196417265426546e-08,1.6865880845835544,4.233133150893341,4.625537481252955,1.0,1.0
433,534.0,2.027297257706152,4.119325619849272e-07,8.752878090589242e-07,2.579242748943381,4.380979662694562,1.0,1.0
434,535.0,2.314833825291437,4.861333945733541e-07,5.641342584419043e-07,3.2220009470472872,4.999998805952276,1.0,1.0
435,538.0,4.757733827259429,2.704070253739548e-06,2.767785455970176,1.1891602725570798,0.23312869044442278,1.0,1.0
436,539.0,1.0000001675230814,2.9607543170184595e-08,0.8701109592319247,3.9203114241179335,4.999999950428628,1.0,1.0
437,540.0,3.990628578998439,8.182806791551749e-07,1.0009450860362588,2.976031496996182,2.723072198242437,1.0,1.0
438,542.0,2.234680853804542,0.39575132690868353,3.0503484554817434e-07,4.00550693181675,4.543604618917709,1.0,1.0
439,543.0,1.0000002804763435,4.1094178771666584e-08,0.7449516488397243,3.463257164044722,4.9999988798849735,1.0,1.0
440,544.0,1.000000078632256,1.0725728056965768e-07,8.732655865586962e-08,1.2925990412387353e-06,1.2086592687715046e-07,1.0,1.0
441,545.0,1.000000153777904,1.2119665221710723e-07,1.2543986362947163e-07,0.11074963248825563,0.3507758282127063,1.0,1.0
442,546.0,1.9226629624130651,2.751188293665031e-07,0.9044153805880882,4.001605464150172,3.659793338497148,1.0,1.0
443,547.0,1.7313357316740425,1.554879006854653e-07,1.3369213482641806,4.99999974443489,4.104349825798434,1.0,1.0
444,548.0,3.830605596015427,0.056356105823985744,1.4953255071055625e-07,1.3121070726236306,1.3271519760566273,1.0,1.0
445,549.0,1.0000004730859606,4.489289543385503e-08,2.8377072607800926,3.1325591619530684,2.399779450727164,1.0,1.0
446,550.0,2.721148866031213,8.164126020948263e-08,0.9194606274163745,3.001702582418315,2.8250912211044876,1.0,1.0
447,551.0,2.3304874000379097,5.166014996463515e-08,4.177894832827742e-07,3.009324326476944,4.999999927426762,1.0,1.0
448,552.0,1.0000003820834524,1.52410861085618e-07,3.418365698701957e-07,2.8869586708329895,2.9699300288201362,1.0,1.0
449,553.0,1.0000004820214081,1.782410801951114e-07,3.4031153256750536e-07,3.2011073912646704,4.790118664421546,1.0,1.0
451,555.0,1.4412944568360415,5.585194730867234e-08,0.2396372306008819,3.1725332827791703,3.460965814132105,1.0,1.0
452,556.0,3.7399474411644023,6.574644443445476e-07,0.8330432587691246,1.7363088967985412,1.7123745525436722,1.0,1.0
453,557.0,1.000000565808251,2.180455556374633e-07,2.907274690975423e-07,3.1999814839297818,3.6652519691378656,1.0,1.0
454,558.0,1.7404449383340226,2.39889943252023e-07,1.5625214179715508e-06,4.520731480507146,4.562059191336501,1.0,1.0
455,559.0,4.160988819880301,0.48462900785966323,2.0449306837598693e-07,1.0267197956178955,1.0240766829051127,1.0,1.0
456,560.0,1.0430567402203206,5.123678842243483e-08,2.3425548643112832,3.719082250757297,1.860485055226298,1.0,1.0
457,561.0,1.8529361285697619,5.567863475368608e-08,1.8379374947125127,3.6062209106213925,4.999999718779507,1.0,1.0
459,565.0,1.7934064799382088,6.272196242706792e-08,5.943423815173753e-07,4.399151243439557,4.999999286727057,1.0,1.0
460,566.0,1.0000001826501659,8.287740223494816e-08,5.31371434498144e-07,1.8340434653856141,2.446606703419545,1.0,1.0
461,569.0,1.611945167708743,5.816131228232397e-08,0.11127130157783757,3.5968683257108394,4.594254054791148,1.0,1.0
462,570.0,2.0719764118922672,6.9500261223818e-07,3.404339265800682e-07,3.1493169227593145,4.913166363464737,1.0,1.0
463,571.0,1.0000001120145692,2.591153247254844e-07,9.36829086661621e-08,3.1759032425442433e-07,1.7702467380494403e-07,1.0,1.0
464,573.0,1.000001603676441,2.348397658226773e-07,6.059139351046787e-07,3.352929834029922,3.6351474113819204,1.0,1.0
465,574.0,4.29622325820741,2.0314950516832473e-08,0.8822982535437391,2.940216140001376,4.999999990806131,1.0,1.0
466,575.0,2.467669456542223,7.443621286438363e-08,0.4645105533909927,3.214429598983409,4.697340231048221,1.0,1.0
467,576.0,2.4723479213172728,2.682221338206112e-07,0.7471613363292663,3.2469262026901493,3.5553673760715485,1.0,1.0
468,577.0,2.640748604957388,2.603670172442229e-07,0.20939212964920434,2.932840140700337,4.999998069312448,1.0,1.0
469,578.0,1.2707131236353382,1.8501738351600658e-07,1.06049256523456,4.403290555053832,4.71547195007317,1.0,1.0
470,579.0,3.738371361308897,1.3934090460633178e-07,0.3125451322376457,2.2672741638504332,2.569082016982014,1.0,1.0
471,580.0,1.5977672754579988,4.9454396952655204e-08,0.7529046308612807,4.294249768016265,4.9999998370222904,1.0,1.0
472,581.0,1.0000056189045365,2.0041276060773392e-07,0.7253053018739128,3.9584677869730944,4.36005122244037,1.0,1.0
473,582.0,1.6825679555060091,2.6970532128183006e-07,8.215520530231472e-07,3.0576506631333142,4.069797132012689,1.0,1.0
474,583.0,1.0000000123624952,1.6483816262862615e-08,1.9760041984947093e-08,3.275396318156736,4.5783874686137285,1.0,1.0
475,584.0,1.0000009288937948,1.3515869395130005e-07,0.18677492946060414,4.523343173950117,4.999999249205711,1.0,1.0
476,585.0,1.0000006834710722,2.254470443205774e-07,3.2943120347676184e-07,2.1895565654630262,1.7055535842294767,1.0,1.0
477,586.0,3.7641075729741815,1.4202850666526313e-07,1.6622241828204323,3.9689015446181966,3.518927683043585,1.0,1.0
478,587.0,3.4651154240047903,1.1631028230384303e-07,0.43165420322144615,2.8272377344485973,3.079071514108764,1.0,1.0
479,589.0,4.489764878846086,1.2892457250479578e-06,0.34881802197644063,2.5871407084860536,2.475272677442858,1.0,1.0
480,590.0,1.000000006892411,1.4516655214857151e-08,1.6204110314620048e-08,0.3208296320246447,0.49085233652051724,1.0,1.0
481,591.0,1.0000004948111776,4.548386710782237e-08,3.3963596466681452e-06,2.9772223712415644,2.932714325314438,1.0,1.0
482,592.0,1.5081826124741162,2.5592330142792866e-07,4.064201406767191e-07,4.692525851071602,4.999999408716677,1.0,1.0
483,593.0,1.9366854381255263,2.7632474761637274e-07,0.8998736523584037,3.7748023085065343,3.587912340193771,1.0,1.0
484,594.0,2.15059508274511,6.726555309131594e-08,0.8579753486807377,4.7060116482994445,4.215579165937403,1.0,1.0
487,598.0,5.000003210049377,0.2931179310448412,0.5476694438066543,1.1163586114393305,3.1300172748190143,1.0,1.0
488,599.0,1.0000004267320235,1.1796233575227772e-07,4.248001096571135e-06,3.0241649597511,3.909508433108597,1.0,1.0
489,602.0,2.227754444513355,7.265210468448721e-08,9.824483881896031e-07,2.9078410751403405,3.804709630177996,1.0,1.0
492,605.0,1.6945136708780566,5.9364204390801395e-08,0.3882437271993922,4.629644545515064,4.272030326021845,1.0,1.0
493,606.0,2.5872259487212346,0.3301679959309586,4.956661537179507e-08,4.999999929017311,4.999995559106482,1.0,1.0
494,607.0,4.999987759502326,0.44035050952492377,0.4337105341942759,1.843337319168252,1.4137224735851723,1.0,1.0
495,610.0,2.4651697512208304,0.6607129633967869,3.3162294175010636e-07,1.8821927868889199,2.309202249577447,1.0,1.0
496,611.0,3.537822068482239,5.67972478265807e-07,1.8507543129292114,1.8659781844639596,0.9906922374498455,1.0,1.0
497,612.0,1.000000964059955,1.5415483649860124e-07,1.9462444763053433,3.4453913546318646,4.821413644512702,1.0,1.0
498,614.0,1.4299048250701127,2.4047780460776337e-07,6.701090977381458e-08,2.0590785165177317,2.3548227330239366,1.0,1.0
499,615.0,1.000000240973232,2.401607797364185e-07,1.2499194116857778e-07,2.4654247262335307,4.322404551783658,1.0,1.0
500,616.0,1.0000099298586744,1.6808025691355014e-07,0.6722902203368264,4.501308395385793,4.141711789428217,1.0,1.0
501,617.0,1.6242850234330697,6.368839367507403e-08,2.317368538241798e-07,4.005963872803385,4.999999700661949,1.0,1.0
503,619.0,2.7873610649050464,8.374589756114696e-08,1.6294727906397797,3.5314937637628576,3.1678247170782763,1.0,1.0
504,620.0,1.4373899360592173,4.95177773108275e-08,0.24335773295525573,4.574663684197846,4.999999788953839,1.0,1.0
505,621.0,3.619084799122207,0.9059743971982852,6.008109540163417e-07,1.8551530052140246,3.044044956129636,1.0,1.0
506,622.0,1.5793018842303588,2.6299773916416056e-07,9.479722279055817e-07,4.306824738897881,4.999999112973901,1.0,1.0
507,623.0,1.0000677748676505,1.9295248837067016e-07,0.18383628827239104,3.5186802862892907,4.999998628627301,1.0,1.0
508,624.0,1.7765045858207849,4.7067945443124407e-07,5.716909345027615e-07,3.600993734566691,3.7176616783829535,1.0,1.0
509,625.0,1.9946923528685925,3.634748968839447e-07,1.180171325825108e-06,3.4678243174058765,3.9798043931280964,1.0,1.0
510,626.0,2.8192612551326834,3.093297622732855e-07,0.0027178046379990758,2.7292069250568103,4.097328520809242,1.0,1.0
512,629.0,3.4044937402170263,1.12271188192362e-07,1.578270606837533,2.998362413306538,2.465279083087798,1.0,1.0
513,630.0,2.1250104566578285,7.108639269162377e-08,8.104341060276855e-07,3.0660224274402994,3.656088234832677,1.0,1.0
514,631.0,1.9427258809667525,6.337193457749184e-08,2.011093255790699,4.111858232528529,4.918773548621938,1.0,1.0
515,632.0,4.999994606557928,0.08431274474940946,0.9120661484380307,0.8205075969085532,1.0910823012260105,1.0,1.0
516,633.0,1.0000002470816598,1.501298070184136e-07,1.85326209256578e-07,2.6441066958701196,4.097746106797736,1.0,1.0
517,634.0,4.293634182600759,2.280248302019702e-06,0.5913483803872421,0.6969327065525884,1.7224565481200374e-06,1.0,1.0
518,635.0,2.3138669094191715,7.074753966378217e-08,2.435140320843097,2.8219599131053177,2.461913029948385,1.0,1.0
519,636.0,2.8653423855246523,1.3984609383695128e-06,6.489975995020507e-08,4.999999874817743,4.39854299845712,1.0,1.0
520,637.0,5.000002469094019,0.18869069906403757,0.6758678906038117,3.036062898573462,2.9369907271398685,1.0,1.0
521,638.0,2.734062577714075,4.227202822062741e-07,2.8314772988718603e-06,2.167755225856114,3.279367333056279,1.0,1.0
522,639.0,2.4338657205218373,3.279336386677854e-07,0.381306314235128,1.6617915112732726,1.4022697800411172,1.0,1.0
523,640.0,2.1456214887860363,8.7662203225518e-07,4.3648961165496286e-07,2.3144829521336123,1.9904943277508935,1.0,1.0
524,641.0,3.0079804997796273,7.362475527396228e-07,9.492436475354847e-07,3.108563320990063,2.989854595762775,1.0,1.0
526,643.0,2.7525476622421023,5.402920248412052e-07,1.160848157021798e-06,3.405437531579414,4.258182510636354,1.0,1.0
527,644.0,1.0000011627330636,1.617616057477722e-07,1.3064906785426769,3.529731465269128,2.3315155623364467,1.0,1.0
528,645.0,1.3981561494113235,2.9104772274612157e-07,1.1772363504904377e-06,2.9821884757849166,2.4901626305866165,1.0,1.0
529,647.0,3.3485198343648754,1.0880358131388619e-07,0.5847138351386552,3.099512736536897,3.4501239165355386,1.0,1.0
530,648.0,2.896068295510999,3.2024024908460945e-07,0.005579446090321135,3.09361625455957,4.339323501755588,1.0,1.0
531,649.0,2.596418376929776,0.9054214458241107,3.4943615739093966e-07,3.8105583572626087,4.89410711864362,1.0,1.0
532,651.0,1.669068133640663,2.3312473496319474e-08,4.3775922282868144e-08,2.16356564604092,4.999999968240338,1.0,1.0
534,654.0,2.1799886054812894,6.786231011994511e-08,0.17191750124665237,2.44996844854574,4.925104367703818,1.0,1.0
535,655.0,2.539671186248984,1.0185236596480886e-07,2.4860725792466177e-07,3.250120725772993,3.398304200722307,1.0,1.0
536,656.0,2.3056413609047284,2.5201756482355775e-07,0.025529720011069783,4.9999991166717805,4.603536971707433,1.0,1.0
537,657.0,4.2195352563072275,1.5462147712179848e-06,1.8457524902992167e-06,2.8621865085279956,3.8651016491381163,1.0,1.0
538,658.0,1.8362606503890484,2.678779539186944e-07,1.5406944926901045,2.5995977057627746,2.1179128083584993,1.0,1.0
539,659.0,2.947750591653088,8.950903183554542e-08,2.3930985004457637,2.755342304001262,2.132863439929844,1.0,1.0
541,661.0,3.3012936279121248,1.6929086586562576e-06,6.820589618856867e-07,0.8094955716272404,1.6714109205478151,1.0,1.0
542,662.0,2.2198306710468834,3.034578795605775e-07,1.1742803874913468,2.8395699383750306,2.026153638658338,1.0,1.0
543,663.0,3.687605920189436,1.0031700661627015e-06,1.6718071955090032e-06,1.1408321112126205,0.7425873668505959,1.0,1.0
544,664.0,1.0000013530808278,1.674283885516524e-07,0.812399867679655,4.514789450487271,4.661559940595732,1.0,1.0
545,665.0,5.000004825393332,0.38338709654108155,2.1665132313024236,2.1706264197622347,0.2861438373528072,1.0,1.0
548,668.0,1.208031313758929,2.2261038715880593e-07,9.139177457736763e-07,2.4085033437599424,2.257005224058559,1.0,1.0
549,669.0,1.318453761404767,2.3160866974569992e-07,0.8113833544343677,3.397191483522181,4.883059619798049,1.0,1.0
550,670.0,1.000000001655215,1.1515536593107048e-08,1.1944205070340336e-08,1.0073576306563655e-08,2.033832202888079e-08,1.0,1.0
552,673.0,3.0243202969639364,4.2295023104321134e-07,2.3320744671479963,4.320107280296806,2.3679613773418273,1.0,1.0
553,674.0,3.003621123033689,2.9999997845282014,2.347953855728948,3.2579848578300115e-07,1.5141191844650894e-07,1.0,1.0
554,675.0,2.432320681509593,3.486932302131396e-07,1.0289242870999858e-06,0.6328342850265585,2.10721759259474,1.0,1.0
555,676.0,2.6646847502895,3.5935464723558487e-07,1.4291717354406377,3.5353168531779446,3.485695786672181,1.0,1.0
556,677.0,1.0000000078981433,1.4146230148874999e-08,1.950813962486843e-08,3.145307081743938,4.733435586855718,1.0,1.0
558,681.0,4.3996529264869455,4.511882882075105e-07,2.9999993467382042,2.394630103259029,1.2136840966114917,1.0,1.0
559,682.0,4.201933216430156,2.1498188265872056e-07,0.8107913086661718,2.2732936130475903,2.5458669512365133,1.0,1.0
560,683.0,2.134900695972592,2.4694408853512335e-07,2.99999858896849,4.004091898737477,1.8274177797252418,1.0,1.0
562,685.0,1.0000000066355896,1.447919644499972e-08,1.586859290544214e-08,3.083522968140441,3.570771038821055,1.0,1.0
564,687.0,2.4079084863494127,2.4923856786962127e-07,3.0051039003658204e-05,3.949626852037297,4.999996969880034,1.0,1.0
566,689.0,2.2684623253018947,1.1823783410793606e-06,4.107866725130284e-07,2.355733212959604,2.3945606980223624,1.0,1.0
567,690.0,1.7394381409862687,2.602170838470328e-07,1.5334408295469601,3.8966231951323733,2.633425245796351,1.0,1.0
568,691.0,3.1742063260690636,3.8834704430268736e-07,6.490833689256427e-06,4.808217850043585,4.968356548980828,1.0,1.0
570,693.0,1.0000004961949625,1.1165451881733394e-07,1.9336067950552442,2.9491050656808637,4.999999254056941,1.0,1.0
572,695.0,1.0000002163104624,1.3204522760207612e-07,1.8315157310210724e-07,3.0408176371336597,4.222111037765028,1.0,1.0
574,698.0,3.250477621004851,4.763359934260521e-07,1.1925521560474066,0.9792900659012214,3.187049768078447,1.0,1.0
576,700.0,1.0000000213058948,1.7370582955873594e-08,2.8373728658674663e-08,1.8783766912009183,3.5292614907539614,1.0,1.0
578,702.0,2.305477374721691,6.99024803676409e-07,5.501361351089583e-07,2.459873320458634,3.159241462243471,1.0,1.0
579,703.0,4.204107012980373,8.301339145877267e-07,2.5245011915085542,2.5170443136474874,0.1080403397613315,1.0,1.0
581,706.0,1.0000000437252938,1.699759523547267e-08,1.6708645470632575,3.9554605220722134,3.136469245126095,1.0,1.0
582,707.0,2.4369821572364665,9.170103747143192e-07,1.1570417494116565,1.1053271363635309,3.593423546795474e-07,1.0,1.0
583,708.0,1.0000000138867662,1.746618239168647e-08,1.949306583964888e-08,3.269914974188252,3.6593404015290343,1.0,1.0
584,709.0,1.8940140291587708,4.0719849737703114e-08,0.03172138392144926,3.7856047374145034,4.999999945795295,1.0,1.0
585,710.0,1.0882621043039749,1.5464415000419327e-07,2.9999995280594733,3.038999642344773,2.808120568179451,1.0,1.0
586,711.0,3.3449044054426738,1.3489692471209987e-07,4.779671298470972e-07,3.5521737205648356,4.386385351257132,1.0,1.0
587,712.0,3.946452073395376,2.548918520520806e-06,8.294663714950163e-07,4.1637062398948945,4.1637078409168025,1.0,1.0
588,713.0,1.0000001330712684,1.0687760426531743e-07,1.2684034696748323e-07,9.65262574609433e-07,0.3338035321287371,1.0,1.0
589,715.0,4.10691993452872,0.5618967525742256,9.203672494231574e-07,0.4253261737773078,1.4225757773919259,1.0,1.0
590,716.0,2.3027701368071183,4.2501075950011896e-08,0.07140611845463037,2.7184572736691326,4.999999948540756,1.0,1.0
591,717.0,3.85735450282179,9.162734169559413e-08,2.9999998094589477,3.123914768089379,1.2697860438853579,1.0,1.0
592,718.0,1.0000001288086593,9.583811145441461e-08,1.2795324523843837e-07,4.070998213247007,4.361804588398149,1.0,1.0
593,719.0,3.0969968485602615,9.574515199047876e-08,0.2535111494191998,1.6840303388280697,1.6660207897510046,1.0,1.0
595,721.0,3.381065635488346,5.139436893969314e-07,0.7585310674450303,3.003795624517358,2.6948543009760253,1.0,1.0
596,723.0,1.5089296590776198,0.48190928435401764,5.673949209845925e-08,3.483962036199087,4.238568325614577,1.0,1.0
597,724.0,1.7213183391159672,3.522064133510585e-07,9.220278290779384e-07,4.0467298765263795,4.676034441580703,1.0,1.0
598,726.0,1.0000003635940318,2.2711529254890015e-07,1.8572826821533565e-07,3.659340105211372,4.580713817222108,1.0,1.0
599,727.0,3.7728063141219907,6.748171778670877e-07,0.8785328162402297,2.9334242006012574,3.6099158520003165,1.0,1.0
600,728.0,1.4129565901708736,5.548939837861543e-08,0.45411233978204313,4.1392907185690255,4.252856026622646,1.0,1.0
601,729.0,3.875238713242202,1.5506878465593483e-07,1.2494265634307842,1.5599540592304135,0.4210296779344133,1.0,1.0
602,730.0,3.591702089241479,8.038442159499064e-08,0.6662938031520518,3.948729902854163,4.999999868619807,1.0,1.0
603,731.0,1.543230211788739,5.72042307187808e-08,1.0205017744323535,3.216389128596419,4.416813954651533,1.0,1.0
604,732.0,2.001406194106573,5.382833849339195e-08,0.7386275268797934,4.999999834957979,4.587116897035069,1.0,1.0
605,733.0,4.999999057553551,1.1141050652567477,1.9668911441650219,1.347283034130796,0.3910047494907963,1.0,1.0
606,734.0,3.0504965309723575,1.8736575561495984e-07,0.5446743284700768,4.9999997236393074,4.568524274207895,1.0,1.0
607,735.0,4.492690931958092,1.296598169786912e-06,0.1423688918207245,1.6509329810561895,2.0687094060848894,1.0,1.0
608,736.0,1.6807563539491224,4.4001181623105606e-08,0.12294111119289908,4.77372311320055,4.999999919208376,1.0,1.0
609,737.0,2.354518754529174,6.992870871179928e-07,5.680987585090132e-07,3.6452198152950746,3.9288482034097583,1.0,1.0
611,739.0,2.662926710861256,1.8798469800700524e-08,3.6436297609997714e-08,3.1992023388846245,4.999999992221212,1.0,1.0
612,741.0,5.000002069059859,0.45016929155200647,0.5432100278953206,1.5261736465441138,2.1689215545785028,1.0,1.0
613,742.0,1.2076613334678499,2.2513329676518958e-07,0.27732434932657674,2.601600988750791,1.9470333395001376,1.0,1.0
614,743.0,2.309673454353371,3.1325448608592265e-07,2.196358828386694,4.296809332840382,2.53382818803242,1.0,1.0
615,744.0,2.0880266090808264,3.10755849321601e-07,4.103658875724006e-06,2.8239595856229394,3.4539653099574408,1.0,1.0
616,745.0,1.0000009426633363,1.3405988328247434e-07,6.75416062018558e-06,4.267303499765039,4.651047756154388,1.0,1.0
617,746.0,1.000000634293834,2.7085548184730024e-07,2.5032789198131003e-07,3.7734096742540117,4.305327331827446,1.0,1.0
618,747.0,3.543332971400144,5.700940952745415e-07,0.7221334288775194,1.5287152397816355,1.0710813456208024,1.0,1.0
619,748.0,1.0000007881042858,2.1128432192398187e-07,4.2269846954412915e-07,4.394463053892254,4.5456555147951585,1.0,1.0
620,749.0,1.000000197583221,1.3441232345359208e-07,1.5726489000054369e-07,2.444775281173386,2.0988441543506906,1.0,1.0
621,750.0,3.58245733766826,5.855420993513289e-07,0.5284001175414454,4.159531426511709,3.224089343619625,1.0,1.0
622,751.0,1.0000000162036293,1.4242523954233286e-08,0.47957261396265344,3.984376548063589,4.999999955928419,1.0,1.0
623,752.0,2.338421635973928,7.130670751484175e-08,0.27304070653954027,2.535994258321851,4.297664675807147,1.0,1.0
624,753.0,1.000000005928588,1.3278065971536286e-08,1.8078411219851786e-08,4.0782701136475366,4.610728936385986,1.0,1.0
625,754.0,1.9280982302753273,7.12486644022109e-08,4.101678100875702e-07,4.273122777716677,4.876901588402283,1.0,1.0
626,755.0,2.4177196674925137,7.31891286900983e-08,0.25515136512828057,2.2607167634986083,2.8244011937514135,1.0,1.0
628,757.0,1.368783970819784,4.6778828747101e-08,1.0151293851718728,4.99999985155271,4.540058555484595,1.0,1.0
629,758.0,3.016799991565677,4.2138541074561453e-07,0.7795266585450219,3.600090531517493,3.416439056445893,1.0,1.0
630,760.0,4.563199235226823,1.8777557400801696e-06,1.0214553884397115,1.803926215946418,0.8826563365434678,1.0,1.0
632,763.0,3.6958937038942845,6.356140450349039e-07,0.10884037326058014,2.010936076674422,2.274743036433551,1.0,1.0
633,764.0,2.3199978572264595,3.144263810945834e-07,0.5716777873887291,2.7844248431802403,2.8678918521794357,1.0,1.0
636,767.0,1.000000027508555,1.7422051448657555e-08,3.8890764507365157e-08,1.214869833382209,2.2350965344162192,1.0,1.0
637,768.0,3.221404541404761,4.6871084316050846e-07,1.7866553811225867,3.8611567732163152,2.604681097019454,1.0,1.0
638,769.0,1.5193544547285684,4.7293704158054295e-08,0.899352902508172,4.018096438293718,4.9999998666814625,1.0,1.0
639,770.0,4.999988851694686,0.15571256822127455,0.7301635654957336,0.19785390584976692,0.433446924432763,1.0,1.0
642,773.0,2.59178093250253,6.705833991732353e-07,7.054870434860078e-07,2.0444814639438977,2.269437868518954,1.0,1.0
643,777.0,3.126798292014435,4.4555346372270426e-07,0.16113133572418936,3.2150355051646704,4.427804613151911,1.0,1.0
644,778.0,3.340230067467041,0.569385121766656,0.6279053235463474,3.6016482686300074e-07,0.47672692363320535,1.0,1.0
645,779.0,1.0000005805210552,1.308478352677319e-07,1.0573096510795486,4.688002681644467,4.148674990466536,1.0,1.0
647,781.0,1.3023041650993485,6.148349515254632e-08,1.1249182301417689e-07,4.593075019842493,4.999999887610914,1.0,1.0
648,782.0,2.3771806615145605,3.2106391037742437e-07,0.23326117577191005,3.0951464867553256,3.8831786764208887,1.0,1.0
649,783.0,2.6301461330874734,3.542670852298638e-07,0.0340945656466245,2.8919142135454585,3.2638605126343565,1.0,1.0
650,784.0,3.3302955811078157,9.995014448922021e-08,0.7231464302386664,3.82478699755141,4.999999171683152,1.0,1.0
651,785.0,1.0000042682743926,4.0683136514195504e-08,0.4141767036982018,4.723720941480785,4.999999903815447,1.0,1.0
652,788.0,1.0000004715303497,1.2347337549973395e-07,4.0223781336735276e-06,2.942965312303501,4.650943930784148,1.0,1.0
653,789.0,1.0000003686201937,4.7095193401055365e-07,1.3416968606970394e-07,2.892410755342965,3.7705570322290174,1.0,1.0
654,790.0,2.9683121749927737,9.755462749005487e-07,6.974923034130022e-07,2.840582740039851,3.1206463608238466,1.0,1.0
656,792.0,2.8837199344505478,8.710493639531134e-08,0.5717059720460798,3.051631093872616,3.1199395239123033,1.0,1.0
