,ID,Q_0,gamma_short,gamma_long,beta_long,beta_short
0,1.0,5.621118487639635,1.5221697636947804e-08,2.304623230158752,1.0,1.0
1,3.0,5.051485028179668,1.5540018946161932e-08,1.1118561041434845,1.0,1.0
2,4.0,4.2288774621170715,0.26610639626944876,1.787572742912558e-08,1.0,1.0
3,6.0,5.2767180384086885,0.5219943679435209,0.5949506295058018,1.0,1.0
4,8.0,5.918225630380241,0.6719298346093224,1.033256293263153e-06,1.0,1.0
5,9.0,6.2669946532055745,9.756299853423996e-08,1.4295411310784985,1.0,1.0
6,10.0,4.5385920992695885,1.4900610185041537e-08,2.1777256206733362e-08,1.0,1.0
7,11.0,5.381008726273629,1.1745070024213584e-07,0.12814568347990862,1.0,1.0
8,12.0,5.978530539258057,1.456318085018532e-08,0.7622344651623351,1.0,1.0
9,13.0,6.974642321621157,1.6219506105348214e-08,2.041966571798531,1.0,1.0
10,14.0,5.569100569801186,2.2543267220690077e-07,0.6293211526156998,1.0,1.0
11,15.0,7.56181935299246,2.935162840924184e-07,0.8853725360492618,1.0,1.0
12,16.0,6.256734673350494,2.7482783092148534e-07,0.5209539139494771,1.0,1.0
13,17.0,5.908189772800617,4.033773796431633e-07,0.187516182411542,1.0,1.0
15,21.0,5.541716830588335,1.4455722304930338e-07,1.3900046473981642,1.0,1.0
16,23.0,7.167724111360059,2.728450787727966e-07,0.690843438965714,1.0,1.0
17,31.0,4.408487784857774,1.3537548179469708e-08,1.0423632567478125,1.0,1.0
18,35.0,2.6864648530478035,1.3152198146148545e-08,2.520200317939154e-08,1.0,1.0
19,38.0,4.6443133003043355,1.4385727674619073e-08,1.3687636319438738,1.0,1.0
20,39.0,3.9274065491683063,1.3649277225826916e-08,0.25795374175722563,1.0,1.0
21,40.0,5.425770368988159,1.5985480866036914e-07,0.8798585789098323,1.0,1.0
22,41.0,6.7012073016350575,4.4913933088154717e-07,0.38183538878391554,1.0,1.0
24,44.0,7.472566857502918,1.6997224555702217e-08,0.7412121855023748,1.0,1.0
25,46.0,6.641495449822667,7.960215211637586e-07,0.699609450681803,1.0,1.0
26,49.0,3.2261706677511626,7.245589880670633e-07,1.1003902556039615e-07,1.0,1.0
27,50.0,6.958032749066043,2.097961662906316e-08,0.20149725578318234,1.0,1.0
28,53.0,6.668058096020806,1.8015055865981148e-08,0.6914490307734954,1.0,1.0
31,63.0,6.561835417640261,2.4413752018662107e-07,1.5654979157153863,1.0,1.0
32,64.0,3.635239777312662,0.4291760629687524,9.526061930834606e-08,1.0,1.0
33,65.0,7.341735801442195,2.9095162658555744e-07,0.8959510602229716,1.0,1.0
34,66.0,7.403758954513451,0.09872823371793629,1.3042041917018455e-07,1.0,1.0
35,67.0,5.776977959159993,2.2596537929915745e-08,0.6539797797177349,1.0,1.0
36,68.0,7.179724862936974,2.1303293049184703e-07,0.5984157688072976,1.0,1.0
37,69.0,2.948400151629027,1.0849425438075203e-07,0.17394321064522197,1.0,1.0
38,71.0,5.179842223773891,1.5705329659145736e-07,2.5458885834561036,1.0,1.0
39,72.0,5.551313896547661,2.3855307591218525e-07,0.7973577238869443,1.0,1.0
40,73.0,7.3637515049392155,1.0833676224795146e-06,0.46440082558163087,1.0,1.0
41,74.0,6.8247102840830705,2.2937829068218887e-08,1.605019612604122,1.0,1.0
42,75.0,5.159329566251158,1.4012638885512254e-08,0.40662701969300147,1.0,1.0
44,77.0,1.9691930517575649,0.20087956365131496,1.3014408390192695e-08,1.0,1.0
45,78.0,3.8267876968470786,1.3840099893706222e-08,0.42691786035680157,1.0,1.0
46,79.0,7.209532154450071,1.661136248025826e-08,1.3939039976328267,1.0,1.0
47,80.0,5.734512403035351,1.3430898154238497e-07,1.054626079369054,1.0,1.0
48,81.0,7.919612876453309,1.1251075492195304e-07,0.4489593725124028,1.0,1.0
49,83.0,6.3638584854248155,1.7348269062659107e-08,0.2501775321348765,1.0,1.0
50,84.0,7.099630502897964,1.310321982164842e-06,1.4569616684505668,1.0,1.0
51,85.0,4.350605036102932,1.410342982645933e-07,1.1776523427729155,1.0,1.0
52,86.0,5.8669982528865585,0.07825522489235827,1.505513386301998e-07,1.0,1.0
53,87.0,5.2711746376082065,2.821840311661612e-06,1.3436369907429093,1.0,1.0
54,89.0,6.6349221286413185,1.5322962037947537e-07,1.2873794750518623,1.0,1.0
55,90.0,4.776648841774048,1.1481755537214973e-07,2.504600151403638,1.0,1.0
56,91.0,7.368453076578047,3.935163902816105e-08,1.7883077487890538e-08,1.0,1.0
57,93.0,3.7380025242135244,6.497765228949432e-08,0.24509125800790982,1.0,1.0
58,94.0,6.134035402118819,0.5118653416037418,2.4989532465864383e-07,1.0,1.0
59,95.0,5.85026551114646,0.4422609069470058,1.2781276964355297,1.0,1.0
60,97.0,5.4116325597156205,1.4320686415408218e-08,0.8649762913516864,1.0,1.0
62,100.0,6.436145621273563,1.7984375822896758e-08,1.0037721844980256,1.0,1.0
63,101.0,4.946753633495381,1.5484983381443706e-08,0.7651176878172253,1.0,1.0
64,103.0,7.295603441659057,1.5480847684534738e-08,2.1088056333655723,1.0,1.0
65,105.0,5.82184304796964,2.1915737623935573e-07,2.394524404027451,1.0,1.0
66,106.0,5.579252316701212,0.04862183294088241,1.6391101112320526e-07,1.0,1.0
67,107.0,4.1009247307907115,0.20953137331866845,1.4467859775718966e-07,1.0,1.0
68,108.0,6.053535700493679,1.0687479665249871e-07,1.7480269036009513,1.0,1.0
69,109.0,4.8323414614316516,1.5429620388892703e-08,0.2918120412100488,1.0,1.0
70,110.0,5.329533780997678,1.509007652511375e-08,1.2523423458917464,1.0,1.0
71,111.0,5.991769221150693,1.5733440226716264e-08,1.1842013755062006,1.0,1.0
72,112.0,5.1749125533169895,1.4249539624717691e-08,0.5932268199191334,1.0,1.0
74,114.0,4.397027947354565,1.9759347012066553e-08,1.3635251920710665,1.0,1.0
75,115.0,6.393142772756353,1.4338652207864997e-08,1.7902193889452518,1.0,1.0
76,116.0,6.752193186264779,3.0568024213070576e-07,0.7290065627257982,1.0,1.0
77,117.0,5.023394229955941,3.395044777257904e-07,0.46019967422067215,1.0,1.0
78,118.0,4.965243135822158,4.410989098151095e-06,1.5619362506704265e-07,1.0,1.0
79,119.0,6.560562736699422,1.4580878444338103e-08,1.6608171198770043,1.0,1.0
80,120.0,7.52285765863426,1.5528837235013002e-07,0.6029299233909462,1.0,1.0
81,121.0,5.242835290680835,1.6267993254760718e-08,0.3435896927598696,1.0,1.0
82,122.0,5.881850272926199,1.540854627399729e-08,0.06655452503520046,1.0,1.0
83,123.0,6.149529781960425,1.4710411329723519e-08,0.49409457050323097,1.0,1.0
84,125.0,5.154750740776526,2.4845177528551073e-07,0.5838193805583206,1.0,1.0
85,127.0,6.456550372155646,1.8376134243524925e-08,0.24799848937499042,1.0,1.0
86,128.0,5.037150121498018,1.0159515477577403e-07,0.12013309816056822,1.0,1.0
87,129.0,4.046074961745725,1.1702026809945956,0.8208105360288097,1.0,1.0
88,130.0,9.09880436148762,3.103432030517016e-07,0.6928131455964636,1.0,1.0
90,132.0,5.806944199189731,1.6264370022659268e-08,0.31420620710507624,1.0,1.0
91,133.0,5.389358823885675,1.3223889468103399e-08,2.611757738779949,1.0,1.0
92,134.0,6.263231673897608,2.0021429366098733e-08,1.509637174277315,1.0,1.0
93,135.0,4.5253636176892345,0.6504921561630302,1.3796889891911099e-08,1.0,1.0
94,136.0,7.3902625949620795,2.044954486108418e-07,0.7924106512942473,1.0,1.0
95,137.0,7.495230701528924,3.939841720639927e-07,4.4379153185003896e-08,1.0,1.0
96,138.0,4.611432446565714,1.6213806283550043e-08,2.3841294568708635,1.0,1.0
97,139.0,7.2260833110671925,4.364092481497201e-08,1.049545574477822,1.0,1.0
98,141.0,3.939016489360618,1.0310100706338852e-07,2.9999996166594793,1.0,1.0
99,142.0,6.618348401461888,1.4283124939552901e-08,0.9554517047358341,1.0,1.0
100,143.0,5.93744892089376,1.585200883513775e-08,1.8809517810227365,1.0,1.0
101,144.0,6.097365076057946,0.19068572843858858,1.374969612806783e-07,1.0,1.0
103,147.0,4.750330224538635,0.10537576110146415,1.273560065247382e-07,1.0,1.0
104,148.0,6.543214748933649,2.5456968578945716e-07,0.3559877178508585,1.0,1.0
105,149.0,4.272479723950319,5.459500632015601e-08,0.002879194224380151,1.0,1.0
106,150.0,4.5512175113500835,1.2908890497573065e-08,2.5578141580065274,1.0,1.0
107,152.0,3.7889564494006907,9.774617391940627e-08,0.6673143437445277,1.0,1.0
108,153.0,3.8972866395155474,1.4943423523490745e-07,4.036821449673075e-07,1.0,1.0
109,154.0,6.765621780440383,1.1546395369536496e-07,0.10902121083959063,1.0,1.0
110,155.0,6.795896666802929,1.6093655470656582e-07,0.6185178626924883,1.0,1.0
111,156.0,6.705947879223461,1.6476061930663585e-07,0.09283788656443773,1.0,1.0
112,157.0,5.3586333568979265,1.5163219982938763e-08,1.6095238026069352,1.0,1.0
113,158.0,5.880803793427895,4.126124425202935e-08,1.1357924705045486,1.0,1.0
114,159.0,5.472561167951251,1.0057090231192182e-07,0.0034380032566834525,1.0,1.0
115,160.0,5.606341085881926,1.9098775791221158e-07,0.8160358239948268,1.0,1.0
116,161.0,7.159975788286408,2.278674172551006e-06,0.586973754019508,1.0,1.0
117,162.0,5.586758878790515,1.2672262420312009e-08,2.9254335164342358,1.0,1.0
121,166.0,5.8734390646276164,1.7453852034540496e-08,0.22369043401622493,1.0,1.0
122,167.0,6.8827586718492935,1.5124120128550417e-08,1.7477642113101748,1.0,1.0
123,168.0,5.037632836562109,1.0110372881755371e-07,1.134645914923506,1.0,1.0
126,172.0,5.9949817693081595,1.4383032062975722e-08,0.6254190906242625,1.0,1.0
128,176.0,6.061004075778363,1.610151966862234e-08,0.719062285818024,1.0,1.0
130,178.0,7.04738192937059,1.4855187063859056e-08,0.6511940759718757,1.0,1.0
131,179.0,5.00463607047623,1.457147752111533e-08,0.5002041650275045,1.0,1.0
132,180.0,5.0629421840394535,1.7852759183281205e-08,0.43938680016711,1.0,1.0
133,184.0,5.251234437798787,1.5301201546146092e-08,2.049328377682034,1.0,1.0
134,185.0,5.441002156100034,2.2908052406186496e-08,1.2877269448185291,1.0,1.0
135,186.0,5.625470483028046,2.3066227791073994e-07,1.184779204317499,1.0,1.0
136,187.0,4.293544889206081,6.739706432053475e-08,2.999999197812231,1.0,1.0
138,189.0,8.383975333983434,1.654755839962099e-07,0.02390472609489249,1.0,1.0
139,190.0,4.609525332000842,9.494025073030901e-08,1.7627667400653293,1.0,1.0
140,191.0,7.871049623435438,1.4774806071806076e-07,1.1118452135428452,1.0,1.0
141,192.0,3.4872507786469273,2.590239637167603e-08,1.3474840275156618e-08,1.0,1.0
142,193.0,3.981185833559062,1.5153261416160195e-08,1.906626515525667,1.0,1.0
143,194.0,5.07306988881026,0.11926605472314547,1.8589244234989403e-07,1.0,1.0
144,195.0,5.867693001194775,2.4071072223370146e-08,4.181018679098632e-08,1.0,1.0
145,196.0,5.955094580641135,0.05074923013478861,1.671350284518713e-07,1.0,1.0
146,197.0,5.645445875358245,1.7414343709367557e-08,1.2176963127930143,1.0,1.0
148,201.0,6.349360640198265,1.1777191326792469e-07,0.2829476738080067,1.0,1.0
149,202.0,2.9538828706402818,1.477251694286306e-08,1.8559920594157236e-08,1.0,1.0
150,204.0,3.7278857585636573,0.28905531790693334,4.070805951501004e-07,1.0,1.0
151,205.0,6.074992427953545,0.013392615163807946,2.3301907558657816e-07,1.0,1.0
152,206.0,8.61644672212935,0.0363779335423982,5.045718970423939e-07,1.0,1.0
153,208.0,6.5834808473524244,1.7239731929426454e-08,1.770963903249595,1.0,1.0
155,213.0,6.483773975289012,1.0874513227389496e-06,0.28335253243154535,1.0,1.0
156,214.0,4.071460077808434,1.4543437139408549e-08,0.37594167864046857,1.0,1.0
157,215.0,9.295554505916389,2.054516579679878e-08,0.47543277741247647,1.0,1.0
158,216.0,4.9916846961018,1.496985355372508e-08,0.41665269033736896,1.0,1.0
159,217.0,3.4260514948450282,1.1934915119401116e-08,1.4853288972938257,1.0,1.0
160,220.0,6.538334907361202,1.6061164929613018e-08,0.6076477400765632,1.0,1.0
161,223.0,7.008484414786908,1.7660845717385026e-07,1.0374029833396934,1.0,1.0
162,224.0,7.406557114135162,1.3644575671862423e-07,0.007885845296866166,1.0,1.0
164,226.0,6.520102536778079,1.7150251146204096e-08,0.3591182848265899,1.0,1.0
165,227.0,6.2777308923139445,2.1603661791932703e-07,0.5649633881805595,1.0,1.0
166,229.0,4.068890178331475,1.2900686934239929e-08,2.36618447028642,1.0,1.0
167,230.0,5.431603450737362,1.4452936836638972,1.540563385221397,1.0,1.0
168,231.0,4.842682045561638,5.25396786962869e-07,2.6465911012644665,1.0,1.0
169,232.0,5.9077814815840295,1.0837156207975315e-07,0.3674511971053336,1.0,1.0
170,233.0,5.186221679148345,1.390346892145164e-08,1.3849458466105675,1.0,1.0
171,234.0,1.9081759607739248,0.44307819943308896,1.012341391485372e-07,1.0,1.0
172,236.0,3.693215934653208,1.3894358813004353e-08,0.973058718089579,1.0,1.0
173,237.0,6.083235335312911,1.378249337030633e-08,0.31360595458021523,1.0,1.0
174,238.0,6.2013437414155845,1.0619420770383757e-07,0.023587369019878155,1.0,1.0
175,239.0,4.9700689698767375,0.21510108312138623,0.8189920877636002,1.0,1.0
176,240.0,6.048800249034327,1.3059121976126878e-08,1.1211258828174875,1.0,1.0
178,243.0,6.201343195941667,1.061945028077726e-07,0.023588182314509206,1.0,1.0
179,244.0,5.341743847466925,1.9085394037776298e-08,0.5263131908590203,1.0,1.0
183,248.0,7.2875766921928244,1.8490678218278665e-07,0.2713252445796079,1.0,1.0
184,249.0,3.074000705924947,2.9999989745239106,2.793910332327411,1.0,1.0
185,251.0,3.7964485351504744,1.4345947513284987e-08,0.21392167126278935,1.0,1.0
186,252.0,2.8194909599495146,7.893504035681228e-08,2.5779409988432347,1.0,1.0
187,253.0,5.797657487757858,5.058658604869327e-07,5.054107538115106e-07,1.0,1.0
188,255.0,6.663277602949391,1.2976787203021193e-07,0.015879161362223733,1.0,1.0
189,256.0,5.7210050743457375,1.5725058595504147e-08,1.4742654970417555,1.0,1.0
190,259.0,5.780733189661595,1.0874093245214031e-07,0.6569547846503926,1.0,1.0
191,260.0,7.138981118475778,1.576612690917463e-08,1.5763255142988826,1.0,1.0
192,261.0,6.334872766806106,3.1990911835284257e-07,0.7059743037462032,1.0,1.0
194,263.0,5.604712111017729,9.116539902656646e-08,0.23077005451111857,1.0,1.0
195,264.0,6.2164796016971,1.6198220666566703e-08,0.5581007107211176,1.0,1.0
196,265.0,4.441600420145457,1.4884448906378942e-07,0.014724782535464123,1.0,1.0
197,268.0,7.195761818662637,4.055406866061664e-07,2.1914282232000253,1.0,1.0
198,269.0,7.339327517803931,1.512292095668549e-08,1.8936399847430094,1.0,1.0
199,270.0,6.9551415663533716,6.048471293484827e-07,0.12333302795834367,1.0,1.0
200,272.0,4.378639490502487,1.503246711036151e-08,0.6819529320159458,1.0,1.0
201,273.0,6.940074720481596,1.564259524942562e-08,1.6726736897310033,1.0,1.0
202,274.0,7.1201417747305875,1.49299772720673e-08,2.337112306717536,1.0,1.0
203,276.0,7.0277754747437875,1.737096623542921e-07,0.13470123576360118,1.0,1.0
204,277.0,5.768032773023668,1.5102288119244462e-08,1.355527092690896,1.0,1.0
206,279.0,6.553298021613583,1.893202698186491e-08,1.0895353330690503,1.0,1.0
207,280.0,6.0585472245354755,1.2795537812360223e-08,0.4763842409003113,1.0,1.0
208,281.0,7.1215866810421335,1.7432738735343478e-08,1.1257112615385578,1.0,1.0
209,282.0,4.297097475823197,1.659627020034562,1.1138193773974365,1.0,1.0
210,283.0,7.249928976112288,2.0556616477515767e-08,0.905649487024713,1.0,1.0
212,285.0,3.7025642767293654,9.571676670104266e-08,0.3211487927759488,1.0,1.0
213,286.0,4.479061687404575,1.1438203863859437e-08,2.9999999975170213,1.0,1.0
214,287.0,3.6915984826118575,1.4561490455903668e-08,0.26966341778448505,1.0,1.0
216,289.0,8.131141439391996,8.787988279977913e-07,0.15434331427653247,1.0,1.0
217,290.0,2.81949129850341,1.344676364837386e-08,2.577940488109031,1.0,1.0
218,291.0,5.660780017611247,1.5313952095829468e-08,0.44703777848738235,1.0,1.0
219,292.0,6.346616178825877,1.3889062670998157e-08,1.1531902288221418,1.0,1.0
220,293.0,9.03156414516357,2.529844856084648e-07,2.996477576532139e-07,1.0,1.0
221,294.0,7.197122355940107,7.394275353557718e-08,1.8707251316266233,1.0,1.0
222,295.0,5.105458750053903,1.6385598505261975e-08,1.7386984398659604,1.0,1.0
223,296.0,4.591706348946641,1.424109717993492e-08,2.2974016301575423e-08,1.0,1.0
224,297.0,7.912045427289218,1.7147678676759244e-07,0.6927879308140727,1.0,1.0
225,298.0,9.471706688946439,0.42703650612931954,1.6081417862308814e-07,1.0,1.0
226,299.0,6.745875772974548,3.449923335435479e-06,0.3880122884573758,1.0,1.0
227,300.0,8.389906014011917,1.6564893062036162e-08,2.045851741981751,1.0,1.0
229,302.0,5.986681907953192,1.5161969987161512e-08,1.1879880192050094,1.0,1.0
230,303.0,5.659107077712721,1.1316595628441142e-07,0.7009776914221327,1.0,1.0
231,304.0,5.821269728427263,1.6083232676956517e-08,1.9004456382723725,1.0,1.0
232,305.0,5.53057863920091,2.9999998058236117,2.932381055201116,1.0,1.0
233,306.0,6.86823682712845,3.218817509520552e-08,0.09800655537748547,1.0,1.0
234,307.0,4.609982164472615,2.659406690696687e-07,6.834504573862373e-08,1.0,1.0
235,308.0,5.7973174467548425,1.4382899589125002e-08,0.4535601182052395,1.0,1.0
236,309.0,4.814484672570577,1.9292396779790544e-08,1.9100609346411583,1.0,1.0
237,310.0,7.10904358656585,1.5123210044895066e-08,2.1713061968480747,1.0,1.0
238,311.0,4.982083135969164,0.010831934793248408,1.2562274539689723e-07,1.0,1.0
239,312.0,4.216041444814453,3.221937993896661e-07,0.05505728587089703,1.0,1.0
241,314.0,8.175615196111565,1.496069857336157e-08,0.594014340980339,1.0,1.0
242,315.0,4.650516914043958,1.3970260320095973e-08,0.9677879878251001,1.0,1.0
243,316.0,3.871990290129304,1.535159103802314e-08,2.2209947127142042,1.0,1.0
244,318.0,5.398586020378668,0.39698930867435694,0.7505978720437536,1.0,1.0
245,319.0,5.8842458028036,1.5825441473142e-08,1.912601888235912,1.0,1.0
246,320.0,5.654435579968649,1.656963557546266e-08,2.7116182258301387,1.0,1.0
247,321.0,6.918539681877186,1.4687278920044018e-08,0.7127071719519437,1.0,1.0
248,322.0,5.680937893457632,0.06320546298081219,0.327284491877697,1.0,1.0
249,324.0,5.310888879795233,1.4544057802723325e-08,2.600514762827786,1.0,1.0
250,325.0,6.52765777786436,1.8186076654630624e-08,0.5542060291033094,1.0,1.0
251,326.0,4.722763007224089,1.4771568615325693e-08,1.2959938948980498,1.0,1.0
252,327.0,5.865722763598031,1.432258691835399e-07,4.6107084529962063e-07,1.0,1.0
253,328.0,6.5307282314431925,1.0641712368861528e-07,9.108132750952813e-07,1.0,1.0
254,329.0,7.253550328779109,1.7817512761243754e-08,2.074661320315621,1.0,1.0
255,330.0,4.8995928357395515,1.0002339879416058e-07,2.9999999002407756,1.0,1.0
256,331.0,2.603715707409783,2.9545813015910682,2.7297078626882385,1.0,1.0
257,333.0,6.618347629323816,7.12467906744305e-07,0.648051073873231,1.0,1.0
258,334.0,5.690428271080079,1.345612890698697e-07,0.6377128516862061,1.0,1.0
259,335.0,2.9993974208836574,1.3625181802061095e-08,0.04676601627449252,1.0,1.0
260,336.0,3.5963706473811894,1.1087422764223485e-08,2.9999999986677954,1.0,1.0
261,337.0,5.572744488625667,1.5253180887111283e-08,0.2622975562247493,1.0,1.0
262,338.0,5.887020080648452,5.532559398531193e-07,0.16500945733593106,1.0,1.0
263,339.0,3.77099949806519,1.822091014146031e-08,0.2037450978626862,1.0,1.0
264,340.0,7.178856524715399,1.1969079543997444e-07,0.01525676038652882,1.0,1.0
265,341.0,5.251210485534275,0.14144415453139417,1.7523777533081833e-07,1.0,1.0
266,342.0,6.253177824286805,5.800318616169241e-07,1.1728544944463613,1.0,1.0
267,343.0,6.331128701816287,1.5256411229032454e-08,0.9308527399312803,1.0,1.0
268,344.0,7.1317331687068695,1.915686743935595e-08,0.8150078806899422,1.0,1.0
269,345.0,5.251228548653552,0.15748546326889795,1.736674298738176e-08,1.0,1.0
270,346.0,6.055788771944438,1.8072611450792668e-07,1.366800782476859,1.0,1.0
271,347.0,8.27015747080374,0.574925014345045,3.0418784798132033e-07,1.0,1.0
272,348.0,6.304588988558565,1.5157001331078679e-07,1.486786209973605,1.0,1.0
273,349.0,4.6153672089952495,1.9321485091626747e-07,5.917586011616404e-06,1.0,1.0
274,350.0,6.9313238147378105,2.0176083696823183e-08,0.4398241522228078,1.0,1.0
275,351.0,8.230874763532109,4.095579369958876e-07,1.645245745241861e-07,1.0,1.0
276,353.0,6.7214200030845,5.927015857203828e-07,9.578694595433376e-07,1.0,1.0
277,354.0,7.110681786718007,1.2942540083374094e-07,0.9752771169549266,1.0,1.0
278,355.0,5.569234423870059,1.1902328534003315,1.942742564904865,1.0,1.0
279,357.0,8.396568518005349,1.8526254222263945e-08,0.9194149996156981,1.0,1.0
280,358.0,4.285584108051626,1.5543283165789113e-08,0.5997347441511869,1.0,1.0
282,360.0,5.3874104228555995,1.4215352624531161e-08,1.9580825586296662,1.0,1.0
283,362.0,3.0163477359989024,1.6925508413195884e-08,1.9548846294153243e-08,1.0,1.0
284,363.0,9.434289816000774,2.7461765050667336e-07,0.8502765361439026,1.0,1.0
285,364.0,7.1360832312797715,1.6846345707424588e-08,0.4761796114320838,1.0,1.0
286,365.0,7.2585754600387515,2.1343213817436488e-07,0.0919039686825549,1.0,1.0
287,366.0,6.274508280737695,1.6073006604404095e-08,0.46754258058577247,1.0,1.0
288,368.0,3.9835481202103282,1.4497205732654528e-08,1.421873348759076,1.0,1.0
289,370.0,5.644126626737941,1.516739913841873e-08,1.0454245363404822,1.0,1.0
290,371.0,4.14494312728246,1.5625347609073597e-08,1.0828933356525998,1.0,1.0
291,372.0,7.7000564974192915,4.759831783344881e-07,1.4581971533209643,1.0,1.0
292,373.0,7.30410946343259,1.5125387848627594e-07,1.0696817206013267,1.0,1.0
293,374.0,7.939765571151499,2.6710597058172175e-07,0.8037412381366227,1.0,1.0
294,375.0,7.263227068214627,1.0956887654612052e-07,0.9348207955935498,1.0,1.0
295,376.0,6.178178878024943,1.5566837897365483e-07,0.05314779032987271,1.0,1.0
296,377.0,8.808238249827156,3.777796571919628e-07,0.4489099036766688,1.0,1.0
297,378.0,5.529027792956336,1.3695770886998429e-08,0.561589340421341,1.0,1.0
298,380.0,6.277333016116542,0.4604449419740735,2.0765553157825696e-07,1.0,1.0
299,381.0,7.379263934966911,2.0825818626204092e-07,0.12369470561995154,1.0,1.0
300,382.0,5.027181397291068,1.185157695021849e-08,2.9999999969293007,1.0,1.0
301,383.0,6.323621254169786,1.4649092139216013e-08,0.98904134960723,1.0,1.0
302,384.0,5.741747367634494,1.1440067918427159e-07,0.18056776677756667,1.0,1.0
303,385.0,1.000000008228018,1.5189425025467367e-08,1.4304336597460693e-08,1.0,1.0
305,387.0,6.54209806483629,1.702999323934716e-07,1.7125012504353416,1.0,1.0
306,388.0,5.0067729939985925,2.2727319514181335e-07,0.35437898390768446,1.0,1.0
307,389.0,5.73872095048936,2.443327637705127e-07,1.223070896867146,1.0,1.0
308,390.0,5.9288143117368834,7.619998398045878e-08,0.05956343401622193,1.0,1.0
309,391.0,5.681451908740746,1.5070866767522302e-08,1.9135620396473756,1.0,1.0
310,392.0,5.470019204861622,1.6070064871930926e-08,0.514820994882825,1.0,1.0
312,394.0,2.5375338321836813,1.4171953309259624e-07,2.1189990109575652e-07,1.0,1.0
313,396.0,7.954964817042434,2.6285116530041934e-07,0.226690069530415,1.0,1.0
314,397.0,5.629273586971999,2.5894415974881187e-07,1.495935079851127,1.0,1.0
315,399.0,4.375292131469804,1.4665042273004944e-08,2.8018338920903116e-08,1.0,1.0
316,400.0,5.885847031881683,1.0180866491194081e-06,0.11839881336395065,1.0,1.0
317,402.0,6.207897318711979,1.2860261866788164e-07,0.422873248034569,1.0,1.0
318,403.0,5.172312294489573,1.2446033471639083e-07,0.942040077260211,1.0,1.0
319,405.0,5.400908485785294,1.4759270452755179e-08,2.499963562483555,1.0,1.0
320,406.0,6.930872472266907,2.0054019993130316e-08,0.3401485822042248,1.0,1.0
321,407.0,4.344054267205482,1.733380259067859e-08,0.9829382950525061,1.0,1.0
322,408.0,3.7671026263326097,1.582799284659421e-08,0.8137428865197375,1.0,1.0
323,409.0,2.0268730754386044,1.2611495820510782e-08,2.9999999906430883,1.0,1.0
324,410.0,5.995055598897496,2.1503383721619734e-08,0.23889083174189077,1.0,1.0
325,412.0,2.4500833451763815,1.692912571811035e-07,1.5565702297578992,1.0,1.0
326,414.0,5.59081924780848,1.4994632371873343e-08,0.6203612498992935,1.0,1.0
327,416.0,6.1464382907076125,1.4780764508631838e-08,0.7547321013500815,1.0,1.0
328,418.0,6.593675374175726,0.5752656495670552,1.577227622439723e-06,1.0,1.0
329,419.0,6.735590358045565,0.6740075379952833,1.542686534936355e-08,1.0,1.0
330,420.0,5.515455170924922,1.615774722029297e-08,0.7506045349463906,1.0,1.0
331,421.0,4.541036038401338,3.465120386310828e-07,1.1787406283550352,1.0,1.0
332,422.0,6.2876704947239155,0.30321921930424683,2.8508272822921834e-07,1.0,1.0
333,423.0,3.5916891475067696,4.396398680824912e-07,1.5373248538489098e-07,1.0,1.0
334,424.0,4.492998725621857,1.5507098456551522e-08,0.25264939955805765,1.0,1.0
335,425.0,6.458180248555279,1.390327053044104e-08,1.7928474568577903,1.0,1.0
336,426.0,5.179839312627378,1.290910082839191e-08,2.264729649351362e-08,1.0,1.0
337,427.0,6.499370086995626,1.501619185132682e-08,1.20830869189394,1.0,1.0
339,429.0,5.343105051913049,1.5101761069541946e-08,2.999999990808813,1.0,1.0
342,432.0,3.1625912191197347,7.103413857796862e-07,0.3808858929097017,1.0,1.0
343,433.0,6.67386011673656,2.0625563513514603e-07,1.8446024497021674,1.0,1.0
344,434.0,4.086442537072863,1.3856962303797005e-08,1.7706375461223238,1.0,1.0
345,435.0,5.521206663271823,1.6133713097671947e-08,1.5737140078182523,1.0,1.0
346,436.0,6.509021956622395,5.544277696868393e-07,0.0365361609318143,1.0,1.0
347,437.0,7.064645602724615,1.6218467235998993e-08,0.9894689862895455,1.0,1.0
348,438.0,6.851597658906467,1.601496538291388e-08,0.7588312027142815,1.0,1.0
349,439.0,6.76433189651197,2.6434337917965693e-07,2.9999971794221274,1.0,1.0
350,440.0,6.498631615729537,0.2351346743752242,2.068400759988637e-08,1.0,1.0
351,441.0,5.722148765866529,1.6274214276128068e-08,1.3019478202322032,1.0,1.0
352,442.0,6.9490080833671035,1.1909196360413097e-07,1.1388857768196394,1.0,1.0
353,443.0,4.216417187888792,1.4550826961033632e-08,2.4494482399392603,1.0,1.0
354,444.0,7.760123872366493,6.444084804625629e-07,3.887580677212342e-06,1.0,1.0
355,445.0,7.242445668354784,1.8364056955996577e-07,0.951711519657478,1.0,1.0
356,446.0,5.939021021086125,1.699550237918441e-08,3.696006125342515e-08,1.0,1.0
357,447.0,4.474836070967684,3.9958552951741127e-07,0.28828702983767907,1.0,1.0
358,448.0,5.653879515420452,1.5780539019370224e-08,2.0642069571900294,1.0,1.0
359,449.0,5.078017651077024,0.17630088215197998,4.7344042729501506e-07,1.0,1.0
360,450.0,6.653426870340443,2.2512678651776975e-06,1.3356495167651807,1.0,1.0
361,451.0,4.922127799115735,1.780638482631277e-07,0.09395138389058803,1.0,1.0
362,453.0,6.754860193373231,1.623372439849996e-08,0.5859481756807491,1.0,1.0
363,454.0,7.013264513308593,1.5508688016959658e-08,0.3067858338649378,1.0,1.0
364,455.0,7.619924608692882,0.2595626135869452,1.0602560895879167,1.0,1.0
365,457.0,6.555011212102699,0.7304325554050087,2.951708528083301,1.0,1.0
366,458.0,6.9820054721898,1.5643961246512886e-07,0.15805530474894625,1.0,1.0
367,459.0,6.532508414571471,3.4849692811705027e-07,1.88430537945526e-07,1.0,1.0
368,460.0,7.359375146346181,5.640964121007839e-07,0.9619045651066003,1.0,1.0
369,462.0,5.761392905778766,2.0278071449341096e-08,0.165231283753929,1.0,1.0
370,463.0,4.090218849813838,1.301915365633083e-08,1.3462203088325448,1.0,1.0
371,464.0,6.582574623804907,1.4312832145692355e-08,0.996940551688205,1.0,1.0
372,465.0,4.292332937658533,1.3458139614180963e-08,2.0563832861195737,1.0,1.0
373,466.0,5.325385925709826,1.6986370766239595e-07,1.088094539757465,1.0,1.0
374,467.0,7.723309954291989,5.678536319275815e-07,0.3646013383543789,1.0,1.0
375,468.0,4.136984206362605,1.7218073558621523e-08,0.17974559579404645,1.0,1.0
376,469.0,6.170378845383721,1.1126708513812997e-07,0.034931121556255856,1.0,1.0
377,470.0,7.555063376103719,2.2841649612840508e-07,1.3660908592843481,1.0,1.0
379,472.0,4.998168088188613,1.4575918447137031e-08,2.9029242863298657,1.0,1.0
380,473.0,5.8138458067048395,1.4373291279991528e-08,1.1648568743208734,1.0,1.0
381,474.0,5.820268062947491,1.536487460447946e-08,0.3889950699797762,1.0,1.0
382,475.0,5.353017809113392,1.538086090624838e-08,2.346680760872243,1.0,1.0
383,476.0,6.169321528706307,1.7059673717913098e-08,0.6668796882344983,1.0,1.0
384,477.0,8.024366433537343,1.6031002842362828e-08,1.6070252557519578,1.0,1.0
385,478.0,6.910029896575239,1.6245154308614072e-08,1.00468013864905,1.0,1.0
386,479.0,3.8080804244170467,1.2995241745610247e-07,2.38842934513061e-07,1.0,1.0
387,480.0,7.997396328267287,1.7696043025160928e-06,0.9420670184425861,1.0,1.0
388,481.0,3.558392392931404,1.3255138790667355e-07,0.01785049043290919,1.0,1.0
389,482.0,4.946252615173777,1.4858586380761083e-07,0.1453414337232955,1.0,1.0
390,483.0,6.7200254741105505,1.589934735696735e-08,0.5421341050580019,1.0,1.0
391,484.0,4.583832898190497,1.4495083669935547e-08,1.0974878728972886,1.0,1.0
392,485.0,5.53786200914652,1.3991062030087077e-07,0.15837760238386558,1.0,1.0
393,486.0,6.776557730521176,1.4929354189993362e-08,1.1019441354270816,1.0,1.0
394,487.0,5.936932286282258,1.0486815333834544e-07,2.158900710013307,1.0,1.0
395,488.0,7.836012619278778,9.595874161677083e-07,3.785443793729199e-07,1.0,1.0
396,489.0,6.011879872555001,1.1875771570999045e-07,0.18102121742755212,1.0,1.0
397,490.0,5.56687126622523,7.023209844003803e-07,0.43666729969824447,1.0,1.0
398,492.0,8.184312264423783,1.5934728405565038e-07,0.9918720181464097,1.0,1.0
399,493.0,3.206874012437711,1.8725457992639417e-08,0.19643670997313517,1.0,1.0
400,495.0,6.4120076282610885,1.727208874440274e-08,0.6831699001822911,1.0,1.0
401,496.0,4.430727176597999,1.375023985916936,1.7672127433703206,1.0,1.0
402,497.0,6.507911643828117,1.7158857475506892e-08,1.6095725499187314,1.0,1.0
403,498.0,5.658305014244583,1.3828014899198574e-08,0.1628950838101732,1.0,1.0
404,499.0,6.836184409710918,1.7714370551235868e-08,0.47227196754252543,1.0,1.0
405,500.0,8.019069753352934,0.19464557503909946,0.8094178190723849,1.0,1.0
407,504.0,6.84550165506063,0.7355617989421035,1.6284063850445225e-07,1.0,1.0
409,506.0,5.183790746352161,0.14554508659323012,9.125218140167765e-07,1.0,1.0
410,507.0,4.8915949542728265,1.2918474926096868e-08,1.7189227025573932,1.0,1.0
411,508.0,6.33795839957075,1.824192406267283e-08,1.038240358576494,1.0,1.0
413,510.0,4.984098281694245,1.473785583383593e-08,0.4927387386485892,1.0,1.0
414,511.0,7.368214754540791,1.4449191281356688e-08,0.7911455506735388,1.0,1.0
415,512.0,6.059808496147485,1.622327267741532e-08,1.2270755541789773,1.0,1.0
416,513.0,7.320090405331592,2.2851108977625766e-08,2.353005933727896,1.0,1.0
417,516.0,6.524295802844758,1.5357170685684342e-08,0.8323878233517268,1.0,1.0
419,518.0,5.9898803758630335,1.4794152073525317e-08,2.7971115179560457,1.0,1.0
421,520.0,5.065882175690639,0.23225335397703306,1.476425155096448e-08,1.0,1.0
422,521.0,5.168474649995623,1.3427023208769199e-08,0.5911521253220934,1.0,1.0
423,522.0,5.442983738025949,1.6255658741805872e-08,0.7891181799673528,1.0,1.0
424,523.0,4.756340783921747,9.952807317559907e-08,0.8736075101933456,1.0,1.0
425,524.0,3.9988193377531642,7.957789156365342e-08,5.639707239683541e-07,1.0,1.0
426,525.0,3.560298175496714,0.9645795427379871,1.2781387219862816,1.0,1.0
427,526.0,4.855734699612865,0.914571618353238,1.4209842869563038e-07,1.0,1.0
429,528.0,4.9075806485701055,1.9303624364128178e-07,2.8226673611893185,1.0,1.0
430,530.0,6.220098423293127,1.1629220051189006e-07,0.49595548807229134,1.0,1.0
431,531.0,7.30226104356273,1.7598536847076846e-08,0.9288082121915993,1.0,1.0
432,533.0,7.663511675967852,1.9554955877673773e-08,2.0067962538124218,1.0,1.0
433,534.0,5.087098776726892,1.2199958198559946e-07,1.7899785842120095,1.0,1.0
434,535.0,6.1550644148301386,1.5774772794331226e-08,1.7035106848913104,1.0,1.0
435,538.0,6.129119822461665,9.228561431543203e-06,1.7669850845954802,1.0,1.0
436,539.0,5.560899924191954,1.3462422808826566e-08,1.9255195475245435,1.0,1.0
437,540.0,7.4573720221535185,3.4789952740747575e-07,0.7142658154081423,1.0,1.0
438,542.0,7.404781428122746,1.856888042459777e-07,9.565667320178295e-07,1.0,1.0
439,543.0,5.026753074027501,1.4701128182404348e-08,2.2647914562110714,1.0,1.0
440,544.0,1.000000003931615,1.4862877073225548e-08,1.3866328703940752e-08,1.0,1.0
441,545.0,1.000000018406856,1.6189484037575532e-08,1.9205116410707403e-08,1.0,1.0
442,546.0,6.577705946618657,1.551714513670234e-07,0.5121567529860723,1.0,1.0
443,547.0,7.550669584026759,1.527351137462708e-08,0.37629438814823374,1.0,1.0
444,548.0,5.3739849140967495,0.01540812930089851,3.403410108180376e-07,1.0,1.0
445,549.0,4.581914603351327,1.6656516583862887e-08,2.1222904582206485,1.0,1.0
446,550.0,6.233501867166763,1.9090272935481565e-08,0.7027866242880638,1.0,1.0
447,551.0,5.8760194115833,1.4876070241751537e-08,1.9200968911800693,1.0,1.0
448,552.0,4.346785322302135,1.1149888358410531e-07,8.075107082441384e-07,1.0,1.0
449,553.0,4.751763599774194,1.409536982699901e-08,1.4910553393204553,1.0,1.0
451,555.0,5.16349750286358,1.5665308092665713e-08,0.4700114716331696,1.0,1.0
452,556.0,5.754925694346367,3.056620142561741e-07,0.794115756092343,1.0,1.0
453,557.0,4.76190511890074,9.996366422303772e-08,0.3112841693488966,1.0,1.0
454,558.0,6.996012907534904,1.742107590851593e-08,4.456364581612609e-08,1.0,1.0
455,559.0,5.354410222045714,0.4721920566867509,4.5435628615681314e-07,1.0,1.0
456,560.0,5.285086025709359,1.8157984818199182e-07,0.45991904474390793,1.0,1.0
457,561.0,6.155932822377274,1.3548806454681225e-08,2.9999999910319057,1.0,1.0
459,565.0,6.969216707136771,1.5807555791409315e-08,0.5189592149712815,1.0,1.0
460,566.0,3.049820122989944,1.3772047837960163e-08,0.6101163649312085,1.0,1.0
461,569.0,5.822873686408523,1.5573754644163774e-08,1.0720708295324852,1.0,1.0
462,570.0,5.8154629408619805,1.5569418153290285e-08,1.675137537172669,1.0,1.0
463,571.0,1.0000000056009368,2.245583748895202e-08,1.4184199988045095e-08,1.0,1.0
464,573.0,4.899831636604786,1.4982334488644664e-08,0.16229926712238882,1.0,1.0
465,574.0,7.743770413001969,1.6627404321325095e-08,2.7276573020841393,1.0,1.0
466,575.0,6.240411133807994,1.4798106613775822e-07,1.9281153003771099,1.0,1.0
467,576.0,6.260896775349947,1.781530439658855e-08,1.0270627024708168,1.0,1.0
468,577.0,6.0925844281774495,1.6534213893343785e-08,2.254260618946675,1.0,1.0
469,578.0,6.372109157496072,1.605698498977548e-08,1.372519614529255,1.0,1.0
470,579.0,6.408556852573279,2.198743496528839e-08,0.5853276927402163,1.0,1.0
471,580.0,6.602143786970503,1.5657254014892706e-08,1.453779865687675,1.0,1.0
472,581.0,5.5792292249489455,1.1790973844912962e-07,1.103335760649122,1.0,1.0
473,582.0,5.296940641059894,1.5463251855340975e-08,0.9345405366001527,1.0,1.0
474,583.0,4.863542228079372,1.3479312845466611e-08,1.1257010071393951,1.0,1.0
475,584.0,6.2546973305807585,9.463469229359245e-08,0.6139538737398802,1.0,1.0
476,585.0,3.0867433813367176,0.1739544939499288,1.565181281699252e-08,1.0,1.0
477,586.0,8.39228379676619,3.341793398242233e-07,1.1652921190743755,1.0,1.0
478,587.0,6.774275419632063,2.3246990072628202e-07,0.650652585533831,1.0,1.0
479,589.0,7.531997645078114,3.974595470456065e-07,0.20450148119629316,1.0,1.0
480,590.0,1.07311798258519,1.3037470274188406e-07,3.415169174034029e-07,1.0,1.0
481,591.0,4.408576187681034,1.6708436624155418e-07,3.3655393130327374e-07,1.0,1.0
482,592.0,7.035769754134685,1.5191768552149094e-08,0.16666491632885388,1.0,1.0
483,593.0,6.326098921943157,1.4548195796193673e-07,0.66154959252025,1.0,1.0
484,594.0,7.625046351125352,1.7606711277710152e-08,0.3003625886670524,1.0,1.0
487,598.0,6.657653205170792,4.631335789703573e-07,2.295469933246428,1.0,1.0
488,599.0,4.508301975759219,1.401790720706895e-08,0.8715183973110814,1.0,1.0
489,602.0,5.642728903014661,1.6414140395477988e-08,0.846115812477479,1.0,1.0
492,605.0,7.083016598710954,1.6269746921003733e-07,8.037570627054362e-07,1.0,1.0
493,606.0,8.409442775572,0.2509342152672347,1.357135735380345e-07,1.0,1.0
494,607.0,7.142215100434542,0.4474361149670484,1.2259781946151224e-06,1.0,1.0
495,610.0,5.134644998694674,0.19923096390450526,2.0649813238688733e-07,1.0,1.0
496,611.0,5.687498025133429,4.3642272393628334e-07,0.9500205680685658,1.0,1.0
497,612.0,5.158241619672448,1.27015827385366e-08,2.999999993535206,1.0,1.0
498,614.0,3.9023778234570172,1.6770878671560767e-08,0.08418121121138968,1.0,1.0
499,615.0,4.015471233493818,1.3507133976108218e-08,1.5658910930580672,1.0,1.0
500,616.0,6.2093616205139295,1.5455335006276067e-08,0.24734605201173532,1.0,1.0
501,617.0,6.325921070064759,1.1264057641179799e-07,0.9083100792023987,1.0,1.0
503,619.0,6.866981663821994,2.1624658929891862e-07,1.2256585751654963,1.0,1.0
504,620.0,6.757520638376645,1.5069882717334082e-08,0.6083060588477593,1.0,1.0
505,621.0,6.8411731340902024,3.283861571565986e-07,0.24284489971297785,1.0,1.0
506,622.0,6.62517634335944,1.1366153093956704e-07,0.5936562498958409,1.0,1.0
507,623.0,5.133984946158467,1.4462236206886786e-08,1.6283083044022493,1.0,1.0
508,624.0,6.025573348501508,1.4021554144288377e-07,2.500659487205606e-06,1.0,1.0
509,625.0,6.1143944445234375,1.6417477858951366e-08,0.4558045114884203,1.0,1.0
510,626.0,6.011738233605363,1.750643013523752e-08,1.3744321945890416,1.0,1.0
512,629.0,6.866667528159989,2.5045823428998065e-08,1.0200136601768444,1.0,1.0
513,630.0,5.719787845778227,1.3484053090198053e-07,0.5201825895656204,1.0,1.0
514,631.0,6.724858118722129,1.7030078961926567e-08,2.764066758931801,1.0,1.0
515,632.0,6.055778882212798,1.1142316322976828e-06,1.1037935749654095,1.0,1.0
516,633.0,4.1436008237011634,1.3574363773609411e-08,1.302193004576021,1.0,1.0
517,634.0,4.9641702649232995,0.10518289503376352,3.2727664414256865e-06,1.0,1.0
518,635.0,5.589902800342354,1.898089121679083e-08,2.0547582722806697,1.0,1.0
519,636.0,8.04948071281379,0.5447103429451928,1.7345281049439977e-08,1.0,1.0
520,637.0,8.728567014932278,9.108090142247829e-07,0.36139183471917863,1.0,1.0
521,638.0,5.30019346524467,1.7260473803332118e-08,1.0852565228566575,1.0,1.0
522,639.0,4.357536521134113,2.1689655154568046e-07,0.0887306283409423,1.0,1.0
523,640.0,4.502450421893882,0.2177959761611775,1.738253460627783e-08,1.0,1.0
524,641.0,6.527498612438134,0.0184589856152141,1.5333828235737038e-07,1.0,1.0
526,643.0,6.761885663173777,1.6426818742130433e-07,0.7749453426566775,1.0,1.0
527,644.0,5.052207713025102,1.31566176580756e-07,0.06846936145883116,1.0,1.0
528,645.0,4.402594022893709,0.2754742288526413,1.2647195957213196e-07,1.0,1.0
529,647.0,6.975723171636805,2.3514007764168158e-07,0.9135527329602802,1.0,1.0
530,648.0,6.54915159459123,1.773753698239404e-08,1.266281643437884,1.0,1.0
531,649.0,8.16712293665077,5.208108883359242e-08,0.030495045449413213,1.0,1.0
532,651.0,4.276789200257805,1.4609191236131056e-08,2.7512388309940254,1.0,1.0
534,654.0,5.072082127528651,1.5665680843912372e-08,2.74884572900945,1.0,1.0
535,655.0,6.357150680956359,1.7438686797455032e-07,0.07552701223058986,1.0,1.0
536,656.0,7.807806647212463,0.1394764847668205,1.5015312068851446e-07,1.0,1.0
537,657.0,7.618721596274952,3.026085545423433e-07,0.982279586958663,1.0,1.0
538,658.0,4.856426672156958,1.6919295783424918e-07,1.023833351506104,1.0,1.0
539,659.0,6.12214714332516,2.244219634453105e-08,1.7622044271594521,1.0,1.0
541,661.0,4.304384992013257,1.1223228366471345e-06,0.7918075930787323,1.0,1.0
542,662.0,5.4823520425078165,2.0752311794483209e-07,0.33092639618127817,1.0,1.0
543,663.0,4.588528625749716,0.3412186357336072,3.134512309499068e-07,1.0,1.0
544,664.0,6.2110600271225955,1.529511581202513e-08,0.9481137357567203,1.0,1.0
545,665.0,6.869731874091989,0.9342241600691064,0.7854266428058858,1.0,1.0
548,668.0,3.884183836128055,5.384728168334145e-07,1.8051349024255956e-07,1.0,1.0
549,669.0,5.30010911029618,1.5249618264471924e-08,2.295588127055945,1.0,1.0
550,670.0,1.0000000016549921,1.1515651166936972e-08,1.1944345705878664e-08,1.0,1.0
552,673.0,8.00438362828144,3.39894327979051e-07,0.3201278900604704,1.0,1.0
553,674.0,3.003621439444702,2.999999989226472,2.3479537548735987,1.0,1.0
554,675.0,3.2627750386828036,1.7551551972708628e-08,1.3500608815730675,1.0,1.0
555,676.0,6.789163179339876,1.8748989254748446e-07,1.354234286635837,1.0,1.0
556,677.0,4.67150673002763,1.3011522215792282e-08,1.4538692589682116,1.0,1.0
558,681.0,7.10879066760397,6.129515926257832e-08,1.8850920925643133,1.0,1.0
559,682.0,6.88169361335823,3.317269260601303e-07,1.0765403164999248,1.0,1.0
560,683.0,6.719996217482129,2.7048426178250425e-07,0.7968130202657178,1.0,1.0
562,685.0,4.6028780552022095,1.3144142705728342e-08,0.2644109462121432,1.0,1.0
564,687.0,7.041718810326304,1.6556491370321214e-08,1.0024646593872797,1.0,1.0
566,689.0,5.008039063658151,2.902675834364738e-07,3.5423262780950046e-07,1.0,1.0
567,690.0,6.24464056953983,1.768045500094692e-07,0.213850539867359,1.0,1.0
568,691.0,8.748838603904833,5.331847302446785e-08,0.06826177231169267,1.0,1.0
570,693.0,4.8760557670399365,1.1448866508311092e-08,2.999999997766317,1.0,1.0
572,695.0,4.583399075394603,1.3492369815881366e-08,1.0080967263487037,1.0,1.0
574,698.0,4.686160029934529,1.3052107775289122e-08,2.999999995314888,1.0,1.0
576,700.0,3.239260992955535,1.4247897893037408e-08,1.555749071663793,1.0,1.0
578,702.0,5.215253701845292,1.5098692112667976e-07,0.6091821101669235,1.0,1.0
579,703.0,6.916071262114209,0.15545911357379405,0.1923264194646418,1.0,1.0
581,706.0,5.5420251098613935,1.1832696615898065e-07,0.8269829010835592,1.0,1.0
582,707.0,3.666452418128866,1.4188154288924614e-06,0.07575353294503476,1.0,1.0
583,708.0,4.849958507145738,1.384606468033741e-08,0.2017035042099125,1.0,1.0
584,709.0,6.315347393338052,1.0492686992481865e-07,1.2118279571430937,1.0,1.0
585,710.0,4.534665737000355,1.6796786448687794e-08,2.881542248352866,1.0,1.0
586,711.0,7.525100501554127,1.986167135981247e-08,0.7777051055432322,1.0,1.0
587,712.0,8.762872120563758,6.846768899052943e-07,4.765688057524558e-07,1.0,1.0
588,713.0,1.0000000118089514,1.4843883601503798e-08,1.9941482028629113e-08,1.0,1.0
589,715.0,5.260835490267086,5.094624994112402e-07,0.431337100738475,1.0,1.0
590,716.0,5.52328068041988,1.4146552734071989e-08,2.3007224620850386,1.0,1.0
591,717.0,7.458404892332489,4.255047676047048e-08,1.1090655233323807,1.0,1.0
592,718.0,5.738876873634012,7.178035410872214e-08,0.09213548274411804,1.0,1.0
593,719.0,5.055995334025552,2.410915217803196e-07,0.20617613294857387,1.0,1.0
595,721.0,6.879183993453152,2.1331665640184207e-08,0.40531428313558543,1.0,1.0
596,723.0,6.205004351466078,1.6499582265910487e-08,0.0855771713926889,1.0,1.0
597,724.0,6.475920328805582,1.56154830581143e-08,0.5249960125794771,1.0,1.0
598,726.0,5.33999543751807,1.3801028824739207e-08,0.7184660263064707,1.0,1.0
599,727.0,7.1959175545028815,2.2622721397621072e-07,1.5193062008768758,1.0,1.0
600,728.0,6.20971745836374,1.5865338633605674e-08,0.509993558488164,1.0,1.0
601,729.0,5.664593285187681,8.159315251861665e-07,0.08163185565791223,1.0,1.0
602,730.0,8.244616506028358,1.9463702299947478e-08,1.6290150029910728,1.0,1.0
603,731.0,5.2971829281871585,1.6054469368380614e-08,2.177640001280324,1.0,1.0
604,732.0,7.854393472271835,1.601061157281665e-07,0.2633975667158108,1.0,1.0
605,733.0,6.376159115328855,1.2735514438279072,1.1373189352974413,1.0,1.0
606,734.0,8.808178545052254,1.5897515646296888e-07,0.052206281502740134,1.0,1.0
607,735.0,6.437231049122982,3.552938481725797e-07,0.5436317353990374,1.0,1.0
608,736.0,7.253898186337638,1.1508337514102016e-07,0.278302831929284,1.0,1.0
609,737.0,6.647691178462301,1.6791341434675174e-08,0.15531096633772062,1.0,1.0
611,739.0,6.483822242660963,9.606694272224489e-08,1.7232080487986767,1.0,1.0
612,741.0,7.296888629115108,1.0940170322310212e-06,0.766581294939489,1.0,1.0
613,742.0,3.911162263612323,0.11249313941957449,1.4300214024870746e-07,1.0,1.0
614,743.0,7.2489166057416305,5.6310020106052203e-08,0.3873516958859258,1.0,1.0
615,744.0,5.404011604549292,1.3621501055729483e-07,0.5776094767862097,1.0,1.0
616,745.0,5.943048625203492,1.4720492323061286e-08,0.32340533206355143,1.0,1.0
617,746.0,5.433436142056039,9.93304013668786e-08,0.35468070063213475,1.0,1.0
618,747.0,5.313237048108341,3.725692347774265e-07,0.23902166100814293,1.0,1.0
619,748.0,6.130499477540709,1.0952823935650576e-07,0.031259516624590984,1.0,1.0
620,749.0,3.4982179136003455,0.006696821446252658,9.12071237430319e-08,1.0,1.0
621,750.0,7.987541219641067,0.28893222565468263,2.758391709804968e-07,1.0,1.0
622,751.0,5.594149210453264,1.352592300687257e-08,1.499373624833562,1.0,1.0
623,752.0,5.330803510354612,1.627194664177721e-08,2.040249379290007,1.0,1.0
624,753.0,5.699514391379822,1.2899538266735549e-08,0.4149885749921893,1.0,1.0
625,754.0,6.9157327878264026,1.5823424766067214e-08,0.5005421709928468,1.0,1.0
626,755.0,5.057143160582559,1.588706425523998e-07,0.7787767165906917,1.0,1.0
628,757.0,7.183407834613156,1.5932707518329984e-08,0.4929589077078573,1.0,1.0
629,758.0,7.20407900175714,2.1467977937807838e-07,0.5562068378080351,1.0,1.0
630,760.0,6.656198242403722,1.131101908084267e-06,0.05922528527213593,1.0,1.0
632,763.0,6.080495644944346,2.2508675009989482e-08,0.3550237360482118,1.0,1.0
633,764.0,5.5462448182465485,1.8100646282902374e-08,0.624327691501154,1.0,1.0
636,767.0,2.4616833809876395,1.502482150330444e-08,0.87965265752933,1.0,1.0
637,768.0,7.676357205043557,3.0128905408409796e-07,0.4846125602880111,1.0,1.0
638,769.0,6.204042771598128,1.5428884858943364e-08,1.8723079010098387,1.0,1.0
639,770.0,5.4061891198606915,3.1242385686806196e-06,0.8158643347520614,1.0,1.0
642,773.0,5.0104775565985475,1.8490139858699652e-07,0.13834732189713886,1.0,1.0
643,777.0,6.909129574988611,1.658970921096539e-07,1.3131092662373742,1.0,1.0
644,778.0,3.7583833577445573,0.20121469871390146,0.7373706074276863,1.0,1.0
645,779.0,6.418652321457586,1.5111071957657434e-08,0.49113970176055793,1.0,1.0
647,781.0,6.709374323863634,1.4745510673272835e-08,0.2745593251497295,1.0,1.0
648,782.0,6.018775592967804,1.6514744871763014e-08,0.9871960447184908,1.0,1.0
649,783.0,6.015010110111454,1.5884376071662414e-07,0.3631415621787049,1.0,1.0
650,784.0,7.787813885961518,2.0395188534974007e-07,1.7957429521066122,1.0,1.0
651,785.0,6.478506685434274,1.4618242420869797e-08,0.6134616487692487,1.0,1.0
652,788.0,4.432367980150341,1.3768649330969038e-08,1.6691521568316745,1.0,1.0
653,789.0,4.5092071307785355,1.4188412875398023e-08,0.5819746875818483,1.0,1.0
654,790.0,6.300873802057854,1.9660032149293059e-07,0.1888517867613629,1.0,1.0
656,792.0,6.449532168651116,1.932382083748924e-07,0.6027135843345967,1.0,1.0
