,ID,Q_0,gamma_short,gamma_long,epsilon_short,epsilon_long,beta_long,beta_short
0,1.0,5.6317929951178956,2.981559699622038e-08,2.9999996068389425,1.1672634255297607e-08,0.12956361735919525,1.0,1.0
1,3.0,5.0514846531269555,1.208035352615655e-07,1.1118566721264296,1.6361413672955334e-08,2.4532779646677522e-08,1.0,1.0
2,4.0,4.213731259067861,0.2796094135759524,1.6036700078852433e-07,4.218397988600997e-08,0.08939797303657508,1.0,1.0
3,6.0,6.436213767836787,1.1056705352551264e-07,0.30270230100571405,0.2533012246361239,0.4999999881835646,1.0,1.0
4,8.0,5.9718913289746,0.7657477440237438,1.9693173071614e-07,0.09007681401380295,0.031834360017277144,1.0,1.0
5,9.0,6.272216458567609,1.012746014984265e-07,2.0241827023031838,0.010371114142924185,0.1279439208875159,1.0,1.0
6,10.0,4.486182151307984,2.6506289746209903e-08,1.1141599007020981e-07,0.07702386523545067,1.2629830119130466e-08,1.0,1.0
7,11.0,5.382899085970874,1.5309947511765834e-08,0.15061154107357777,1.0553260965438378e-08,0.025153406455882772,1.0,1.0
8,12.0,6.047684544933112,2.777590957964147e-08,0.9522881574560694,0.032460351044533944,0.08523061091518828,1.0,1.0
9,13.0,7.197286421392002,3.48617825354794e-08,2.519197644738397,0.1062215722175358,0.09407628686110324,1.0,1.0
10,14.0,5.647477391620498,1.7399224957224124e-07,0.9240167434063771,0.16005117175506067,0.2491439396520779,1.0,1.0
11,15.0,7.639222451124647,5.348792423229455e-08,1.8490821449914898,0.014607932440455985,0.15849344369525178,1.0,1.0
12,16.0,6.47355708489018,1.8847273106007743e-07,1.0447585703387858,0.1025831914456501,0.2903570813338473,1.0,1.0
13,17.0,6.004625002547127,2.882835588044298e-07,0.1538306946222458,0.09523842350440473,0.04371690116267744,1.0,1.0
15,21.0,5.541716758706737,1.445576345007807e-07,1.390004908327876,1.700837604513669e-08,2.5405529737338486e-08,1.0,1.0
16,23.0,7.1714394904242615,2.6116714004119963e-07,0.7405691313640245,2.127983736346647e-08,0.01482725396383974,1.0,1.0
17,31.0,4.408488028164267,1.3536594557819192e-08,1.0423629325694572,1.0293802981350286e-08,1.0534887264867548e-08,1.0,1.0
18,35.0,2.6707074935036896,7.477786697284504e-08,2.8196209467840054e-07,1.994648002323334e-08,0.005065831910767951,1.0,1.0
19,38.0,4.644415716664797,1.4384940841455791e-08,1.4039680099445413,1.0415311111811314e-08,0.03420279847171219,1.0,1.0
20,39.0,3.9274065261388897,2.4594417700139377e-08,0.25795336565802923,1.3259941523958471e-08,5.7123079692363054e-08,1.0,1.0
21,40.0,5.42577058807784,3.997110387008376e-08,0.879858407868895,2.2440279808969157e-08,2.4958480179071714e-08,1.0,1.0
22,41.0,6.701207773938088,3.195046454046394e-08,0.3818349747226988,1.0245053491176692e-08,1.0342814456700606e-08,1.0,1.0
24,44.0,7.472566971700154,1.6998406685261772e-08,0.7412119978110666,1.0402233287857564e-08,1.0400506276866069e-08,1.0,1.0
25,46.0,6.667049639812509,3.983520763697018e-07,1.040494762832431,3.3986877541927937e-08,0.12400071251899197,1.0,1.0
26,49.0,3.1283268839155154,6.852655241297855e-07,4.785530500864242e-07,0.06371751855431285,3.470258370873838e-05,1.0,1.0
27,50.0,7.110594450025024,1.906823070066982e-07,0.3830901467650794,0.06926219420370364,0.12928486373182568,1.0,1.0
28,53.0,6.699570625971488,4.172896587507216e-08,0.663244758562636,0.010370747198871783,1.2524802640549123e-08,1.0,1.0
31,63.0,6.561835565510744,2.441367670806031e-07,1.5654979864047776,2.032435093911463e-08,7.531251530199094e-08,1.0,1.0
32,64.0,3.6222251807122574,0.41093367563749006,2.7140679913835317e-08,0.023231382901990442,0.011348294434728599,1.0,1.0
33,65.0,7.358994195441911,5.638813700050254e-08,1.384777301348935,1.447796356671506e-08,0.08824476452499658,1.0,1.0
34,66.0,7.577473164966199,3.2504396691671527e-07,1.496097305603247e-07,0.0017611695250547201,0.06096596883889057,1.0,1.0
35,67.0,5.788131610416449,2.0978767415005798e-08,0.8324015473119332,1.0889526830958847e-08,0.08533784301025131,1.0,1.0
36,68.0,7.2545389662281785,1.6785571755596352e-07,0.5730272767881148,0.02637787746251986,0.010309361547954449,1.0,1.0
37,69.0,1.3130811133440288,3.6472349225597544e-08,1.5350140435770225e-07,0.29098996584927944,0.3300395644732284,1.0,1.0
38,71.0,5.185414457602463,1.706390249648745e-08,2.6573639976059065,1.033109760176607e-08,0.033507677761041084,1.0,1.0
39,72.0,5.72463322749458,2.3825347012409874e-07,1.0663832818365924,0.29395211760455886,0.2853933383955876,1.0,1.0
40,73.0,7.675777270004603,4.134466271923422e-07,0.8732175033901791,0.0996221144132474,0.15153875057624164,1.0,1.0
41,74.0,7.0296479956350515,2.0398503130972656e-07,1.5512592563515242,0.06624163032703928,0.025008181135131306,1.0,1.0
42,75.0,5.159329606479872,1.4011818536541938e-08,0.4066269783828586,1.0467433336686212e-08,1.071479680923151e-08,1.0,1.0
44,77.0,1.0000000934692668,9.58275720205263e-08,7.500278922696817e-08,0.24718520257465554,0.09109510651753737,1.0,1.0
45,78.0,3.8267877716019143,1.3840322755393168e-08,0.42691752488202117,1.052787680601218e-08,1.2001668696212554e-08,1.0,1.0
46,79.0,7.257462820482914,3.648793242763424e-08,1.4317655255087236,0.021375506269776037,0.014592850854469467,1.0,1.0
47,80.0,5.734696552331932,1.3415687702103636e-07,1.1023140239308615,1.9338896920192763e-08,0.017530787111991145,1.0,1.0
48,81.0,7.978485631497141,1.133641312778738e-07,0.4355653592354922,0.020178646218295772,0.01023125371530729,1.0,1.0
49,83.0,6.364113700584399,1.561265304094629e-07,0.25751728029036663,2.351963982571043e-08,0.0064252430031775925,1.0,1.0
50,84.0,7.174949257019413,4.2435466696872156e-07,1.9567404654913614,0.01921816389551905,0.11652509921628404,1.0,1.0
51,85.0,4.28412547561296,1.3721313815888755e-07,1.361658488538807,0.15164826179497917,0.19469645729985569,1.0,1.0
52,86.0,5.896557716510654,0.06248040727656816,1.215132576364143e-07,0.012395924586035518,0.025998603249545765,1.0,1.0
53,87.0,5.840470709255946,1.8461704048324638e-07,2.999999633871402,0.43812203111309383,0.45134133383370206,1.0,1.0
54,89.0,6.639545586013328,1.693199038375643e-08,1.681869024986025,1.0729035050842277e-08,0.0868679573615057,1.0,1.0
55,90.0,4.776648674532069,1.1481774645130742e-07,2.5046003615640253,1.5416121719294042e-08,1.965863992847819e-08,1.0,1.0
56,91.0,7.598155966696089,3.385010246847132e-08,0.012688709467460781,0.032966262262713,0.14156228617924566,1.0,1.0
57,93.0,3.6914117893724083,2.1412490251917165e-08,0.15504595225292508,0.007969754387706281,0.07443908325996926,1.0,1.0
58,94.0,6.620889475926862,0.20257363313896679,2.1345622198386515e-07,0.0895224080916803,0.24664814306420696,1.0,1.0
59,95.0,6.4525651330592835,3.585353098245104e-07,2.426041822375513,0.029893495872651655,0.3620124725101979,1.0,1.0
60,97.0,5.4116324671272675,9.641354158850459e-08,0.8649765037684987,2.2164777196221927e-08,1.5287665486936458e-08,1.0,1.0
62,100.0,8.02654332423428,2.8874932146571874e-07,1.2655692477944573,0.40515917294070863,0.28728136885484734,1.0,1.0
63,101.0,4.959669417875001,1.1952323222316e-07,0.7614505400165681,0.17731946368060694,0.009950779928979452,1.0,1.0
64,103.0,7.301194259329407,1.1672061882266825e-07,2.852108927227268,2.2440672690748685e-08,0.06819891864607204,1.0,1.0
65,105.0,5.821843342080741,2.0457025222899176e-08,2.3945240484493766,1.0233955641424216e-08,1.026301517688173e-08,1.0,1.0
66,106.0,5.583740545746074,0.04265563542685327,4.089382414876309e-08,0.014116532952788082,0.005000846718085231,1.0,1.0
67,107.0,4.006657374960704,0.23709316258355478,1.3966110409200493e-07,0.10365339405147879,0.07848624576030842,1.0,1.0
68,108.0,6.05705163594269,1.4754156687102682e-08,1.8871484899463118,1.0355988207251942e-08,0.03341308474899062,1.0,1.0
69,109.0,4.832341227276839,1.542963536443754e-08,0.29181245695051006,1.0635004940684659e-08,1.0573485437164137e-08,1.0,1.0
70,110.0,5.332612924721303,1.500303408253866e-08,1.322218905427758,1.040727200351601e-08,0.0345412565850689,1.0,1.0
71,111.0,5.9967826898728385,1.5562779421960882e-08,1.3155880092745769,1.0307804447071758e-08,0.04733076511614745,1.0,1.0
72,112.0,5.174912712206038,1.4250510231814768e-08,0.5932265425599309,1.0402377883549015e-08,1.034060885103236e-08,1.0,1.0
74,114.0,4.397028093248138,1.9764729659668268e-08,1.3635251404456852,1.0309772318636653e-08,1.0759549916439373e-08,1.0,1.0
75,115.0,6.4078851345264125,2.7704978546037217e-08,2.103546294601661,0.011210556912024659,0.07061315425526722,1.0,1.0
76,116.0,6.752192876698078,6.913702921201861e-08,0.729007634668138,1.2955450055477512e-08,2.471518457992873e-08,1.0,1.0
77,117.0,5.072064277448892,2.3151111645898956e-07,0.48713243261486877,0.14889417557300447,0.12088554525939937,1.0,1.0
78,118.0,4.959481441549176,9.050016194528689e-08,1.6115169410193377e-08,0.017535629342937988,1.1266565453562537e-08,1.0,1.0
79,119.0,6.561355565270937,1.4563543127860716e-08,1.7022652240736578,1.05487225694322e-08,0.009882512958520313,1.0,1.0
80,120.0,7.522858121331025,8.2644878583229e-08,0.6029294575911703,3.119887236822253e-08,1.2891822701543283e-08,1.0,1.0
81,121.0,5.24283554956158,1.3454446087883995e-07,0.34358896454359306,1.625476378036147e-08,1.6416927725918413e-08,1.0,1.0
82,122.0,5.916105353002666,3.113349282204549e-08,0.03593168764909274,0.08426736388717204,2.1388564500132616e-08,1.0,1.0
83,123.0,6.149529409433293,1.4708768128639564e-08,0.4940953577254787,1.225990571590476e-08,1.0624350916395908e-08,1.0,1.0
84,125.0,5.160892218491086,1.8703230767581022e-07,0.641404872076511,9.452759661289989e-08,0.07844117801544262,1.0,1.0
85,127.0,6.4569401221442115,4.3399769631806263e-08,0.2536108344666897,1.3744208232534318e-08,0.006714664029761375,1.0,1.0
86,128.0,5.082818816840213,2.854638907794152e-08,0.079511975189964,0.08768131188770131,1.5193202515999578e-08,1.0,1.0
87,129.0,4.976398939153531,0.37460953950183445,5.723098493023115e-07,0.35121121826515267,0.44749902572332145,1.0,1.0
88,130.0,9.199564453371607,2.688030473434285e-07,1.0238828914306648,0.017216585542632026,0.025755566270129503,1.0,1.0
90,132.0,5.806944455992227,1.3511842815485485e-07,0.31420585704117926,1.6776180168492874e-08,1.772930365865635e-08,1.0,1.0
91,133.0,5.388961926131609,2.2912340134828907e-08,2.76155051683667,1.3377379872607404e-08,0.03995149678007598,1.0,1.0
92,134.0,6.271951540212292,1.920908213123926e-08,1.8202257252523788,1.0365174338599716e-08,0.06546697651501311,1.0,1.0
93,135.0,4.519692864096033,0.6555402839422728,8.473217140294659e-08,5.2937323874549805e-08,0.1968820682402245,1.0,1.0
94,136.0,7.580704755751352,3.248693841796501e-07,0.9851465517571074,0.05405495969009642,0.11451989811569636,1.0,1.0
95,137.0,7.622485636414573,1.6405908857857398e-08,2.2316951920466906e-07,1.1453542340826478e-08,0.09102850151613402,1.0,1.0
96,138.0,4.615313968747582,1.6063005471184624e-08,2.6863700635156826,1.0250669513049495e-08,0.0777761074744091,1.0,1.0
97,139.0,7.229592820387071,4.0297071141253834e-08,1.1879982210837872,1.0538448200695194e-08,0.026953855010174426,1.0,1.0
98,141.0,4.0311825435081525,2.3436941159751543e-08,2.9999999695584747,0.011897548393786716,0.059083586453998235,1.0,1.0
99,142.0,6.618348025084401,9.566251278745615e-08,0.9554521544385778,2.5382450151812815e-08,1.65576326182844e-08,1.0,1.0
100,143.0,5.937448964941579,1.585232578438405e-08,1.8809516199481149,1.0303947667077254e-08,1.0247469826066344e-08,1.0,1.0
101,144.0,6.157935403488375,0.13632229972831247,3.57922044306104e-08,1.7783122088907318e-08,0.04021831541303899,1.0,1.0
103,147.0,4.8280619710265595,0.03613970120779663,1.0225826268887461e-07,0.0006992470406271951,0.17835695721217223,1.0,1.0
104,148.0,6.567387975332677,2.166883953982365e-07,1.0148374898355834,0.008493121879141934,0.31242525761655754,1.0,1.0
105,149.0,4.054271343008967,1.7002274696836594e-07,2.2988807958044696e-06,0.17372121116585518,0.2614623213265186,1.0,1.0
106,150.0,4.647153058524319,5.3358005559372385e-08,2.99999989550143,0.20590506042735204,0.3039657405215974,1.0,1.0
107,152.0,3.7803991755500856,1.4524216392872197e-08,0.5798565011030437,1.0822672927636399e-08,0.10498080933659748,1.0,1.0
108,153.0,3.8972864622882386,1.4846731453675223e-07,4.1237492923616514e-07,1.746092370019424e-08,1.5843423228618207e-08,1.0,1.0
109,154.0,6.765621938042671,3.109232256005815e-08,0.10902112673323555,1.2165424793720733e-08,2.3326077335772123e-08,1.0,1.0
110,155.0,6.956539208737702,1.589373006610977e-07,0.7153556893917564,0.0752811593109281,0.07671548531586626,1.0,1.0
111,156.0,6.847252665163906,3.980755986584738e-08,0.010480037998556955,0.05913858427547932,0.023457901532997167,1.0,1.0
112,157.0,5.353786597096399,3.1243278431996656e-08,1.9122473857410234,0.0012252067545850782,0.09838173555882367,1.0,1.0
113,158.0,5.882280781327077,1.9580510014417467e-06,1.201152609472679,0.00047671446693530297,0.027479516342231298,1.0,1.0
114,159.0,5.47089248557054,2.826326845418878e-08,0.03953521680683085,1.2977285957306098e-08,0.07341050151001864,1.0,1.0
115,160.0,5.606439791926708,4.6126616069912257e-08,0.8226213693371571,1.1059694932874743e-08,0.007637920258906048,1.0,1.0
116,161.0,8.194093578452526,9.128126657984382e-07,0.3126609231118322,0.24071333612528104,0.1398826314318046,1.0,1.0
117,162.0,5.694417831008504,2.1668524072005878e-08,2.915422647726194,0.08351800031904039,0.01492882057308603,1.0,1.0
121,166.0,5.882315452157249,1.2787533320576054e-07,0.25424242676366804,0.003821886782471258,0.018055304129980215,1.0,1.0
122,167.0,6.880563005885959,3.0728680317478815e-08,2.0446188335666386,2.0138757611227952e-08,0.04656496141628343,1.0,1.0
123,168.0,5.038299828365856,2.8163837721063942e-08,1.1469675621031514,3.3322006110506394e-08,0.007852635471389336,1.0,1.0
126,172.0,5.994981359252131,9.75452411920389e-08,0.625419410039878,1.5961892281915302e-08,1.4722192732255244e-08,1.0,1.0
128,176.0,6.061004008833417,1.610465713585074e-08,0.7190626122848781,1.0364039040524374e-08,1.0465775206584183e-08,1.0,1.0
130,178.0,7.190126255098268,1.0971966435760624e-07,0.6218157009913852,0.08232611425063834,0.059493144655959694,1.0,1.0
131,179.0,5.0046355378530745,1.014225814308057e-07,0.5002048585895057,1.6865307071902815e-08,2.2556767685457518e-08,1.0,1.0
132,180.0,5.068608621806891,1.5988761839661325e-07,0.5093047641628955,3.015665460120331e-08,0.08591151315748734,1.0,1.0
133,184.0,5.251234222441174,1.1603778733578106e-07,2.04932869195613,1.4854283259926358e-08,1.5436456726795237e-08,1.0,1.0
134,185.0,5.4410012742052585,1.3908054385412125e-07,1.2877274911826482,1.3232587211864203e-08,1.2262283766545549e-08,1.0,1.0
135,186.0,5.6254702066836275,2.3066569839416866e-07,1.1847797307755477,1.7544886407723276e-08,2.4962938095516388e-08,1.0,1.0
136,187.0,4.30014420680494,2.1237466075496027e-08,2.999999875964294,0.0023261652688234954,0.005497604056379809,1.0,1.0
138,189.0,8.497276893915835,1.3339541074834523e-07,0.4050045199034554,0.017087481423929445,0.07352541320251747,1.0,1.0
139,190.0,4.609525227447067,9.494093391460489e-08,1.7627669248882496,1.818080260711738e-08,3.605383760246843e-08,1.0,1.0
140,191.0,7.937402812705359,3.50451261217652e-08,1.5641698886379969,0.013947886718842816,0.06544216187219562,1.0,1.0
141,192.0,3.4411733870527037,5.2195513743321274e-08,2.5778070903487614e-08,0.07954287261739997,1.4246012348975208e-07,1.0,1.0
142,193.0,3.9811858379380842,1.515391736301174e-08,1.9066265902595951,1.0420458047397605e-08,1.1118501830202335e-08,1.0,1.0
143,194.0,5.08829044113515,1.078461583578954e-06,1.5726061105902085e-07,0.31796766761378736,0.10690649359514603,1.0,1.0
144,195.0,5.867692469471392,2.9140201874104275e-07,6.461866221913467e-07,1.8408632316929505e-08,1.5810320176983987e-08,1.0,1.0
145,196.0,6.309257267524637,2.3048144686550926e-07,4.582227701964164e-08,0.22226403356262872,0.25094701971142236,1.0,1.0
146,197.0,5.659109111363507,1.576344794221876e-07,1.736890964591052,0.0217731029554313,0.21383245439114645,1.0,1.0
148,201.0,6.349360287803524,3.1554858243761777e-08,0.28294854667824315,1.1989518016523008e-08,1.7467397208814537e-08,1.0,1.0
149,202.0,2.8269876450156066,1.5115152491935683e-07,1.2356286445228768e-07,3.3951890487739435e-08,0.05173829710430666,1.0,1.0
150,204.0,3.528457335039542,0.45245414341460294,2.6755874240419617e-07,0.00875199325085444,0.1299346925052034,1.0,1.0
151,205.0,6.152090262554866,2.485928974788166e-08,4.180748457636524e-08,1.1095765786394408e-08,0.08187663686556072,1.0,1.0
152,206.0,9.898601092526855,4.3763701629903383e-07,1.1155888079301871e-06,0.1381689841397142,0.17932551874003402,1.0,1.0
153,208.0,6.595079887457173,1.4346997236023573e-07,2.273752609270064,1.9950739159401586e-08,0.08130981434637138,1.0,1.0
155,213.0,6.486458586183061,2.3714905989483727e-07,0.30071403008798164,1.1487520767370765e-08,0.013711933758932668,1.0,1.0
156,214.0,4.065230036502357,1.4661382961506681e-08,0.3335712032902526,1.047364942360924e-08,0.0993315168034102,1.0,1.0
157,215.0,9.999999792271927,0.00936824269996868,0.5968840295493063,0.08073152262799003,0.05644765485836488,1.0,1.0
158,216.0,4.991684899682861,1.4969310419034226e-08,0.41665243796856244,1.1391543988690906e-08,1.1557471293304559e-08,1.0,1.0
159,217.0,3.395539936704507,1.2012141268988995e-08,1.6069716624134862,1.054851806584e-08,0.13932014207145643,1.0,1.0
160,220.0,6.538335047521921,3.424576967139933e-08,0.607647725139858,1.1936317994425111e-08,2.5490595303272305e-08,1.0,1.0
161,223.0,7.3800705938049616,1.7664828000335607e-07,1.62317380653956,0.1391850290473317,0.16936885426635276,1.0,1.0
162,224.0,7.544162907409959,1.0031046914111718e-06,5.374391716430748e-07,0.08352056678580896,0.034381412255201,1.0,1.0
164,226.0,6.900653084396827,4.103619358726456e-08,0.22429461756832123,0.1618860427648252,0.08050774648038929,1.0,1.0
165,227.0,6.277731245559279,2.1600428388608514e-07,0.5649627935102841,1.54301168210954e-08,2.220892248795211e-08,1.0,1.0
166,229.0,4.068890203228484,6.800359207446388e-08,2.3661844364814515,1.6877335463860306e-08,1.9434052118970417e-08,1.0,1.0
167,230.0,7.629375638538579,0.02753535713300912,0.2990118430569855,0.24946608104347778,0.2754232728454303,1.0,1.0
168,231.0,4.8480292131774805,3.268973786647284e-08,2.87026086373946,1.032709409681363e-08,0.05726214001343534,1.0,1.0
169,232.0,5.9119945191140175,1.0629593228548928e-07,0.3718219472029836,1.6498462377111352e-08,0.026770387548216083,1.0,1.0
170,233.0,5.180864344369722,2.5749651082734526e-08,1.405323772801949,0.013463557466155296,0.013354982858836734,1.0,1.0
171,234.0,1.0000000937741933,1.6238813470121172e-07,2.928538117103118e-08,0.1699704373308292,0.09507022471273917,1.0,1.0
172,236.0,3.6932159211532394,1.3892279887305111e-08,0.9730584745394434,1.0289898019908436e-08,1.0308741642203926e-08,1.0,1.0
173,237.0,6.278033824623883,9.415673308491945e-08,0.4433688961880744,0.11204561816458102,0.1622986911510106,1.0,1.0
174,238.0,6.201343219120378,1.0619505764266396e-07,0.023588160444369555,2.664561191222424e-08,3.3265306073311905e-08,1.0,1.0
175,239.0,5.4253405695882355,3.7260450402485096e-07,0.9882187578449458,0.448399706861678,0.47008347966088887,1.0,1.0
176,240.0,6.048800601801246,7.119120211399884e-08,1.1211251017617188,2.1105183957440388e-08,2.4347856898808678e-08,1.0,1.0
178,243.0,6.201343219120378,1.0619505764266396e-07,0.023588160444369555,2.664561191222424e-08,3.3265306073311905e-08,1.0,1.0
179,244.0,5.34174330552527,1.9153554764588472e-07,0.5263141384847579,1.6820390349578173e-08,3.332192477646629e-08,1.0,1.0
183,248.0,7.29643375958777,4.2864887748299333e-08,0.32766396261111436,1.3141870323538995e-08,0.028698337307017745,1.0,1.0
184,249.0,5.467709806569302,1.3462615236806121,0.9412729459671909,0.4174263669594093,0.426675267348731,1.0,1.0
185,251.0,3.796448685123401,9.691858611815993e-08,0.21392125057663144,1.6862460327289537e-08,1.7868431870928253e-08,1.0,1.0
186,252.0,2.8194913095666125,7.893539417503938e-08,2.5779403595730974,1.628057419351645e-08,3.4651537948512695e-08,1.0,1.0
187,253.0,5.987188928170176,1.9337129217135232e-07,1.2011038622526505e-06,0.20083071786214904,0.22983722775644658,1.0,1.0
188,255.0,6.6632785920001405,3.3952748111300975e-08,0.01587744545580195,1.2491620156491097e-08,1.2388997142252035e-08,1.0,1.0
189,256.0,5.721314598837646,1.5714989356806953e-08,1.6686434278228377,1.0635924479030885e-08,0.09432592961007302,1.0,1.0
190,259.0,5.788014214564393,2.958160864972551e-08,0.650428260873542,0.020360870944936167,1.3389751364731889e-08,1.0,1.0
191,260.0,7.135902173778799,3.3443569871186935e-08,1.8268184990942207,3.516980189871579e-08,0.037129507643028845,1.0,1.0
192,261.0,6.337804951704075,6.905414819353996e-08,0.7586976232721178,1.2993735396583404e-08,0.016445704247517574,1.0,1.0
194,263.0,5.604551324665618,9.122351418096342e-08,0.24159946683239847,2.5089602147256103e-08,0.0205131014032705,1.0,1.0
195,264.0,6.22812956918927,1.0911912214738756e-07,0.5487439224319018,0.013065823795994698,0.00042918173409908566,1.0,1.0
196,265.0,4.444403018553609,1.5460499684562768e-08,1.4471838782036228e-07,1.099864486198476e-08,0.060523571744800955,1.0,1.0
197,268.0,7.20555453331353,7.724574023503089e-08,2.5218806902426136,2.839655877207629e-08,0.041355284760748325,1.0,1.0
198,269.0,7.430140795690391,1.1870707326346276e-07,2.1064469166553934,0.029875329518284827,0.02821391566522123,1.0,1.0
199,270.0,7.241783851416246,2.9703307674432956e-07,0.136963932872092,0.09398241574387864,0.12362291929360382,1.0,1.0
200,272.0,4.369702098529419,3.0331995936229346e-08,0.7320352402657737,0.009872436955672512,0.09523388181104002,1.0,1.0
201,273.0,6.943513135914879,1.553309062625886e-08,1.8512457259267356,1.0517158522415179e-08,0.032628569726286645,1.0,1.0
202,274.0,7.120141638664938,1.08598354129229e-07,2.337112673600764,1.7831048227313108e-08,1.726788702539457e-08,1.0,1.0
203,276.0,7.027775127601303,1.7594240572207803e-07,0.1347020059099033,1.6952106224115494e-08,2.533976334952998e-08,1.0,1.0
204,277.0,5.768032897551092,1.1205376352473712e-07,1.3555269375549894,2.357012088160294e-08,2.7772203025165432e-08,1.0,1.0
206,279.0,6.5532979486795035,1.8864091551532702e-07,1.0895356027198821,2.1650070805747616e-08,4.431947016707744e-08,1.0,1.0
207,280.0,6.058547206357278,6.591210349810368e-08,0.4763842889065966,1.8192566257708418e-08,9.159705809424694e-08,1.0,1.0
208,281.0,7.131723843059892,1.5890143810330173e-07,1.1165072084444436,0.0035310188589981785,2.1733635530933e-08,1.0,1.0
209,282.0,6.04983305001573,0.705435920853639,7.767142461150751e-07,0.4377407750840177,0.4999999876810475,1.0,1.0
210,283.0,7.930338903036193,4.97560157533091e-08,0.42388434004532666,0.16358998333877445,0.0244024459983536,1.0,1.0
212,285.0,3.357280421492415,1.0574255210772335e-07,0.4127618062715292,0.17081912603654573,0.1409230888689254,1.0,1.0
213,286.0,4.524408428943337,1.1359847715616995e-08,2.999999997738688,1.0284475164663894e-08,0.04160484566985193,1.0,1.0
214,287.0,3.6915985451129174,1.0124272886016038e-07,0.2696630094711049,1.920856731000229e-08,2.2074743006008817e-08,1.0,1.0
216,289.0,8.184856545494556,1.9486279759101198e-06,0.6308033403844093,0.01261118236271435,0.09602513348615453,1.0,1.0
217,290.0,2.8194913095666125,7.893539417503938e-08,2.5779403595730974,1.628057419351645e-08,3.4651537948512695e-08,1.0,1.0
218,291.0,5.692697221321388,1.131546822528824e-07,0.5623080363283536,0.015229838368210158,0.08387553996303111,1.0,1.0
219,292.0,6.3455191323513525,8.814657781516389e-08,1.207690038343489,2.4847665297770986e-08,0.01600309861334566,1.0,1.0
220,293.0,9.635391155861292,2.814422327003522e-07,3.9687289513967455e-08,0.0990064934844922,0.05156303278577215,1.0,1.0
221,294.0,7.953618392099619,2.719231456309839e-08,1.93382321096666,0.2092834647752898,0.09738116497198229,1.0,1.0
222,295.0,5.105458419322027,1.376674396576228e-07,1.7386988567019759,1.6772123662303782e-08,6.584202133294725e-08,1.0,1.0
223,296.0,4.591293391040482,7.797062724973803e-08,2.1599602788309634e-07,5.733038563006423e-08,0.0024407633342170823,1.0,1.0
224,297.0,7.919613546414844,1.7728140062526136e-08,1.0713937654870482,1.0650652745414446e-08,0.05963019380685385,1.0,1.0
225,298.0,9.775526271938823,0.1560897445194924,4.2148078198890224e-08,1.1741080405753e-08,0.02978658182593587,1.0,1.0
226,299.0,6.978096189919031,6.689089768524023e-07,0.5813452982919031,0.07004832664445346,0.16311456864964505,1.0,1.0
227,300.0,8.387357071543468,3.6548168712887557e-08,2.247240518612488,1.495936765477697e-08,0.007876990098949198,1.0,1.0
229,302.0,5.9866819106344895,3.0647786161338305e-08,1.18798805061033,1.3368653896481532e-08,1.2909825813652955e-08,1.0,1.0
230,303.0,5.656326283491256,3.094838582636413e-08,0.8546793144966881,6.97479438403577e-08,0.08798545135592938,1.0,1.0
231,304.0,5.823971470881071,1.5974907410577902e-08,2.076550300543531,1.0331100164883778e-08,0.036335468200289114,1.0,1.0
232,305.0,9.999999356848738,0.5930682494371906,2.999999791166935,0.1329759922962638,0.3642510196864287,1.0,1.0
233,306.0,6.999900952757403,2.8427658450974543e-07,0.43716834987291703,0.05110470798144532,0.17225282121264304,1.0,1.0
234,307.0,4.596172318479878,4.508761905519579e-07,2.745376622734692e-07,0.05300938135603782,0.14845219916857622,1.0,1.0
235,308.0,5.800158652503342,2.7656989232687373e-08,0.48964907743110087,0.012487071416767788,0.05154991626092781,1.0,1.0
236,309.0,4.814484377198575,1.9584292118508278e-07,1.910061679109597,1.5300773030878847e-08,2.508394508945612e-08,1.0,1.0
237,310.0,7.109043453458975,1.5121926319712577e-08,2.171306970819357,1.1202371097721548e-08,1.0293040618072531e-08,1.0,1.0
238,311.0,4.584771107881789,7.999176936349065e-08,7.404759841639011e-08,0.4999999773182023,0.3910863339347591,1.0,1.0
239,312.0,3.678101744018314,5.785760781494554e-08,0.23742695026430735,0.3773685217565203,0.35538727356054284,1.0,1.0
241,314.0,8.210394740673703,3.03731030542119e-08,0.8636589997999428,0.010887790962966422,0.05342841302900752,1.0,1.0
242,315.0,4.650516752035751,1.396991353334712e-08,0.9677883350211907,1.1610885315719637e-08,1.0359994940010212e-08,1.0,1.0
243,316.0,3.8719905910945807,1.5348906789828197e-08,2.2209943161703807,1.0355205361776644e-08,1.0432542779685501e-08,1.0,1.0
244,318.0,6.195938888451685,9.113559075416327e-07,0.36596369814525526,0.2938362299371612,0.23390655213698236,1.0,1.0
245,319.0,5.886535780973049,3.346691967549063e-08,2.4587822080502026,0.0037564206843493436,0.10964035582080993,1.0,1.0
246,320.0,5.654451339215632,1.6567854514514434e-08,2.8406839330455065,1.0380908590309307e-08,0.022225594097843575,1.0,1.0
247,321.0,6.918540024100552,1.0362097677595504e-07,0.7127062608395345,1.8733009291621393e-08,1.7066783463751608e-08,1.0,1.0
248,322.0,6.124099736940931,2.7781553941360153e-07,0.8848793283903454,0.2580503674797878,0.43565044521061924,1.0,1.0
249,324.0,5.3191651763610714,2.7548020937969845e-08,2.9999995514814306,1.24782238824308e-08,0.07131999689156962,1.0,1.0
250,325.0,6.538319159774469,1.7524315464433174e-08,0.8227324663199144,1.0808245287561935e-08,0.10245509033314418,1.0,1.0
251,326.0,4.722763113228713,1.054313108863421e-07,1.295993823832859,1.513689221226806e-08,1.902477948703871e-08,1.0,1.0
252,327.0,5.952031617394405,3.2332031328934645e-08,2.781522215201076e-07,0.06206911863921777,0.13425068834441622,1.0,1.0
253,328.0,6.540788867949202,1.1237211646600967e-07,6.247240007914413e-07,0.020411183206396354,1.9833239952075514e-08,1.0,1.0
254,329.0,7.263107388147608,1.5612593766615768e-07,2.4191035186954135,1.5549531120027685e-08,0.048589596250029565,1.0,1.0
255,330.0,4.905446675269815,2.7888400752203866e-08,2.9999999801762005,1.604024760801752e-08,0.005764613872777819,1.0,1.0
256,331.0,6.158137829989059,0.1049465601211653,1.9236047632959197e-07,0.499999999199123,0.499999999376615,1.0,1.0
257,333.0,6.881019856620999,1.2929198239555567e-06,1.0185817789005007,0.08638701186453494,0.1965719843377004,1.0,1.0
258,334.0,5.690427551144976,1.6232386610798218e-08,0.637714269214458,1.0337549845075773e-08,1.1097334809488811e-08,1.0,1.0
259,335.0,2.9988051562279754,1.3632863174022879e-08,0.04128012816576193,1.0574176915382591e-08,0.0012873766135116755,1.0,1.0
260,336.0,3.690695924303153,3.0200537604161696e-08,2.999999975443793,1.7583582825858453e-08,0.19194559891575086,1.0,1.0
261,337.0,5.57263518207259,1.1474878273326887e-07,0.2658254374947801,2.0251022141061308e-08,0.010436892495213353,1.0,1.0
262,338.0,6.323426082653244,2.646460003309483e-07,0.07556130669561306,0.22428007935218094,0.23057800781993382,1.0,1.0
263,339.0,3.697872432465093,1.338273338795794e-07,0.2637749405648124,0.06098206652949389,0.009394421959297855,1.0,1.0
264,340.0,7.365980583648683,3.303989649331454e-08,5.141201210081763e-07,0.07613480285353237,0.0680109621906995,1.0,1.0
265,341.0,5.488417098776432,2.171604747105431e-08,3.554689717607834e-08,1.0611298982174391e-08,0.37685614248184107,1.0,1.0
266,342.0,6.253178022423931,1.2401377569311392e-07,1.1728546525366697,1.2974940463523252e-08,2.0909653151845123e-08,1.0,1.0
267,343.0,6.331128962503009,1.1512644083849878e-07,0.9308520962139264,1.741955171335954e-08,1.605092004510417e-08,1.0,1.0
268,344.0,7.150767219217122,4.5355451183866236e-08,0.8775025797784471,0.004828791691321131,0.01916991761545281,1.0,1.0
269,345.0,5.251228311787009,0.157485704102087,3.946734496186584e-08,1.2433178968241959e-08,1.9985954149671443e-08,1.0,1.0
270,346.0,6.065381301447927,4.145647231976926e-08,1.6669784307336855,1.3757048192211899e-08,0.08137953868749061,1.0,1.0
271,347.0,9.999998839880664,0.22513487625457396,6.465242925483258e-07,0.15376720226674462,0.2420081423249785,1.0,1.0
272,348.0,6.413869928776405,3.567868311192898e-08,1.7453732730876859,0.054890369580798584,0.09662957697506615,1.0,1.0
273,349.0,4.505909853683798,4.374265564141597e-08,0.07000802931449794,0.09057308116618971,0.05907792160507001,1.0,1.0
274,350.0,6.931322729274512,5.076967522856486e-08,0.43982624204870774,1.1097633622720958e-08,1.5869169387661144e-08,1.0,1.0
275,351.0,8.419363615576334,1.5994000484502892e-07,5.87526599540599e-07,0.013022057679127157,0.052380494838760464,1.0,1.0
276,353.0,6.825868726623257,2.0450911803807e-08,0.11457280167203472,0.03205899972688363,0.13056979363835391,1.0,1.0
277,354.0,7.1109325379286945,1.2925930334479905e-07,1.0222967164812333,1.7899749840237782e-08,0.009872622571291328,1.0,1.0
278,355.0,7.445885485715833,1.9121462284224884e-06,0.8694565257219784,0.20968651367520633,0.19758624686236567,1.0,1.0
279,357.0,8.88362188414572,1.5202512297808658e-07,0.6875783752078405,0.08159869497275944,0.023626691198785,1.0,1.0
280,358.0,4.277350576969942,3.197168797923469e-08,0.679277042131655,0.014606496317629983,0.16510952260813297,1.0,1.0
282,360.0,5.387410224005803,9.428939748301433e-08,1.958082944694613,1.6073122096777233e-08,1.6412200668706058e-08,1.0,1.0
283,362.0,2.665970673536652,1.185058965107995e-07,1.9104495222843357e-07,0.08601933560131651,0.07027411708477928,1.0,1.0
284,363.0,9.581315210192436,2.3268393019280657e-08,0.7196063485288535,0.015504660885410384,1.0699059984455914e-08,1.0,1.0
285,364.0,7.2105838359745,3.736989676346737e-08,0.42753800152200355,0.02210290641790788,0.005493638435436772,1.0,1.0
286,365.0,7.335425487041307,1.6117004462170342e-07,0.2528247695076206,0.021933124464827494,0.08503643954606355,1.0,1.0
287,366.0,6.284467868953293,1.3118746715126322e-07,0.45857275761349886,0.006150593006841146,1.786009838994979e-08,1.0,1.0
288,368.0,3.9196839618484494,2.8811830391431788e-08,1.5316107093190292,0.03222405613383755,0.20323137299888497,1.0,1.0
289,370.0,5.666511377133139,1.1329972473976432e-07,1.1981473849944,0.023540034580421608,0.06834740987308967,1.0,1.0
290,371.0,4.144942986558965,1.562820907695861e-08,1.0828936751433347,1.0351333710592233e-08,1.0540457004728936e-08,1.0,1.0
291,372.0,7.967848762737013,4.096283882323976e-07,1.3046778414772886,0.08752757445023128,0.01748387554902551,1.0,1.0
292,373.0,7.302663092941065,1.7126644744143323e-08,1.1202007155100266,1.0448362647358838e-08,0.006685943132838663,1.0,1.0
293,374.0,8.051378308049078,2.0953359490628953e-07,0.7244181853272226,0.02489411111544171,0.004724064202466484,1.0,1.0
294,375.0,7.6216606901155215,1.1156549373639922e-07,1.4412844107387282,0.10117244664315903,0.14114628248845676,1.0,1.0
295,376.0,6.178178824460316,3.913375967919203e-08,0.05314809993349599,1.2074008827870114e-08,1.3558925341978652e-08,1.0,1.0
296,377.0,9.58524739296634,2.720255085249182e-07,1.5394341741048547,0.09601991112871103,0.1694793338581421,1.0,1.0
297,378.0,5.529027521268875,1.3695861366743817e-08,0.561589933281718,1.0335085969441547e-08,1.063154234622332e-08,1.0,1.0
298,380.0,6.702576537705901,0.6703239801718534,5.43090826252342e-08,0.2517884954972039,0.2745336561255163,1.0,1.0
299,381.0,7.575263406072552,2.403293852559212e-07,0.7062410581682235,0.04209517135580993,0.1735598541214049,1.0,1.0
300,382.0,5.027181464393096,4.703306964186123e-08,2.999999938583459,1.9924836614743858e-08,1.689306222133537e-08,1.0,1.0
301,383.0,6.403305906776183,2.9247808426531815e-08,1.0414234120906438,0.0756084527442785,0.04358571551615053,1.0,1.0
302,384.0,5.741747680465102,1.1440032112437456e-07,0.18056711819562526,1.9155933123574608e-08,1.9525974399687965e-08,1.0,1.0
303,385.0,1.0000000143509558,2.6128213589818574e-08,2.1546066768922558e-08,0.0206675660963997,0.03548857436363964,1.0,1.0
305,387.0,6.5424613921153885,4.196825495383469e-08,1.7474622054812132,1.3088019188534156e-08,0.0058391969903026876,1.0,1.0
306,388.0,5.009286677330228,5.2288440711334285e-08,0.35216741201278373,1.655347021432677e-08,0.011029854437948594,1.0,1.0
307,389.0,5.992384604920871,1.872444475919176e-07,1.2582684406024889,0.16937304991456462,0.09125528351109097,1.0,1.0
308,390.0,6.226355251206206,2.4248184677677623e-07,2.0543268252301035e-06,0.21495980877606852,0.18407795112586545,1.0,1.0
309,391.0,5.670543875560443,3.154948768221588e-08,2.460372353369984,4.4106894959789356e-08,0.09261563835834982,1.0,1.0
310,392.0,5.470019039188875,1.311536517159074e-07,0.514821301033493,1.773416382542715e-08,1.665226774538608e-08,1.0,1.0
312,394.0,1.0000000968465619,8.185615046488427e-08,1.2805749022347265e-07,0.2549309400946061,0.21970842760614487,1.0,1.0
313,396.0,8.113318020234283,1.909308759446801e-08,0.5107406159253566,0.02916376854323068,0.07610068386556043,1.0,1.0
314,397.0,5.62927362047971,2.589434595004597e-07,1.4959351687914972,1.6663770431029387e-08,1.6546880391216547e-08,1.0,1.0
315,399.0,4.374229840817683,1.0142285564326421e-07,3.7673189067155423e-07,0.03333203399029658,7.459186386447974e-08,1.0,1.0
316,400.0,6.005005600041776,1.5873471894326655e-06,0.3145965338458188,0.06249754907234596,0.2665707597771514,1.0,1.0
317,402.0,6.208225767387193,1.5908063315201027e-08,0.5123995980014626,1.0377207158804315e-08,0.0655324732320203,1.0,1.0
318,403.0,5.172312372322309,1.57191366565566e-08,0.9420401032692373,1.0241815135561691e-08,1.0243521814180095e-08,1.0,1.0
319,405.0,5.400908709456017,1.4758987409894211e-08,2.499963055670475,1.0527370620194286e-08,1.0613945134145882e-08,1.0,1.0
320,406.0,6.931270002556919,5.006928865274112e-08,0.3468421272438406,3.717581756591819e-08,0.0024606442911747715,1.0,1.0
321,407.0,4.3488964550138425,1.5180887178701406e-07,1.0082757736880572,1.9452456922023303e-08,0.03964425636641283,1.0,1.0
322,408.0,3.7671022085967647,1.265779038054579e-07,0.8137434368235635,2.119576764585266e-08,1.9725782347322062e-08,1.0,1.0
323,409.0,1.6054640190804883,1.3807595847867857e-08,2.999999980609868,1.0471392000380544e-08,0.28541936951111135,1.0,1.0
324,410.0,5.9950556970916065,2.1499782807619846e-08,0.2388907468994771,1.0547303932304292e-08,1.1111381724689896e-08,1.0,1.0
325,412.0,2.4500836053693944,1.796535737524363e-08,1.556569935632004,1.036195957559453e-08,1.0382996927559675e-08,1.0,1.0
326,414.0,5.590818539223397,1.4994841632534028e-08,0.6203624316617079,1.0623371449144337e-08,1.1151723733099587e-08,1.0,1.0
327,416.0,6.146438093782419,2.912444151678338e-08,0.7547324882699865,1.1307510984352242e-08,1.493967495146235e-08,1.0,1.0
328,418.0,6.941752400130488,0.46139467798142786,5.927639920371142e-07,0.06731151867804999,0.1584960218022639,1.0,1.0
329,419.0,7.194541156131315,0.6301824512578051,3.909401385298887e-08,0.11426864422105898,0.1855366443885597,1.0,1.0
330,420.0,5.515455552244384,1.6152415931732346e-08,0.7506032098359223,1.0313219898852155e-08,1.0265844506293176e-08,1.0,1.0
331,421.0,4.57802923983372,1.883140407633665e-07,1.9683834050691231,0.19721114828443384,0.4351768402836322,1.0,1.0
332,422.0,6.813495329308271,1.420117274863145e-06,3.900378876489601e-06,0.058211615782575624,0.22442729799471692,1.0,1.0
333,423.0,3.5623222416797864,6.805912704182888e-08,4.418110107193175e-08,0.01337271816910668,1.2079002817910875e-08,1.0,1.0
334,424.0,4.510395214844648,1.1367062121240806e-07,0.2612582161246472,0.04173024875893935,0.13794365599119027,1.0,1.0
335,425.0,6.458179682166582,1.3905042131194244e-08,1.7928487423481576,1.0669744084750437e-08,1.0380125076539844e-08,1.0,1.0
336,426.0,5.1861550412616,2.220239962925594e-08,5.6634119521177133e-08,0.06553920798530818,1.1788174087343558e-08,1.0,1.0
337,427.0,6.499369947106216,1.1032367301680961e-07,1.2083089890441758,1.6465095897162123e-08,6.161449280270864e-08,1.0,1.0
339,429.0,5.366522543277672,1.0043965633662907e-07,2.999999853538021,1.851018410201732e-08,0.009280892478484227,1.0,1.0
342,432.0,2.3213244970008398,2.890320939576145e-07,4.931960745129156e-07,0.2591523682220296,0.3783696734776197,1.0,1.0
343,433.0,6.675126614483072,4.8751795889228585e-08,1.911620305182601,2.7315286952057157e-08,0.01277362110572834,1.0,1.0
344,434.0,4.086442498644402,1.3856559327151075e-08,1.7706373935360267,1.065666978431719e-08,1.0640227746831277e-08,1.0,1.0
345,435.0,5.521477939055882,3.449468085605783e-08,1.581312705012978,1.2534029539803927e-08,0.002802416134233502,1.0,1.0
346,436.0,6.739926536717406,2.9443002165251585e-07,0.2121512692786046,0.22552355772185606,0.3267369924088135,1.0,1.0
347,437.0,7.065074518917332,1.6199131726734546e-08,1.0639764446981,1.0259063990499784e-08,0.017452854850592538,1.0,1.0
348,438.0,6.853315423786053,1.291432147567696e-07,0.7970135722843129,1.7199612778236945e-08,0.011916754972103663,1.0,1.0
349,439.0,6.961036562614571,8.075490427582199e-08,2.9999999084176476,4.5026108212856604e-08,0.12305828826096225,1.0,1.0
350,440.0,6.982562926746892,4.5939884782935055e-07,5.317870326593702e-07,0.11539041654380283,0.22601259417999553,1.0,1.0
351,441.0,5.722148806903911,1.627366983179413e-08,1.3019477887196875,1.0313732934230552e-08,1.0477039470156349e-08,1.0,1.0
352,442.0,6.949008102479175,1.5457838570340688e-08,1.1388857542670383,1.0486189250307033e-08,1.1685670405599328e-08,1.0,1.0
353,443.0,4.216417539675171,1.4550904857167834e-08,2.449447767862426,1.0399843955859548e-08,1.0822680653088986e-08,1.0,1.0
354,444.0,8.10914116516333,2.790309030995759e-07,0.443995854794179,0.06546728258332278,0.1630273681162501,1.0,1.0
355,445.0,7.244394684496251,1.8086893177874504e-07,1.1678067903380531,1.6645612808421322e-08,0.051528455543940935,1.0,1.0
356,446.0,5.939020971264402,3.7982074162840515e-08,1.1784076742354243e-07,1.2180284372583405e-08,1.308680123889243e-08,1.0,1.0
357,447.0,4.181288763008144,2.3644200492915876e-07,0.33437009360372943,0.29760619484398315,0.3368629196492146,1.0,1.0
358,448.0,5.653879378076999,2.1564235266398955e-08,2.064207593708407,1.0752712488525886e-08,1.5867865632503146e-08,1.0,1.0
359,449.0,5.240054260471226,0.031511731672913754,2.0811109661870197e-08,1.264167403158447e-08,0.3475546794310079,1.0,1.0
360,450.0,6.6632387909663064,2.2682129448155369e-07,1.5670110686648053,1.2185124659068011e-08,0.05997177741952988,1.0,1.0
361,451.0,4.913283846535516,1.626914270221239e-07,0.12891214662486147,0.1110852062243681,0.20583991197093524,1.0,1.0
362,453.0,6.913344614025072,1.5119006314749478e-07,0.6798283631974706,0.08646122158408713,0.10722683487777633,1.0,1.0
363,454.0,7.116608260754494,1.1850409525480891e-07,0.2574305275201725,0.035085849713257414,0.019134678444481967,1.0,1.0
364,455.0,7.900321654225798,0.0948024843931435,0.9928966174597581,0.02383190342447311,0.031066999134024272,1.0,1.0
365,457.0,6.925475178230692,0.43757857260624444,2.9999957214159583,0.020247327835710698,0.04244214814174228,1.0,1.0
366,458.0,6.982218007369051,3.924371053286572e-08,0.179966803798813,1.4701692169323484e-08,0.011973541680070556,1.0,1.0
367,459.0,6.643081686884484,3.849048551513425e-08,1.3520212069755742e-07,0.011788346426112714,0.0855967544914525,1.0,1.0
368,460.0,7.361887758599273,3.626417048687011e-08,1.1622800311295671,1.041435652694462e-08,0.033240686039967424,1.0,1.0
369,462.0,5.8995595361643876,1.665082788392684e-07,0.28785693958082126,0.1124323106325434,0.17065746454712036,1.0,1.0
370,463.0,4.084430609746288,7.115622479045525e-08,1.3798479740890728,1.617467586817646e-08,0.0499276253966515,1.0,1.0
371,464.0,6.659395199531939,9.834268165892753e-08,1.2091650885243028,0.04389299099784438,0.0760653156391098,1.0,1.0
372,465.0,4.292332774785557,2.383254256678654e-08,2.0563832958656043,2.2370637748651022e-08,2.5361283885593688e-08,1.0,1.0
373,466.0,5.331411716568635,1.758053772825274e-08,1.2732965864861718,1.0488428494764251e-08,0.06871201396793684,1.0,1.0
374,467.0,7.78685337824193,2.7324582793899054e-07,1.2692174138086645,0.008598422850725065,0.15959077494372995,1.0,1.0
375,468.0,4.144303034851645,3.7328847608818004e-08,0.1257955111047637,0.003101402339417916,0.11359682777130742,1.0,1.0
376,469.0,6.170379814587108,1.4050600780889401e-08,0.03492951811996602,1.0753456499645453e-08,7.17741807844851e-08,1.0,1.0
377,470.0,7.619316312080135,5.164612896656386e-08,1.5418438663569405,0.01672117681583913,0.03731874917434865,1.0,1.0
379,472.0,4.998168141025197,1.457436330605487e-08,2.902924000875153,1.0228270148735509e-08,1.0748579050030816e-08,1.0,1.0
380,473.0,5.810162927046885,1.4443489462397264e-08,1.236776075657096,1.028767358934071e-08,0.03295831502599411,1.0,1.0
381,474.0,5.897900854060614,3.207306186223848e-08,0.3191941475917246,0.05116314048222439,3.259161578660686e-08,1.0,1.0
382,475.0,5.3492604563838455,3.1982486566048234e-08,2.9787185928611906,1.2363109946102577e-08,0.1405394123264564,1.0,1.0
383,476.0,6.169320988473191,1.5119839418408316e-07,0.666880678231018,2.023642822089059e-08,4.5554195831145195e-08,1.0,1.0
384,477.0,8.016125125115058,1.501417092359088e-08,2.9999999237199826,1.2364382498452493e-08,0.1208923370534572,1.0,1.0
385,478.0,6.9225590414464095,1.262699098525898e-07,1.3078296365304956,1.6141494997337578e-08,0.06988442724620157,1.0,1.0
386,479.0,3.451814102900527,7.722880212555353e-08,3.175405081413946e-08,0.07796615132725702,0.25104689109889355,1.0,1.0
387,480.0,8.066847624190222,8.103567439248355e-08,0.8793857433076224,0.014302947901036454,1.446384984184833e-08,1.0,1.0
388,481.0,3.558400998134183,1.689513842015475e-08,0.017834746830706027,1.0440686446982668e-08,1.0362707377602266e-08,1.0,1.0
389,482.0,4.956455431727419,3.5932318497938717e-08,0.1916730878034598,3.1709512205717496e-08,0.14428558467899907,1.0,1.0
390,483.0,6.720025461282877,1.590041194502877e-08,0.5421341189594076,1.032509255745492e-08,1.1705382328558516e-08,1.0,1.0
391,484.0,4.5838327280658415,9.990308060225178e-08,1.0974879974197826,1.943946765377565e-08,2.608041549765199e-07,1.0,1.0
392,485.0,5.588204865638812,1.2878209855631507e-07,0.19680493468494162,0.07033584409111562,0.23844903613502474,1.0,1.0
393,486.0,6.783333165677007,1.4758209945864456e-08,1.5472820354189292,1.1730712747366606e-08,0.10186074942009604,1.0,1.0
394,487.0,5.964460520941746,9.340736907925465e-08,2.999999433167281,1.7800746100387043e-08,0.12698610241655311,1.0,1.0
395,488.0,8.790374410168464,3.421816363428611e-07,1.0782256791393792,0.1833125818986489,0.26278099703745594,1.0,1.0
396,489.0,6.069337858763249,3.145997332819181e-08,0.4811462949662415,0.029734846962274714,0.21547050299756004,1.0,1.0
397,490.0,5.674968298055115,3.826420304928565e-07,0.511904414406943,0.07801205186560975,0.11694421295339277,1.0,1.0
398,492.0,8.296969377840092,1.638051619350038e-07,1.3685314811487237,0.018317232293469574,0.0470131758391079,1.0,1.0
399,493.0,3.1598836533464243,1.4539777056274884e-07,0.15032670044622087,0.012104496367363292,0.04253172025708384,1.0,1.0
400,495.0,6.420574178575973,3.7437488211871504e-08,0.8486244816528091,0.0003370753610751126,0.05712590882509611,1.0,1.0
401,496.0,6.75504472361847,0.3028943388910985,1.688527039304739,0.4999993072429139,0.49999998670812673,1.0,1.0
402,497.0,6.507599079735603,1.5351193253695523e-07,2.3474248705324157,2.0711036064008845e-08,0.15903436308283814,1.0,1.0
403,498.0,5.658304768683759,1.3827957230857572e-08,0.16289557264832052,1.031704589858826e-08,1.0382599200141705e-08,1.0,1.0
404,499.0,6.838892255014215,4.0240354010416456e-08,0.5609453586793908,8.575870091725013e-08,0.043660829385749875,1.0,1.0
405,500.0,8.333301248506736,2.4748975530458035e-07,1.4775701646742196,0.012286013561393007,0.10799981258934128,1.0,1.0
407,504.0,6.846571386520439,1.0100741055370654,4.0329598537026355e-08,0.06001605244627144,1.578265364399297e-08,1.0,1.0
409,506.0,5.183791657346076,0.14554415861917064,1.905019778149205e-07,2.226978567004025e-08,1.925965583148056e-08,1.0,1.0
410,507.0,4.891594930979011,1.2917930518373411e-08,1.7189228926504958,1.0473342254349661e-08,1.0565875686159374e-08,1.0,1.0
411,508.0,7.088878088763538,1.4319885804594497e-07,0.961385698809995,0.2724317092491612,0.17433565961543876,1.0,1.0
413,510.0,4.981578191797857,2.8961084846751094e-08,0.4996636930421607,0.0073451908681703435,0.012381362973336302,1.0,1.0
414,511.0,7.36821460505458,2.7795149503718056e-08,0.7911459046209368,1.1318129551809686e-08,1.748278178347588e-08,1.0,1.0
415,512.0,6.065099098362612,1.6009156140775822e-08,1.385316408398451,1.0538763309739554e-08,0.0732304902494447,1.0,1.0
416,513.0,7.378993038688001,1.762021670659606e-08,2.9999999813682114,1.0371705762700994e-08,0.07829765299373391,1.0,1.0
417,516.0,6.657177597143575,3.315846459746749e-08,1.066627455959167,0.09240558181749191,0.11092859694936796,1.0,1.0
419,518.0,5.9911009120112695,2.9063378841488016e-08,2.839846320102354,1.100407100975235e-08,0.006913828518726002,1.0,1.0
421,520.0,5.095069398164316,0.20018663446526155,1.1314766251771358e-07,0.1163369638163072,0.35278603706076644,1.0,1.0
422,521.0,5.1636027697866105,1.3481949129639096e-08,0.657522097882176,1.0472330457636147e-08,0.13118166784260066,1.0,1.0
423,522.0,5.442984181760277,1.6252567894304213e-08,0.7891173179090537,1.0328749055051102e-08,1.1182359152934134e-08,1.0,1.0
424,523.0,4.758437416951768,1.4434643635394604e-08,0.9624700780037154,1.0819868296989618e-08,0.13270186083156946,1.0,1.0
425,524.0,3.998819216231281,7.957793518411167e-08,5.639591103857828e-07,1.7116404709827105e-08,2.681268131031576e-07,1.0,1.0
426,525.0,4.572232070514061,3.4643010351069916e-08,0.2937975143580063,0.47643771703116844,0.4999999988877094,1.0,1.0
427,526.0,5.026620331696276,1.0555235156753169,1.5150467013777007e-07,0.23611878548214915,0.19402757774888502,1.0,1.0
429,528.0,4.907580417388979,1.91610349893841e-08,2.822667849881211,1.0276698108356928e-08,1.0291638821181731e-08,1.0,1.0
430,530.0,6.220098194684572,1.1629351787949333e-07,0.4959558772198839,2.3310450643470614e-08,1.9672268342812996e-08,1.0,1.0
431,531.0,7.307443961053251,1.7343813899598366e-08,1.017678285509614,1.0335985659790563e-08,0.03020193489159665,1.0,1.0
432,533.0,7.661152838787942,4.898014277811598e-08,2.298620542606079,1.2435910926517875e-08,0.022823304030251845,1.0,1.0
433,534.0,5.086242544996232,3.250997802469186e-08,1.8251149192556422,1.515939177325362e-08,0.01982407088915538,1.0,1.0
434,535.0,6.155064537721539,1.5774154100829395e-08,1.7035104694558636,1.0309089650549886e-08,1.0687216140431694e-08,1.0,1.0
435,538.0,6.143831023361566,1.1611502767372918e-06,2.4666642545141544,1.6074883316583066e-08,0.12417900062241187,1.0,1.0
436,539.0,5.557188285547736,1.3510058491910961e-08,2.0974645729805674,1.0378994794426227e-08,0.04991479967256699,1.0,1.0
437,540.0,7.460268767879231,7.485871806449045e-08,0.7617444175173984,2.960033801432169e-08,0.013698341103019441,1.0,1.0
438,542.0,7.954134650467874,4.305657150503788e-08,3.072135502067619e-07,0.18800618699923494,0.18580940081677616,1.0,1.0
439,543.0,5.026753327834365,1.4698954512951993e-08,2.2647910962532998,1.0310715533065485e-08,1.085932765037298e-08,1.0,1.0
440,544.0,1.0000000039315102,1.4869285476329534e-08,1.3863512922864129e-08,1.0298343951125806e-08,1.019480175836121e-08,1.0,1.0
441,545.0,1.0000000487957061,3.4757995630191164e-08,3.8705825519128093e-08,1.3858813286568705e-08,0.006969253853796879,1.0,1.0
442,546.0,6.578235351689629,1.5461561592997994e-07,0.5207395109997263,2.3380211562715472e-08,0.003337509405705547,1.0,1.0
443,547.0,7.711826198565823,3.077479805824764e-08,1.1775276462424338,0.04137006579145082,0.19256096341864806,1.0,1.0
444,548.0,5.742394025146721,2.31621367084158e-06,2.632784808954548e-07,0.3076170991655543,0.4009117230568861,1.0,1.0
445,549.0,4.588924600104741,1.636876440160378e-08,2.2190247085274732,1.0447652718709524e-08,0.041426030016894023,1.0,1.0
446,550.0,6.233501819819211,1.9184705065976577e-07,0.702786383760543,1.5199679009518398e-08,2.0649486308735556e-08,1.0,1.0
447,551.0,5.876019549621991,1.075345111581465e-07,1.920096342791621,1.750363917612277e-08,1.5814843947644837e-08,1.0,1.0
448,552.0,4.347780890847573,3.040778949964731e-08,1.6781730380054533e-07,0.03727574121121716,1.2417054853539228e-08,1.0,1.0
449,553.0,4.699127679215523,1.0909590987059975e-07,1.799779365614605,0.04045181324190549,0.20500137071054775,1.0,1.0
451,555.0,5.165066077735654,1.5615936301745705e-08,0.4962690692098113,1.1870189664122602e-08,0.03835958227478342,1.0,1.0
452,556.0,6.225339574103907,2.9823257375246406e-07,0.6607094104683582,0.32513944524576793,0.17706470330994753,1.0,1.0
453,557.0,4.761905316460721,9.996355081787297e-08,0.3112837468700821,1.0426911074122372e-07,3.87516308071728e-08,1.0,1.0
454,558.0,6.996012453201269,1.5842149442489783e-07,7.012565008369146e-07,1.6771090767821567e-08,5.148222925714595e-08,1.0,1.0
455,559.0,5.354839478992254,0.4729764436568195,9.747181808482989e-08,0.0018646410777280805,1.1673458350558768e-08,1.0,1.0
456,560.0,5.304684755767593,1.7351037437727446e-08,0.5685738126257065,1.0321697944824599e-08,0.11974767952478205,1.0,1.0
457,561.0,6.254298346429711,1.2619140434155016e-08,2.999999995150125,1.0436187352730398e-08,0.0408320851862958,1.0,1.0
459,565.0,7.175676906229975,3.2319773934508996e-08,0.5049344191376437,0.05438965484818435,0.047965482002707095,1.0,1.0
460,566.0,2.9004464196097453,8.741001233223674e-08,0.6025008050125811,0.0399477469733289,0.10630635678709796,1.0,1.0
461,569.0,5.823141077792231,1.5564029101926405e-08,1.1083972629146888,1.0476470034025689e-08,0.013017606322157293,1.0,1.0
462,570.0,5.8134231370213225,1.5639388618101174e-08,1.7507328445842305,1.0367432181144641e-08,0.02101063700314993,1.0,1.0
463,571.0,1.000000014296694,3.771920672030307e-08,2.4010449252697055e-08,0.020277204460237654,0.018455345218611786,1.0,1.0
464,573.0,4.888287260666115,9.099521361350299e-08,0.17234934694335308,0.06225122102122597,0.0002268415039751495,1.0,1.0
465,574.0,7.743770548639421,1.6629362152854056e-08,2.7276566793409356,1.0365288356672418e-08,1.0206188068334607e-08,1.0,1.0
466,575.0,6.271402045112142,3.257459005332015e-08,2.9999997930861837,1.628961799100808e-08,0.15714615999330048,1.0,1.0
467,576.0,6.2608970014879555,1.6634272068435374e-07,1.0270623434343276,1.8753420951833757e-08,1.7044611099600305e-08,1.0,1.0
468,577.0,6.091663034244941,3.6314784847004084e-08,2.8562336235314447,1.3439382391709925e-08,0.08315836065458307,1.0,1.0
469,578.0,6.373387393285548,1.6011052316431498e-08,1.406440011016728,1.033942304473845e-08,0.01250016894080052,1.0,1.0
470,579.0,6.408725844327833,2.493247814952655e-07,0.6129691497933847,2.2623265577686527e-08,0.008557962000385154,1.0,1.0
471,580.0,6.602222073548908,3.2623372575168405e-08,1.4568633867356922,1.1709557346211636e-08,0.0006695264674423785,1.0,1.0
472,581.0,5.507455994675901,1.3015296044089984e-07,1.325045471543222,0.07070087822980248,0.11297837021408486,1.0,1.0
473,582.0,5.29700195155545,1.5457959883439233e-08,0.9390645447883356,1.0901516546838454e-08,0.004542361678511022,1.0,1.0
474,583.0,4.863542341384249,7.958570700121278e-08,1.1257007683753382,1.6942732563624804e-08,2.297242424492311e-08,1.0,1.0
475,584.0,6.245989826315836,2.7612773811204543e-08,0.7817780865953935,2.0303520092573783e-08,0.08735601392895836,1.0,1.0
476,585.0,1.8633297799321515,3.445145382581477e-07,2.159176370686716e-07,0.262043322565567,0.1839040179689879,1.0,1.0
477,586.0,8.392283529443702,3.3418837930758133e-07,1.165292904266876,1.4627858980071813e-08,2.1982076103258927e-08,1.0,1.0
478,587.0,6.775214885219609,2.3015191994884668e-07,0.7218121779492905,1.9875087205131788e-08,0.019755863441374134,1.0,1.0
479,589.0,7.54088540824035,9.297974766411234e-08,0.4299901087002326,1.5970369940542488e-08,0.049833931918195386,1.0,1.0
480,590.0,1.0421073420395628,1.626222275889168e-08,2.4926558050611443e-08,1.0623856581132864e-08,0.0035257993872549365,1.0,1.0
481,591.0,4.382470988878302,3.654882118360768e-08,1.142100456671923e-07,0.031174702851948694,1.674448385392509e-08,1.0,1.0
482,592.0,7.140821212580085,3.089421418667389e-08,0.07998621663722404,0.035889647962204896,0.0034853286142475055,1.0,1.0
483,593.0,6.45914467491531,1.3300184337979086e-07,0.7851007306045833,0.07606336262641794,0.1329917211150676,1.0,1.0
484,594.0,7.674121051453515,1.2026332366663214e-07,0.5545106282918816,0.009423896944495325,0.07989849164644364,1.0,1.0
487,598.0,6.657653602297361,1.0062653917119085e-07,2.2954700049390877,1.3820227211449058e-08,4.711154917436882e-08,1.0,1.0
488,599.0,4.508301881304732,9.037630623729439e-08,0.8715178813228585,9.094551728788807e-08,2.558142459968318e-08,1.0,1.0
489,602.0,5.6427289407392145,1.3825129848385183e-07,0.846115575687561,2.108202013077201e-08,2.474798319579035e-08,1.0,1.0
492,605.0,7.32369164534921,1.1603466152205668e-07,0.06641342399975259,0.08890116492420566,0.14004671276766698,1.0,1.0
493,606.0,8.855436261991537,1.1842716880071326e-07,4.640954121765528e-08,0.01656109359797783,0.0804535052685036,1.0,1.0
494,607.0,7.411645297592501,0.42235190552780455,5.689681884861567e-07,0.07432127298905203,0.07692366010894723,1.0,1.0
495,610.0,5.162432522513623,0.19941722457866395,1.448404982913691e-07,0.20190914817602035,0.025030495688977288,1.0,1.0
496,611.0,5.687498831830315,3.131661317818528e-08,0.9500197777820671,1.0250633181807895e-08,1.121406759953507e-08,1.0,1.0
497,612.0,5.215876388951493,1.2334498717214894e-08,2.999999995250334,1.0260628018828985e-08,0.029618451532518356,1.0,1.0
498,614.0,3.9023771250652883,1.4342580157201582e-07,0.0841822516211108,2.3056978987132242e-08,1.7645727593816908e-08,1.0,1.0
499,615.0,4.0126338970270155,1.3538385649775721e-08,1.597191742668809,1.0747068214392343e-08,0.029094911364906946,1.0,1.0
500,616.0,6.2158100764270285,3.172684100993217e-08,0.2415850039140733,0.012591169557574427,1.4449507979554223e-08,1.0,1.0
501,617.0,6.325921170102884,1.1265479658872313e-07,0.9083100763882828,2.282521820651999e-08,6.683854832192527e-08,1.0,1.0
503,619.0,6.953675592192925,2.0557830358074493e-07,1.3202600636728774,0.026289187692699174,0.041386681562187534,1.0,1.0
504,620.0,6.76250059915963,1.4948894767528393e-08,0.7818277009196936,1.051936982194344e-08,0.0627914491534513,1.0,1.0
505,621.0,6.980554411666198,2.4189882671067816e-07,0.19211047048236327,0.0585416193336189,0.027819360787798876,1.0,1.0
506,622.0,6.926724157272977,1.1950880345559053e-07,0.6383530665069276,0.12630517924198092,0.11524797639274002,1.0,1.0
507,623.0,5.135201385925641,2.774724559891752e-08,1.660477763450647,1.1754356264049386e-08,0.011719567918887754,1.0,1.0
508,624.0,6.025574432913607,3.604311531323682e-08,5.082471854987445e-07,1.3377606291769336e-08,3.484085946364306e-08,1.0,1.0
509,625.0,6.1503250179179565,3.559130411258231e-08,0.44092407142637213,0.019401371291087814,0.008632012596244232,1.0,1.0
510,626.0,6.011738110668905,1.7506122940676057e-08,1.374432285093795,1.0379883031165806e-08,1.0233409218931336e-08,1.0,1.0
512,629.0,6.888260459238303,2.1567186654242223e-08,1.522930613043317,1.0282791089945995e-08,0.11202279116966504,1.0,1.0
513,630.0,5.727583912206031,1.3547332279820776e-07,0.5326392670918199,0.028742838676353338,0.02270040243889216,1.0,1.0
514,631.0,6.7473771813716015,3.423048060622642e-08,2.99999980862065,1.21528749696171e-08,0.027742695500935673,1.0,1.0
515,632.0,6.126830079740453,7.440410664881417e-07,1.3332938402451326,0.06879118084323875,0.10084833043258241,1.0,1.0
516,633.0,4.143600922231849,1.357317592178531e-08,1.3021928348806577,1.0282957202140644e-08,1.0330254178607494e-08,1.0,1.0
517,634.0,5.154591036970835,1.7800991556516608e-05,2.2755459459267053e-07,0.2747469746988843,0.4329506946570946,1.0,1.0
518,635.0,5.589902652019012,1.8961705762512854e-07,2.0547583765115855,2.9826471371755964e-08,2.365026241937569e-08,1.0,1.0
519,636.0,8.168308738417387,0.5311678767682718,4.0502532967646136e-08,0.016814201746754902,0.025414930764813062,1.0,1.0
520,637.0,8.858611281150091,6.82119695171006e-07,0.40731318550297824,0.019998588567257006,0.03764438605285119,1.0,1.0
521,638.0,5.300193128549538,1.5520687651158031e-07,1.085256847295676,2.5965385767966397e-08,2.092103963335027e-08,1.0,1.0
522,639.0,3.7419775385912364,2.2182692646283944e-07,5.476643333290637e-07,0.4475889101419552,0.49083967117587174,1.0,1.0
523,640.0,4.489796578077144,0.16356954315969374,3.877444052881557e-08,0.06076348837825946,0.0199774254922778,1.0,1.0
524,641.0,6.605620046584715,7.951237506466404e-08,8.581594184307342e-08,5.936553435309065e-08,0.06825764147880832,1.0,1.0
526,643.0,6.764173064996972,1.757562358508476e-08,0.8029768791590628,1.0404382059077293e-08,0.015690147043234765,1.0,1.0
527,644.0,5.047819908014135,3.450250457146906e-08,0.02407038190284528,0.22603928872257134,0.2369342699790434,1.0,1.0
528,645.0,4.402963770820586,0.275146418927029,1.5664801453755253e-08,1.0450978328833521e-08,0.028960376752270672,1.0,1.0
529,647.0,6.975723383503785,5.504082244037281e-08,0.9135523236802637,1.1134630896197752e-08,1.1821023345893383e-08,1.0,1.0
530,648.0,6.5522290525502545,4.020986048548285e-08,1.4437232837441487,1.2994300713675137e-08,0.042863104210431185,1.0,1.0
531,649.0,8.255392408135537,3.543164846847332e-07,5.256365997990646e-07,0.030535247754623785,1.6236045378781294e-08,1.0,1.0
532,651.0,4.276789309684661,1.0218139958840996e-07,2.751238442273442,4.0728334391722384e-08,2.5840502584625495e-08,1.0,1.0
534,654.0,5.072082023955948,1.2331363634006334e-07,2.7488458753387164,1.5958169543707207e-08,3.772367060777014e-08,1.0,1.0
535,655.0,6.357150501680365,1.743903107671755e-07,0.07552729336513928,1.8927851336088927e-08,3.789360065389674e-08,1.0,1.0
536,656.0,8.344558965687966,1.3291700058290766e-07,0.3103861431743734,0.05585375972229773,0.2717338106196087,1.0,1.0
537,657.0,8.478324234118137,2.7900360520905826e-07,0.8755992834049244,0.17240623573206326,0.08917412422372004,1.0,1.0
538,658.0,4.901556223777307,1.4722574749299637e-07,1.309140661648773,0.07890189843425563,0.20409346277543816,1.0,1.0
539,659.0,6.122677669347905,5.9423734225139416e-08,1.7770034999864506,1.1190642078301493e-08,0.0026736778557872164,1.0,1.0
541,661.0,4.298897477292928,8.20164485297929e-07,0.9584363524890316,0.12546065167784246,0.20259664207881387,1.0,1.0
542,662.0,5.48235228284544,2.0752262112710844e-07,0.33092598141593366,2.3388289797564486e-08,2.2903661211137817e-07,1.0,1.0
543,663.0,4.588528868362569,0.3412186275629473,2.5162641014830375e-08,1.0568032031918679e-08,1.2386867351029999e-08,1.0,1.0
544,664.0,6.199888650257357,1.5636320974748408e-08,1.3139256969013624,1.0562040526717749e-08,0.1566092850949773,1.0,1.0
545,665.0,7.870045661079331,0.09530236600258091,0.49157852356808013,0.01836865722039307,0.15231956635221655,1.0,1.0
548,668.0,3.8072090193717845,3.4173165975037644e-07,1.543984785144267e-07,0.03813569372945092,0.06089305844015965,1.0,1.0
549,669.0,5.304091111453123,3.0508765902763434e-08,2.794640424949765,1.28211026686868e-08,0.10839669990237726,1.0,1.0
550,670.0,1.0000000062575154,1.5860481689386076e-08,1.7586990569984022e-08,0.01069830818350803,0.003877538607921417,1.0,1.0
552,673.0,8.025498541863398,2.3079376050166987e-08,0.5881096382524443,1.0678505311683697e-08,0.07082550044806817,1.0,1.0
553,674.0,5.0223670230350175,2.999999726051224,1.2363178304180888,0.4999999926009267,0.4999999981812193,1.0,1.0
554,675.0,3.262774803986684,1.6102022094321195e-07,1.3500609164130841,1.810249887521392e-08,1.6243448052644414e-08,1.0,1.0
555,676.0,6.795722069035695,4.356209465740371e-08,2.749841309862795,1.2241853994416372e-08,0.16995138271211424,1.0,1.0
556,677.0,4.671132480852969,1.3014292694357787e-08,1.4556179137319352,1.0394026418909774e-08,0.0058457649045260745,1.0,1.0
558,681.0,7.108790585984031,2.1519943401803381e-07,1.8850923434134903,1.639015424807894e-08,2.1290793486532736e-08,1.0,1.0
559,682.0,7.380463543301676,3.1813632630955547e-07,1.366695458506491,0.199801590467857,0.15157958912642774,1.0,1.0
560,683.0,6.75094075430607,1.96790511847306e-07,1.2843085266971563,2.2584185442585083e-08,0.1388838513230124,1.0,1.0
562,685.0,4.476818414616392,7.519806712065233e-08,0.37325930291441173,0.11121890551926719,0.015874214265538665,1.0,1.0
564,687.0,7.041718840779892,1.6553974755287727e-08,1.0024644231322544,1.0871043947271384e-08,1.0626566536839338e-08,1.0,1.0
566,689.0,5.008039318138117,2.4023458889287474e-08,2.719000773202863e-08,1.0321710619965515e-08,1.0310497348721864e-08,1.0,1.0
567,690.0,6.456377055630053,1.5983145295786352e-07,0.44387273691103685,0.16013743851627774,0.20405812699222234,1.0,1.0
568,691.0,8.748838152800689,2.2000403393526596e-07,0.06826308958299464,1.5237770568754758e-08,1.77863153949203e-08,1.0,1.0
570,693.0,4.876704879403245,1.5790933593379072e-08,2.9999999910785524,1.1481134115314457e-08,0.00035277692079084907,1.0,1.0
572,695.0,4.583398748862013,7.983872833541386e-08,1.0080973639167463,1.6310484559933248e-08,1.892377194660694e-08,1.0,1.0
574,698.0,4.747149053407616,6.221056704591299e-08,2.9999999251795413,1.4803849693982236e-08,0.040613071085665885,1.0,1.0
576,700.0,3.2392605416561113,9.497294407028999e-08,1.5557497026044014,1.5394274537382137e-08,1.7868925392714675e-08,1.0,1.0
578,702.0,5.192743821811383,3.7546471519537345e-08,0.6743414344830069,0.04064136985144266,0.09129080959708553,1.0,1.0
579,703.0,7.474485240193644,8.084872682713407e-07,0.11137397302998318,0.13419101560063232,0.17737763773612758,1.0,1.0
581,706.0,5.543894916930313,3.143720208420981e-08,0.8555869529728899,1.2295278573294821e-08,0.016595111944742003,1.0,1.0
582,707.0,3.048650675044446,0.00011626406224474962,3.458101294396955e-07,0.19684944886884242,0.3096637028009965,1.0,1.0
583,708.0,4.849958757746633,8.668164210055346e-08,0.20170286232489212,1.689027098506815e-08,1.662059329859344e-08,1.0,1.0
584,709.0,6.529404581641249,1.2405046808634665e-07,2.3222391145586525,0.09582878092659246,0.1893723419633446,1.0,1.0
585,710.0,4.560488031019069,3.349020324133255e-08,2.9999997573934554,2.8304387907241618e-08,0.05527167545573071,1.0,1.0
586,711.0,7.552880902816108,4.92481602566198e-08,0.7526063371870247,0.008134414939820655,1.2625285563431284e-08,1.0,1.0
587,712.0,9.999998851020404,4.55581661955111e-07,5.799687788552249e-06,0.15193041382088246,0.162918676887434,1.0,1.0
588,713.0,1.0000000323830127,2.6162710143060044e-08,4.976826681365891e-08,0.011152477458979569,1.2021208572979278e-08,1.0,1.0
589,715.0,5.267431351685641,4.954693685459365e-07,0.42538595105382104,0.007092293686234383,1.1648895045937283e-07,1.0,1.0
590,716.0,5.523803192960313,2.654711226091759e-08,2.325022005364371,1.2592550295780326e-08,0.0075556830102675564,1.0,1.0
591,717.0,7.460389495995355,1.3243039434552142e-07,1.2024668213971232,1.2630379269023328e-08,0.021926681677529508,1.0,1.0
592,718.0,5.75447890014506,2.2478766485269613e-08,0.0785568783756646,0.01819030886461231,0.001038293879359556,1.0,1.0
593,719.0,5.055995684381326,2.410934446183006e-07,0.20617555498459708,2.3358532775212022e-08,1.9887225757689146e-08,1.0,1.0
595,721.0,6.9332171781790555,4.8542470671438785e-08,0.5604758531794294,0.015402120321713444,0.07329126485680998,1.0,1.0
596,723.0,6.333169198117885,4.216568647523203e-08,1.295307584442362e-07,0.06816187011487146,1.5007072626016203e-08,1.0,1.0
597,724.0,6.483209387200728,3.2270940415794517e-08,0.598022524978749,0.0033658019496011706,0.04051165555896424,1.0,1.0
598,726.0,5.339737337971973,1.3802348183752388e-08,0.7340955353322942,1.0427263025577641e-08,0.01618762792830752,1.0,1.0
599,727.0,7.287324004627635,1.7056959409324184e-07,1.7509492858896425,0.03473643336564266,0.05261235738423414,1.0,1.0
600,728.0,6.212581119630023,3.306488798740975e-08,0.5713492719269526,1.43506724238643e-08,0.028108976897811704,1.0,1.0
601,729.0,5.6645948316596675,1.6778003812148413e-07,0.08162961059261173,1.1986128479775952e-08,1.5098592717904942e-08,1.0,1.0
602,730.0,8.25217492964112,1.903542366795266e-07,1.992874482841579,1.7408186644039257e-08,0.028807682262646947,1.0,1.0
603,731.0,5.297182750717677,7.070979667500434e-08,2.1776404485899508,1.3259524415498428e-08,4.712152775410559e-08,1.0,1.0
604,732.0,8.798848310621752,1.5719086988334278e-07,0.4550676319054079,0.14246711747012467,0.1626464267020141,1.0,1.0
605,733.0,9.097831821314717,4.255075881441901e-06,0.5374740263462541,0.2907518210780787,0.3253575325556316,1.0,1.0
606,734.0,9.016044020547863,3.843408504726129e-08,0.6450690547800599,0.028001954494855562,0.12037353262905226,1.0,1.0
607,735.0,6.443483467028185,7.20451093334259e-08,0.6788659649209533,1.1223308861208397e-08,0.043055183797744846,1.0,1.0
608,736.0,7.253714573346934,1.1480597459802814e-07,0.2916354725666969,1.88371550572152e-08,0.00413611357148776,1.0,1.0
609,737.0,6.6460912917256225,1.4730839586726744e-07,0.36222340429462596,2.1113395825136354e-08,0.13136249581460416,1.0,1.0
611,739.0,6.913647371099143,1.0841894199903178e-07,1.5795394099960027,0.16294281923523343,0.04311638451765679,1.0,1.0
612,741.0,7.558288057215633,9.015068337754344e-07,1.105912193806884,0.06214741051076696,0.11083375113145978,1.0,1.0
613,742.0,3.302882564895399,0.22064318370601946,1.410035980947942e-07,0.2642898609146316,0.41146373758054466,1.0,1.0
614,743.0,7.648806460658731,1.8536653090720883e-07,0.9938433379708835,0.13159903261578124,0.25338828098855964,1.0,1.0
615,744.0,5.406739528232307,3.5223487908194295e-08,0.6069589285235371,0.005749729899054279,0.0474879317125604,1.0,1.0
616,745.0,5.9867198891903515,1.0516336990653044e-07,0.44881210343210703,0.040242120242865165,0.12104633821810787,1.0,1.0
617,746.0,5.436070255253823,2.7925999790025087e-08,0.35233267492265513,0.03353268097675765,1.6460476046680323e-08,1.0,1.0
618,747.0,5.423215067896649,2.200280112322845e-07,0.2808662379697883,0.14369940798481062,0.27457492820085905,1.0,1.0
619,748.0,6.131357808243378,1.4953615254109298e-08,0.10009394258579747,1.0712091523060933e-08,0.04112460769385915,1.0,1.0
620,749.0,2.8301640060276174,3.6530982621694074e-07,1.369948521107291e-07,0.3543846493598755,0.2354385570437312,1.0,1.0
621,750.0,8.541346233616977,5.852542378634668e-08,0.24867312589509416,0.025055467171332297,0.16102212084882314,1.0,1.0
622,751.0,5.595720295882809,1.3503748812542611e-08,1.6263548056599428,1.0388840305602443e-08,0.052858538988131476,1.0,1.0
623,752.0,5.353373865947523,1.3709457143033898e-07,2.4350246272128,0.028988455601295385,0.10608065110873177,1.0,1.0
624,753.0,5.699504053052935,6.799257778769972e-08,0.41618257057902935,1.755470352793657e-08,0.0009141808429404714,1.0,1.0
625,754.0,6.9161100343341895,1.0298696221079532e-07,0.5193226055689093,1.1726414784182694e-07,0.005600061029030168,1.0,1.0
626,755.0,5.057143679327512,1.7453786375604488e-08,0.7787758418364564,1.0311651957337301e-08,1.1230407788190861e-08,1.0,1.0
628,757.0,7.183407390317318,1.2865434741947996e-07,0.49295978996988715,1.991510359141594e-08,2.4493284992354133e-08,1.0,1.0
629,758.0,7.379039350925753,2.0979569835374068e-07,0.5790487006966276,0.057879151530752876,0.06362392090694437,1.0,1.0
630,760.0,6.787001142722897,0.19041854437019756,7.051647972911797e-07,0.1359536093426562,0.015237263360631652,1.0,1.0
632,763.0,6.080495330492111,2.249568710693232e-08,0.3550242886609313,1.0518889230976644e-08,1.061678909242417e-08,1.0,1.0
633,764.0,5.546244464077093,1.7201344436795997e-07,0.6243279957507529,1.5336663296579053e-08,1.7164870056889724e-08,1.0,1.0
636,767.0,2.353951292447711,2.9928084331257296e-08,0.7786381478261122,0.01711213227455036,0.07697975168245519,1.0,1.0
637,768.0,7.720205830010003,2.1463487017484596e-07,0.9997331150174101,0.00993553432521596,0.11395570825484168,1.0,1.0
638,769.0,6.206813143276907,3.138642882854786e-08,1.9756232883664009,1.1250276501634478e-08,0.023142112647694668,1.0,1.0
639,770.0,5.4450053564219285,3.895127405129301e-06,0.917731571503047,0.020871087846774366,0.12210381809823685,1.0,1.0
642,773.0,5.0180465931571625,1.457271872673736e-07,0.2766996542680846,0.020070092983280465,0.15493940433650535,1.0,1.0
643,777.0,7.123484392473956,1.1377011186468098e-07,1.477733679323052,0.09235336941298587,0.09186975977871963,1.0,1.0
644,778.0,3.050782404801293,7.80619481956097e-08,0.625605017707709,0.49109338240134204,0.49999998637677545,1.0,1.0
645,779.0,6.424405359837796,1.0925573902291972e-07,0.7606186488882004,2.7098473448419723e-08,0.14486453982888023,1.0,1.0
647,781.0,6.70937482320613,1.4747320919416493e-08,0.27455859818921247,1.1173498997427808e-08,1.1195732054450589e-08,1.0,1.0
648,782.0,6.023944789833596,1.6280066715550735e-08,1.015682399246235,1.0359891831378319e-08,0.035737501099959074,1.0,1.0
649,783.0,6.158908553252153,1.582863997391965e-07,0.33687687431569624,0.10010177564201554,0.10155328087201781,1.0,1.0
650,784.0,7.843830694975063,4.750890129598861e-08,2.1295799962435877,0.014046973114478455,0.03427416381546329,1.0,1.0
651,785.0,6.542538228198417,1.0155220483333884e-07,0.7354637951381591,0.03237732898522548,0.06905013870444315,1.0,1.0
652,788.0,4.432368065037408,1.3771003018112247e-08,1.6691518533852667,1.0318763170726765e-08,1.1171659946907948e-08,1.0,1.0
653,789.0,4.492215025728554,2.7857042817885167e-08,0.5179416837270688,4.375424436732776e-08,0.06685121350148956,1.0,1.0
654,790.0,6.31661043133236,4.695127649223252e-08,0.18852329298832773,0.021543075920130838,0.04688001903897782,1.0,1.0
656,792.0,6.592621574378476,1.5217588752091453e-07,0.8636290123220797,0.057007141604861075,0.10385260033736964,1.0,1.0
